external_id,full_name,email,phone,country,city,signup_at,status,consent_marketing,deleted_at,suppressed_until,brand_code,notes
CT-200303,Isaac Cheruiyot,james.otieno.delta2804@vg-eval.test,254-725-294740,KE,Nakuru,2026-08-30T04:33:59Z,active,true,,,KILELE,
CT-070368,Pieter Wanjiru,brian.zahra.delta2170@vg-eval.test,025738257639,KE,Machakos,2026-04-06T10:41:34Z,active,false,,,KILELE,corrected in Sept export
CT-022456,Isaac Tazi,caroline.wafula.delta853@vg-eval.test,+254 721 913 662,KE,Nairobi,2026-03-15T11:42:43Z,active,false,,,KILELE,corrected in Sept export
CT-201610,Mercy Wafula,grace.alaoui.delta4111@vg-eval.test,+254 703 521 915,KE,Nakuru,2026-08-17T18:18:01Z,active,false,,,KILELE,
CT-201400,Grace Mokoena,nomsa.kamau.delta3901@vg-eval.test,0725611533,KE,Nyeri,2026-08-20T16:39:35Z,active,true,,,KILELE,
CT-002984,Fatima Nkosi,kevin.cheruiyot.delta131@vg-eval.test,025730999302,KE,Kisumu,2026-03-03T03:17:50Z,active,false,,,KILELE,corrected in Sept export
CT-072870,Salma Odhiambo,karim.benali.delta1749@vg-eval.test,0724640736,KE,Machakos,2026-02-08T00:46:49Z,active,false,,,KILELE,corrected in Sept export
CT-076449,Rose Zahra,simon.tazi.delta1636@vg-eval.test,025708343154,KE,Thika,2026-02-26T21:28:36Z,active,true,,,KILELE,corrected in Sept export
CT-200413,Rose Kamau,grace.benali.delta2914@vg-eval.test,025720127231,KE,Mombasa,2026-08-04T02:00:04Z,active,true,,,KILELE,
CT-074105,Faith Odhiambo,diana.naidoo.delta238@vg-eval.test,254-709-392834,KE,Nairobi,2026-03-01T12:36:11Z,active,true,,,KILELE,corrected in Sept export
CT-078804,Michael Haddad,karim.naidoo.delta2231@vg-eval.test,254-712-766360,KE,Nakuru,2026-03-04T11:53:14Z,active,false,,,KILELE,corrected in Sept export
CT-200873,Caroline Mwangi,mercy.alaoui.delta3374@vg-eval.test,025705157676,KE,Nairobi,2026-08-26T04:03:06Z,active,false,,,KILELE,
CT-065665,James Mokoena,nancy.berrada.delta1010@vg-eval.test,025716972914,KE,Nakuru,2026-01-27T14:08:20Z,active,true,,,KILELE,corrected in Sept export
CT-045546,Dennis Otieno,george.njoroge.delta851@vg-eval.test,254-734-005091,KE,Kisumu,2026-01-16T14:18:23Z,active,true,,,KILELE,corrected in Sept export
CT-072588,Kevin Benali,yassine.njoroge.delta266@vg-eval.test,025708257963,KE,Kisumu,2026-03-10T09:30:40Z,active,true,,,KILELE,corrected in Sept export
CT-007405,George Mutua,grace.wanjiru.delta1713@vg-eval.test,025728350311,KE,Thika,2026-03-21T22:03:18Z,active,true,,,KILELE,corrected in Sept export
CT-201338,Rose Kamau,thandi.pretorius.delta3839@vg-eval.test,+254 700 466 261,KE,Malindi,2026-08-24T19:26:32Z,active,true,,,KILELE,
CT-034606,Sipho Alaoui,yassine.benali.delta1783@vg-eval.test,025701617027,KE,Malindi,2026-03-02T11:28:27Z,active,true,,,KILELE,corrected in Sept export
CT-200295,Grace Pretorius,faith.cheruiyot.delta2796@vg-eval.test,254-708-369450,KE,Nairobi,2026-08-27T05:42:59Z,active,false,,,KILELE,
CT-200378,David Alaoui,caroline.wafula.delta2879@vg-eval.test,+254 711 569 261,KE,Eldoret,2026-08-08T04:22:48Z,active,true,,,KILELE,
CT-021457,Pieter Alaoui,joan.mutua.delta101@vg-eval.test,025721484027,KE,Malindi,2026-03-11T18:24:26Z,active,false,,,KILELE,corrected in Sept export
CT-200479,Mercy Fassi,joan.dlamini.delta2980@vg-eval.test,254-729-027415,KE,Nyeri,2026-08-07T01:18:07Z,active,true,,,KILELE,
CT-013207,Sipho Nkosi,daniel.vermeulen.delta493@vg-eval.test,+254 721 618 859,KE,Thika,2026-01-10T03:01:50Z,active,true,,,KILELE,corrected in Sept export
CT-041807,Joan Berrada,omar.cheruiyot.delta1273@vg-eval.test,+254 711 627 124,KE,Eldoret,2026-03-28T18:42:41Z,active,true,,,KILELE,corrected in Sept export
CT-013869,Ann Nkosi,mary.mutua.delta346@vg-eval.test,254-719-288810,KE,Kisumu,2026-04-11T15:52:34Z,active,true,,,KILELE,corrected in Sept export
CT-201079,Paul Pretorius,pieter.kiptoo.delta3580@vg-eval.test,254-709-761923,KE,Machakos,2026-08-28T19:33:26Z,active,false,,,KILELE,
CT-201372,Ann Njoroge,alice.dlamini.delta3873@vg-eval.test,0706853598,KE,Nairobi,2026-08-08T00:26:44Z,active,true,,,KILELE,
CT-069648,Victor Elidrissi,sipho.naidoo.delta67@vg-eval.test,+254 707 103 247,KE,Machakos,2026-01-19T01:21:14Z,active,false,,,KILELE,corrected in Sept export
CT-022544,Lucy Cheruiyot,dennis.dlamini.delta666@vg-eval.test,254-706-628968,KE,Kericho,2026-01-26T00:49:50Z,active,true,,,KILELE,corrected in Sept export
CT-200728,David Kiptoo,daniel.elidrissi.delta3229@vg-eval.test,0700920626,KE,Nakuru,2026-08-08T05:13:42Z,active,false,,,KILELE,
CT-020255,Lerato Haddad,isaac.kamau.delta989@vg-eval.test,025706630212,KE,Malindi,2026-02-25T16:22:44Z,active,false,,,KILELE,corrected in Sept export
CT-201109,Alice Kimani,grace.kiptoo.delta3610@vg-eval.test,025714431938,KE,Nairobi,2026-08-19T00:02:54Z,active,false,,,KILELE,
CT-038541,Diana Kamau,victor.dlamini.delta1551@vg-eval.test,+254 738 100 929,KE,Nyeri,2026-02-20T05:23:34Z,active,true,,,KILELE,corrected in Sept export
CT-200438,Rose Zahra,pieter.otieno.delta2939@vg-eval.test,+254 724 489 004,KE,Kericho,2026-08-15T19:34:17Z,active,true,,,KILELE,
CT-200732,Esther Mutua,amina.fassi.delta3233@vg-eval.test,0706897940,KE,Eldoret,2026-08-12T13:07:59Z,active,false,,,KILELE,
CT-027810,Mary Njoroge,zanele.haddad.delta461@vg-eval.test,025726072447,KE,Malindi,2026-01-24T21:32:36Z,active,true,,,KILELE,corrected in Sept export
CT-201366,Ann Pretorius,sipho.otieno.delta3867@vg-eval.test,+254 728 821 136,KE,Nakuru,2026-08-10T20:45:34Z,active,true,,,KILELE,
CT-071595,David Njenga,james.mwangi.delta1206@vg-eval.test,+254 713 187 177,KE,Nyeri,2026-03-29T09:18:41Z,active,false,,,KILELE,corrected in Sept export
CT-200218,Grace Tazi,rose.wafula.delta2719@vg-eval.test,+254 700 077 486,KE,Eldoret,2026-08-15T01:47:24Z,active,true,,,KILELE,
CT-200276,Dennis Nkosi,faith.benali.delta2777@vg-eval.test,0704388487,KE,Eldoret,2026-08-28T06:53:32Z,active,false,,,KILELE,
CT-014355,Johan Kimani,pieter.achieng.delta1492@vg-eval.test,0716070473,KE,Machakos,2026-01-17T20:42:18Z,active,true,,,KILELE,corrected in Sept export
CT-004203,Paul Odhiambo,simon.alaoui.delta1091@vg-eval.test,0710532964,KE,Nyeri,2026-03-10T00:32:26Z,active,true,,,KILELE,corrected in Sept export
CT-201355,Peter Vermeulen,salma.mokoena.delta3856@vg-eval.test,254-716-019683,KE,Machakos,2026-08-29T18:56:35Z,active,true,,,KILELE,
CT-200139,Joan Naidoo,rachid.mokoena.delta2640@vg-eval.test,254-726-023888,KE,Eldoret,2026-08-25T00:19:45Z,active,false,,,KILELE,
CT-010248,Paul Otieno,lucy.barasa.delta1871@vg-eval.test,0709548630,KE,Malindi,2026-01-11T11:44:20Z,active,true,,,KILELE,corrected in Sept export
CT-076749,Esther Odhiambo,isaac.benali.delta395@vg-eval.test,+254 721 253 090,KE,Eldoret,2026-02-07T00:40:54Z,active,false,,,KILELE,corrected in Sept export
CT-201283,Esther Wanjiru,johan.naidoo.delta3784@vg-eval.test,254-708-457172,KE,Thika,2026-08-06T17:34:57Z,active,true,,,KILELE,
CT-201453,John Odhiambo,alice.berrada.delta3954@vg-eval.test,025735794016,KE,Nyeri,2026-08-08T22:11:55Z,active,true,,,KILELE,
CT-010317,Amina Tazi,nancy.fassi.delta2233@vg-eval.test,0724820720,KE,Kericho,2026-04-02T06:04:25Z,active,true,,,KILELE,corrected in Sept export
CT-200553,Sarah Wanjiru,omar.fassi.delta3054@vg-eval.test,025724881170,KE,Machakos,2026-08-10T21:42:27Z,active,true,,,KILELE,
CT-005075,James Fassi,mercy.wafula.delta1092@vg-eval.test,+254 725 086 304,KE,Nairobi,2026-02-22T21:09:55Z,active,false,,,KILELE,corrected in Sept export
CT-201421,Layla Achieng,john.barasa.delta3922@vg-eval.test,025723222711,KE,Nyeri,2026-08-21T11:06:52Z,active,true,,,KILELE,
CT-200478,Grace Wanjiru,pieter.cheruiyot.delta2979@vg-eval.test,+254 708 059 654,KE,Thika,2026-08-07T15:15:40Z,active,false,,,KILELE,
CT-017615,Ruth Kiptoo,lucy.odhiambo.delta440@vg-eval.test,0730068191,KE,Kisumu,2026-03-05T09:16:53Z,active,true,,,KILELE,corrected in Sept export
CT-010158,Sipho Odhiambo,fatima.otieno.delta681@vg-eval.test,0718043067,KE,Malindi,2026-02-10T18:03:38Z,active,true,,,KILELE,corrected in Sept export
CT-200511,Mary Mokoena,isaac.berrada.delta3012@vg-eval.test,254-722-171634,KE,Thika,2026-08-04T11:16:46Z,active,false,,,KILELE,
CT-200052,Rose Benali,nomsa.naidoo.delta2553@vg-eval.test,0728344887,KE,Eldoret,2026-08-23T15:38:21Z,active,false,,,KILELE,
CT-056869,Mary Mwangi,yassine.bennani.delta2421@vg-eval.test,025716970733,KE,Nakuru,2026-03-22T08:14:43Z,active,true,,,KILELE,corrected in Sept export
CT-032252,Victor Odhiambo,rachid.mwangi.delta974@vg-eval.test,+254 704 357 696,KE,Machakos,2026-02-17T19:25:52Z,active,true,,,KILELE,corrected in Sept export
CT-018376,James Okoth,lucy.tazi.delta1799@vg-eval.test,025712466588,KE,Malindi,2026-01-30T15:23:38Z,active,false,,,KILELE,corrected in Sept export
CT-039438,Johan Cheruiyot,george.kamau.delta941@vg-eval.test,025719947404,KE,Kisumu,2026-03-02T20:23:20Z,active,true,,,KILELE,corrected in Sept export
CT-065722,John Berrada,joan.kamau.delta1412@vg-eval.test,025725945261,KE,Eldoret,2026-01-01T07:23:36Z,active,false,,,KILELE,corrected in Sept export
CT-201096,Yassine Nkosi,victor.berrada.delta3597@vg-eval.test,0723711770,KE,Thika,2026-08-21T15:36:06Z,active,true,,,KILELE,
CT-201427,Nomsa Kimani,samuel.dlamini.delta3928@vg-eval.test,254-733-806197,KE,Machakos,2026-08-24T22:34:42Z,active,true,,,KILELE,
CT-201493,Mercy Zahra,james.wafula.delta3994@vg-eval.test,025704594059,KE,Kericho,2026-08-02T07:43:26Z,active,false,,,KILELE,
CT-201528,Mary Kamau,john.haddad.delta4029@vg-eval.test,0701733426,KE,Kisumu,2026-08-25T06:42:24Z,active,false,,,KILELE,
CT-020672,Dennis Elidrissi,james.mokoena.delta749@vg-eval.test,0725703191,KE,Eldoret,2026-01-09T01:21:40Z,active,false,,,KILELE,corrected in Sept export
CT-201524,Lucy Cheruiyot,simon.cheruiyot.delta4025@vg-eval.test,0700923407,KE,Eldoret,2026-08-02T12:51:42Z,active,false,,,KILELE,
CT-067884,Rachid Naidoo,john.naidoo.delta980@vg-eval.test,254-734-423269,KE,Kisumu,2026-01-11T02:37:31Z,active,false,,,KILELE,corrected in Sept export
CT-201123,Rose Tazi,rachid.kimani.delta3624@vg-eval.test,254-703-825444,KE,Kisumu,2026-08-09T21:10:41Z,active,true,,,KILELE,
CT-080113,Ruth Fassi,alice.pretorius.delta2461@vg-eval.test,025721251803,KE,Machakos,2026-01-06T02:37:59Z,active,false,,,KILELE,corrected in Sept export
CT-051551,Diana Kiptoo,daniel.elidrissi.delta657@vg-eval.test,+254 702 399 150,KE,Machakos,2026-04-09T21:08:51Z,active,true,,,KILELE,corrected in Sept export
CT-200571,George Njoroge,nancy.zahra.delta3072@vg-eval.test,254-728-994512,KE,Malindi,2026-08-05T16:29:57Z,active,true,,,KILELE,
CT-074977,Alice Odhiambo,faith.okoth.delta783@vg-eval.test,+254 717 678 585,KE,Malindi,2026-01-02T09:19:52Z,active,true,,,KILELE,corrected in Sept export
CT-076145,Lucy Benali,zanele.elidrissi.delta605@vg-eval.test,0707862039,KE,Mombasa,2026-01-06T22:18:30Z,active,false,,,KILELE,corrected in Sept export
CT-060851,Amina Haddad,mary.fassi.delta393@vg-eval.test,0710285475,KE,Eldoret,2026-01-05T10:11:04Z,active,true,,,KILELE,corrected in Sept export
CT-036758,Mary Okoth,sarah.naidoo.delta2089@vg-eval.test,+254 705 240 896,KE,Kisumu,2026-01-29T18:00:14Z,active,false,,,KILELE,corrected in Sept export
CT-022974,Michael Wanjiru,dennis.mutua.delta549@vg-eval.test,025716313568,KE,Eldoret,2026-03-02T14:38:19Z,active,true,,,KILELE,corrected in Sept export
CT-078657,Karim Kimani,brian.kiptoo.delta198@vg-eval.test,0706909603,KE,Machakos,2026-02-01T03:28:42Z,active,true,,,KILELE,corrected in Sept export
CT-200004,Yassine Cheruiyot,thandi.njenga.delta2505@vg-eval.test,0709637663,KE,Kericho,2026-08-21T01:44:56Z,active,true,,,KILELE,
CT-037341,Zanele Odhiambo,joan.barasa.delta897@vg-eval.test,025705604589,KE,Machakos,2026-03-07T19:03:30Z,active,true,,,KILELE,corrected in Sept export
CT-026709,Faith Bennani,peter.nkosi.delta650@vg-eval.test,+254 730 135 816,KE,Machakos,2026-02-26T19:28:43Z,active,false,,,KILELE,corrected in Sept export
CT-201308,Fatima Elidrissi,james.otieno.delta3809@vg-eval.test,0722422320,KE,Mombasa,2026-08-23T01:16:30Z,active,true,,,KILELE,
CT-001400,Peter Cheruiyot,peter.njoroge.delta2100@vg-eval.test,0721365980,KE,Mombasa,2026-03-21T21:09:20Z,active,true,,,KILELE,corrected in Sept export
CT-200013,James Okoth,pieter.bennani.delta2514@vg-eval.test,025737278406,KE,Nairobi,2026-08-29T17:31:44Z,active,false,,,KILELE,
CT-072925,Amina Naidoo,faith.kamau.delta367@vg-eval.test,025703549313,KE,Nakuru,2026-02-26T03:59:12Z,active,true,,,KILELE,corrected in Sept export
CT-057229,Fatima Tazi,nancy.haddad.delta839@vg-eval.test,0726566753,KE,Kericho,2026-03-27T23:38:29Z,active,false,,,KILELE,corrected in Sept export
CT-201506,Samuel Kiptoo,diana.otieno.delta4007@vg-eval.test,+254 725 810 422,KE,Malindi,2026-08-08T15:35:08Z,active,false,,,KILELE,
CT-004154,Kevin Dlamini,george.mutua.delta2465@vg-eval.test,0718652687,KE,Kericho,2026-03-27T15:24:06Z,active,true,,,KILELE,corrected in Sept export
CT-077240,Johan Pretorius,esther.haddad.delta1927@vg-eval.test,025707024901,KE,Eldoret,2026-04-04T09:24:06Z,active,false,,,KILELE,corrected in Sept export
CT-050314,Kevin Tazi,ann.achieng.delta1974@vg-eval.test,025712624889,KE,Nyeri,2026-01-02T09:36:36Z,active,true,,,KILELE,corrected in Sept export
CT-041021,Rachid Achieng,rose.barasa.delta2283@vg-eval.test,+254 733 105 941,KE,Kericho,2026-03-03T03:52:05Z,active,false,,,KILELE,corrected in Sept export
CT-039009,Brian Zahra,faith.mwangi.delta2029@vg-eval.test,0732989544,KE,Thika,2026-03-26T08:31:59Z,active,true,,,KILELE,corrected in Sept export
CT-056315,Caroline Pretorius,salma.bennani.delta582@vg-eval.test,0713592086,KE,Kisumu,2026-01-19T06:05:25Z,active,false,,,KILELE,corrected in Sept export
CT-200025,Alice Naidoo,grace.nkosi.delta2526@vg-eval.test,025728971150,KE,Nakuru,2026-08-08T11:26:41Z,active,true,,,KILELE,
CT-200945,Sipho Wafula,paul.zahra.delta3446@vg-eval.test,025704820141,KE,Kisumu,2026-08-14T14:31:05Z,active,false,,,KILELE,
CT-200628,Samuel Haddad,joan.benali.delta3129@vg-eval.test,0713343391,KE,Mombasa,2026-08-31T16:43:48Z,active,true,,,KILELE,
CT-015005,Kevin Kamau,thandi.nkosi.delta319@vg-eval.test,025708753378,KE,Kisumu,2026-03-07T14:02:09Z,active,true,,,KILELE,corrected in Sept export
CT-200492,Brian Nkosi,isaac.haddad.delta2993@vg-eval.test,0717824411,KE,Kisumu,2026-08-28T13:48:27Z,active,true,,,KILELE,
CT-200569,Victor Kimani,alice.njoroge.delta3070@vg-eval.test,025725199475,KE,Malindi,2026-08-11T00:27:47Z,active,true,,,KILELE,
CT-201678,Pieter Nkosi,peter.njoroge.delta4179@vg-eval.test,+254 707 458 863,KE,Nakuru,2026-08-28T02:14:13Z,active,true,,,KILELE,
CT-200788,Johan Wanjiru,pieter.achieng.delta3289@vg-eval.test,0710122926,KE,Nakuru,2026-08-14T10:01:26Z,active,false,,,KILELE,
CT-201157,George Achieng,fatima.kiptoo.delta3658@vg-eval.test,025710331059,KE,Mombasa,2026-08-20T21:58:56Z,active,true,,,KILELE,
CT-200529,Daniel Okoth,lerato.nkosi.delta3030@vg-eval.test,025732761135,KE,Nyeri,2026-08-03T21:22:41Z,active,true,,,KILELE,
CT-201184,John Mokoena,george.cheruiyot.delta3685@vg-eval.test,0736769577,KE,Kisumu,2026-08-24T16:34:50Z,active,true,,,KILELE,
CT-200278,Yassine Cheruiyot,john.dlamini.delta2779@vg-eval.test,+254 710 843 920,KE,Nakuru,2026-08-28T03:45:40Z,active,false,,,KILELE,
CT-071550,Daniel Fassi,layla.fassi.delta2155@vg-eval.test,025739776628,KE,Mombasa,2026-02-05T18:49:48Z,active,false,,,KILELE,corrected in Sept export
CT-024789,David Wafula,faith.njenga.delta769@vg-eval.test,+254 714 326 236,KE,Eldoret,2026-03-28T09:20:55Z,active,false,,,KILELE,corrected in Sept export
CT-201224,Kevin Mwangi,lucy.wafula.delta3725@vg-eval.test,0706317515,KE,Malindi,2026-08-28T04:58:12Z,active,false,,,KILELE,
CT-054980,Grace Mokoena,samuel.okoth.delta720@vg-eval.test,254-709-338830,KE,Malindi,2026-04-14T03:00:36Z,active,false,,,KILELE,corrected in Sept export
CT-021795,Isaac Pretorius,paul.nkosi.delta1670@vg-eval.test,0718460097,KE,Mombasa,2026-01-04T14:17:51Z,active,true,,,KILELE,corrected in Sept export
CT-201037,Diana Pretorius,nancy.wanjiru.delta3538@vg-eval.test,025727737754,KE,Malindi,2026-08-02T20:00:49Z,active,false,,,KILELE,
CT-201271,Karim Zahra,daniel.alaoui.delta3772@vg-eval.test,254-714-718346,KE,Machakos,2026-08-30T10:25:29Z,active,false,,,KILELE,
CT-201118,Caroline Elidrissi,simon.kimani.delta3619@vg-eval.test,+254 702 036 146,KE,Kisumu,2026-08-06T12:26:33Z,active,false,,,KILELE,
CT-200358,Simon Kamau,nomsa.benali.delta2859@vg-eval.test,+254 714 528 179,KE,Kericho,2026-08-05T19:35:02Z,active,true,,,KILELE,
CT-019069,Victor Berrada,john.alaoui.delta1180@vg-eval.test,+254 702 684 730,KE,Thika,2026-01-18T20:57:18Z,active,false,,,KILELE,corrected in Sept export
CT-029827,Michael Nkosi,daniel.kamau.delta640@vg-eval.test,025705543054,KE,Thika,2026-02-28T18:22:10Z,active,true,,,KILELE,corrected in Sept export
CT-023004,Joan Naidoo,salma.kimani.delta1325@vg-eval.test,025738478466,KE,Nyeri,2026-02-01T01:41:30Z,active,true,,,KILELE,corrected in Sept export
CT-064718,Zanele Okoth,rachid.haddad.delta344@vg-eval.test,0713356651,KE,Kericho,2026-03-05T21:41:45Z,active,false,,,KILELE,corrected in Sept export
CT-060761,David Mutua,amina.mutua.delta754@vg-eval.test,254-725-089371,KE,Mombasa,2026-02-26T18:44:21Z,active,false,,,KILELE,corrected in Sept export
CT-201398,Faith Kimani,lucy.naidoo.delta3899@vg-eval.test,+254 738 613 248,KE,Machakos,2026-08-08T06:46:08Z,active,true,,,KILELE,
CT-049202,Thandi Bennani,peter.cheruiyot.delta1970@vg-eval.test,025725944910,KE,Kisumu,2026-03-27T00:10:59Z,active,false,,,KILELE,corrected in Sept export
CT-200526,Yassine Njenga,grace.naidoo.delta3027@vg-eval.test,+254 721 140 984,KE,Eldoret,2026-08-04T10:27:38Z,active,false,,,KILELE,
CT-016345,Paul Kamau,grace.alaoui.delta586@vg-eval.test,+254 729 224 095,KE,Mombasa,2026-03-26T13:28:38Z,active,false,,,KILELE,corrected in Sept export
CT-029901,Samuel Pretorius,nancy.berrada.delta1059@vg-eval.test,0713637771,KE,Thika,2026-02-11T21:40:05Z,active,false,,,KILELE,corrected in Sept export
CT-057685,Mercy Kamau,george.barasa.delta1628@vg-eval.test,254-708-687219,KE,Malindi,2026-01-11T07:16:24Z,active,true,,,KILELE,corrected in Sept export
CT-042941,Ann Fassi,rose.mutua.delta712@vg-eval.test,254-730-836478,KE,Nakuru,2026-04-16T10:37:09Z,active,true,,,KILELE,corrected in Sept export
CT-200280,Sipho Pretorius,alice.njenga.delta2781@vg-eval.test,0706775328,KE,Malindi,2026-08-17T14:20:28Z,active,true,,,KILELE,
CT-201126,Omar Elidrissi,pieter.kamau.delta3627@vg-eval.test,+254 719 041 166,KE,Mombasa,2026-08-06T17:17:34Z,active,true,,,KILELE,
CT-010783,Caroline Mutua,esther.berrada.delta2312@vg-eval.test,025701437096,KE,Mombasa,2026-02-14T21:42:29Z,active,false,,,KILELE,corrected in Sept export
CT-200200,Johan Dlamini,karim.wafula.delta2701@vg-eval.test,0726677573,KE,Malindi,2026-08-19T04:01:47Z,active,false,,,KILELE,
CT-020450,James Barasa,paul.haddad.delta1855@vg-eval.test,025721533011,KE,Eldoret,2026-01-18T01:51:38Z,active,false,,,KILELE,corrected in Sept export
CT-048125,Simon Elidrissi,joan.barasa.delta372@vg-eval.test,+254 714 404 499,KE,Thika,2026-02-27T04:12:37Z,active,false,,,KILELE,corrected in Sept export
CT-033699,Pieter Kimani,mercy.barasa.delta721@vg-eval.test,+254 721 388 988,KE,Nyeri,2026-04-01T20:25:03Z,active,false,,,KILELE,corrected in Sept export
CT-051598,Thandi Mokoena,pieter.achieng.delta1938@vg-eval.test,+254 715 244 217,KE,Kisumu,2026-01-05T02:41:42Z,active,true,,,KILELE,corrected in Sept export
CT-070704,Pieter Dlamini,ruth.zahra.delta691@vg-eval.test,+254 732 830 594,KE,Mombasa,2026-03-20T00:09:05Z,active,true,,,KILELE,corrected in Sept export
CT-201481,Dennis Mokoena,zanele.odhiambo.delta3982@vg-eval.test,025716810556,KE,Nakuru,2026-08-17T07:23:03Z,active,false,,,KILELE,
CT-016542,Mercy Pretorius,david.vermeulen.delta1715@vg-eval.test,0723127793,KE,Eldoret,2026-01-03T10:54:50Z,active,false,,,KILELE,corrected in Sept export
CT-025051,Joan Mwangi,nancy.berrada.delta354@vg-eval.test,0727441215,KE,Kericho,2026-02-24T04:08:31Z,active,true,,,KILELE,corrected in Sept export
CT-200586,Zanele Okoth,john.nkosi.delta3087@vg-eval.test,+254 724 023 473,KE,Nyeri,2026-08-13T15:21:57Z,active,true,,,KILELE,
CT-201314,Grace Wafula,mercy.njoroge.delta3815@vg-eval.test,+254 702 769 363,KE,Kisumu,2026-08-11T01:42:03Z,active,false,,,KILELE,
CT-036604,Amina Wafula,johan.njenga.delta652@vg-eval.test,025716704374,KE,Machakos,2026-01-19T15:14:55Z,active,false,,,KILELE,corrected in Sept export
CT-058627,Diana Kamau,johan.njenga.delta1321@vg-eval.test,+254 726 284 313,KE,Kisumu,2026-01-26T08:34:50Z,active,true,,,KILELE,corrected in Sept export
CT-201186,Ruth Bennani,john.pretorius.delta3687@vg-eval.test,+254 711 217 203,KE,Eldoret,2026-08-05T05:48:49Z,active,false,,,KILELE,
CT-201112,Michael Njoroge,pieter.zahra.delta3613@vg-eval.test,0738275237,KE,Kericho,2026-08-23T11:53:58Z,active,false,,,KILELE,
CT-201072,Mercy Zahra,isaac.cheruiyot.delta3573@vg-eval.test,0719614557,KE,Eldoret,2026-08-16T08:46:41Z,active,true,,,KILELE,
CT-073756,Ruth Achieng,david.tazi.delta501@vg-eval.test,0707964503,KE,Thika,2026-04-01T12:31:24Z,active,false,,,KILELE,corrected in Sept export
CT-026054,Lucy Elidrissi,sipho.cheruiyot.delta476@vg-eval.test,0706844601,KE,Thika,2026-01-19T04:50:24Z,active,true,,,KILELE,corrected in Sept export
CT-201522,Omar Dlamini,peter.njoroge.delta4023@vg-eval.test,+254 713 917 932,KE,Kisumu,2026-08-10T15:43:40Z,active,true,,,KILELE,
CT-200133,Mary Kiptoo,victor.berrada.delta2634@vg-eval.test,025722157252,KE,Nairobi,2026-08-06T09:06:18Z,active,true,,,KILELE,
CT-200815,Ruth Dlamini,mercy.njoroge.delta3316@vg-eval.test,254-721-797019,KE,Nyeri,2026-08-08T10:22:23Z,active,true,,,KILELE,
CT-033971,Zanele Kimani,michael.cheruiyot.delta203@vg-eval.test,025737147402,KE,Kisumu,2026-02-09T00:55:15Z,active,true,,,KILELE,corrected in Sept export
CT-201387,Omar Mokoena,john.dlamini.delta3888@vg-eval.test,254-710-530069,KE,Nyeri,2026-08-11T23:30:29Z,active,true,,,KILELE,
CT-008251,Caroline Barasa,george.cheruiyot.delta2253@vg-eval.test,0710104245,KE,Kericho,2026-01-23T03:21:27Z,active,false,,,KILELE,corrected in Sept export
CT-200432,Paul Kimani,nomsa.elidrissi.delta2933@vg-eval.test,0715089315,KE,Machakos,2026-08-31T14:22:28Z,active,true,,,KILELE,
CT-027152,Pieter Nkosi,simon.mokoena.delta1203@vg-eval.test,0700949217,KE,Kericho,2026-04-15T09:55:20Z,active,false,,,KILELE,corrected in Sept export
CT-201008,Esther Njenga,david.elidrissi.delta3509@vg-eval.test,0727881116,KE,Nakuru,2026-08-13T09:39:09Z,active,false,,,KILELE,
CT-200116,Paul Elidrissi,joan.kiptoo.delta2617@vg-eval.test,0705592114,KE,Eldoret,2026-08-22T09:26:37Z,active,false,,,KILELE,
CT-038895,Simon Okoth,mary.mutua.delta1271@vg-eval.test,025733298140,KE,Machakos,2026-01-13T04:26:13Z,active,true,,,KILELE,corrected in Sept export
CT-017311,John Bennani,caroline.wafula.delta1406@vg-eval.test,254-711-638974,KE,Nyeri,2026-04-04T08:42:11Z,active,false,,,KILELE,corrected in Sept export
CT-012550,Nancy Tazi,rachid.mokoena.delta18@vg-eval.test,254-717-136017,KE,Nyeri,2026-04-17T10:48:03Z,active,true,,,KILELE,corrected in Sept export
CT-074115,Nomsa Elidrissi,layla.mokoena.delta1906@vg-eval.test,0721074801,KE,Machakos,2026-03-04T06:07:42Z,active,true,,,KILELE,corrected in Sept export
CT-022025,Caroline Fassi,ruth.njenga.delta1074@vg-eval.test,0717098282,KE,Kericho,2026-03-18T06:49:53Z,active,false,,,KILELE,corrected in Sept export
CT-200785,Dennis Kimani,mercy.nkosi.delta3286@vg-eval.test,025731402415,KE,Kisumu,2026-08-06T04:28:14Z,active,true,,,KILELE,
CT-200316,John Barasa,brian.njenga.delta2817@vg-eval.test,0707762023,KE,Malindi,2026-08-30T18:55:38Z,active,true,,,KILELE,
CT-200961,Thandi Kimani,yassine.alaoui.delta3462@vg-eval.test,025705075559,KE,Thika,2026-08-31T20:24:56Z,active,false,,,KILELE,
CT-072171,Simon Alaoui,peter.tazi.delta1222@vg-eval.test,0700992425,KE,Malindi,2026-02-27T01:31:36Z,active,true,,,KILELE,corrected in Sept export
CT-047262,David Okoth,fatima.mwangi.delta1069@vg-eval.test,025706070032,KE,Mombasa,2026-01-02T13:29:01Z,active,true,,,KILELE,corrected in Sept export
CT-011773,Mary Njoroge,michael.barasa.delta709@vg-eval.test,0704343767,KE,Malindi,2026-03-10T23:21:44Z,active,false,,,KILELE,corrected in Sept export
CT-015921,Daniel Naidoo,alice.naidoo.delta168@vg-eval.test,+254 738 610 652,KE,Nakuru,2026-04-12T18:02:15Z,active,true,,,KILELE,corrected in Sept export
CT-034737,Nomsa Otieno,zanele.barasa.delta76@vg-eval.test,254-716-223762,KE,Malindi,2026-03-23T09:17:33Z,active,true,,,KILELE,corrected in Sept export
CT-201017,Diana Haddad,victor.otieno.delta3518@vg-eval.test,025729005749,KE,Kisumu,2026-08-11T15:31:12Z,active,true,,,KILELE,
CT-201105,Esther Zahra,ruth.pretorius.delta3606@vg-eval.test,025717417604,KE,Mombasa,2026-08-13T12:30:07Z,active,false,,,KILELE,
CT-201459,Kevin Mutua,daniel.barasa.delta3960@vg-eval.test,254-712-625655,KE,Nairobi,2026-08-28T09:33:12Z,active,true,,,KILELE,
CT-200615,Brian Kiptoo,salma.kimani.delta3116@vg-eval.test,254-700-757355,KE,Kericho,2026-08-29T13:01:10Z,active,true,,,KILELE,
CT-048629,Ruth Pretorius,nomsa.benali.delta1887@vg-eval.test,025709260664,KE,Thika,2026-01-14T15:31:18Z,active,true,,,KILELE,corrected in Sept export
CT-075943,Esther Dlamini,zanele.haddad.delta1425@vg-eval.test,+254 709 461 484,KE,Mombasa,2026-01-13T01:10:18Z,active,false,,,KILELE,corrected in Sept export
CT-200712,Rose Njoroge,zanele.benali.delta3213@vg-eval.test,0725501893,KE,Nairobi,2026-08-06T14:32:12Z,active,true,,,KILELE,
CT-200633,Kevin Vermeulen,caroline.njenga.delta3134@vg-eval.test,025733688850,KE,Thika,2026-08-08T17:53:52Z,active,true,,,KILELE,
CT-035850,Joan Kamau,thandi.kamau.delta1923@vg-eval.test,254-717-752244,KE,Mombasa,2026-03-23T16:02:32Z,active,false,,,KILELE,corrected in Sept export
CT-021191,Layla Benali,layla.mutua.delta2261@vg-eval.test,025706923420,KE,Nakuru,2026-01-03T10:35:46Z,active,true,,,KILELE,corrected in Sept export
CT-046612,Brian Okoth,sarah.wafula.delta1229@vg-eval.test,254-730-265679,KE,Nairobi,2026-02-23T02:02:53Z,active,false,,,KILELE,corrected in Sept export
CT-067080,Victor Zahra,peter.elidrissi.delta178@vg-eval.test,+254 701 176 054,KE,Malindi,2026-04-17T04:16:01Z,active,false,,,KILELE,corrected in Sept export
CT-030117,Karim Njoroge,sipho.vermeulen.delta954@vg-eval.test,025723091732,KE,Nyeri,2026-01-16T07:49:25Z,active,false,,,KILELE,corrected in Sept export
CT-009306,Daniel Vermeulen,thandi.dlamini.delta362@vg-eval.test,025737774590,KE,Mombasa,2026-03-12T23:09:29Z,active,false,,,KILELE,corrected in Sept export
CT-201336,Amina Wanjiru,nancy.fassi.delta3837@vg-eval.test,0709935081,KE,Kericho,2026-08-22T06:28:39Z,active,true,,,KILELE,
CT-036081,Thandi Fassi,isaac.fassi.delta662@vg-eval.test,0717313091,KE,Nyeri,2026-02-24T06:29:29Z,active,false,,,KILELE,corrected in Sept export
CT-042242,David Elidrissi,pieter.wafula.delta497@vg-eval.test,0723826037,KE,Kericho,2026-01-08T08:07:09Z,active,true,,,KILELE,corrected in Sept export
CT-200624,Yassine Alaoui,dennis.berrada.delta3125@vg-eval.test,0705050246,KE,Mombasa,2026-08-28T18:42:40Z,active,true,,,KILELE,
CT-200508,Simon Berrada,lerato.mutua.delta3009@vg-eval.test,0719770539,KE,Kericho,2026-08-14T01:00:53Z,active,false,,,KILELE,
CT-200912,Omar Mwangi,john.kimani.delta3413@vg-eval.test,0731761493,KE,Nyeri,2026-08-13T11:58:36Z,active,true,,,KILELE,
CT-045317,Samuel Zahra,caroline.zahra.delta1251@vg-eval.test,025704115087,KE,Mombasa,2026-02-19T02:05:04Z,active,false,,,KILELE,corrected in Sept export
CT-025679,Layla Mutua,caroline.kiptoo.delta1768@vg-eval.test,254-726-997931,KE,Nyeri,2026-03-28T15:20:10Z,active,false,,,KILELE,corrected in Sept export
CT-061954,Daniel Elidrissi,fatima.kamau.delta1326@vg-eval.test,0726685804,KE,Eldoret,2026-01-08T01:37:24Z,active,true,,,KILELE,corrected in Sept export
CT-011088,Yassine Wanjiru,paul.njenga.delta245@vg-eval.test,025709801208,KE,Nyeri,2026-01-17T18:20:33Z,active,true,,,KILELE,corrected in Sept export
CT-035651,Rose Kamau,dennis.nkosi.delta604@vg-eval.test,254-733-594504,KE,Machakos,2026-01-11T07:12:34Z,active,true,,,KILELE,corrected in Sept export
CT-008403,Nomsa Wanjiru,karim.kimani.delta1033@vg-eval.test,025701925968,KE,Thika,2026-04-01T07:18:09Z,active,true,,,KILELE,corrected in Sept export
CT-074707,Dennis Achieng,sipho.njenga.delta1103@vg-eval.test,0734028613,KE,Malindi,2026-04-15T14:11:01Z,active,true,,,KILELE,corrected in Sept export
CT-200932,Karim Njenga,rachid.fassi.delta3433@vg-eval.test,0700625824,KE,Nakuru,2026-08-12T10:05:55Z,active,false,,,KILELE,
CT-200114,Brian Zahra,dennis.naidoo.delta2615@vg-eval.test,+254 719 782 155,KE,Thika,2026-08-19T04:51:25Z,active,false,,,KILELE,
CT-079994,John Wanjiru,layla.naidoo.delta1744@vg-eval.test,025702261374,KE,Kisumu,2026-01-06T08:39:48Z,active,true,,,KILELE,corrected in Sept export
CT-200924,Joan Otieno,zanele.bennani.delta3425@vg-eval.test,0730204101,KE,Machakos,2026-08-16T23:57:11Z,active,false,,,KILELE,
CT-014664,Sipho Njenga,lerato.mwangi.delta2224@vg-eval.test,0713603546,KE,Thika,2026-04-02T23:54:02Z,active,true,,,KILELE,corrected in Sept export
CT-062871,Sipho Tazi,george.tazi.delta315@vg-eval.test,025730821567,KE,Kisumu,2026-02-08T12:02:55Z,active,true,,,KILELE,corrected in Sept export
CT-023636,David Odhiambo,victor.okoth.delta1070@vg-eval.test,254-729-300895,KE,Machakos,2026-03-06T07:33:59Z,active,false,,,KILELE,corrected in Sept export
CT-200910,Lucy Mwangi,kevin.benali.delta3411@vg-eval.test,+254 700 055 691,KE,Malindi,2026-08-24T23:08:37Z,active,true,,,KILELE,
CT-200373,Lucy Alaoui,nancy.njenga.delta2874@vg-eval.test,025719283538,KE,Kericho,2026-08-22T18:06:42Z,active,false,,,KILELE,
CT-201330,Grace Benali,isaac.alaoui.delta3831@vg-eval.test,+254 735 961 903,KE,Kisumu,2026-08-27T06:46:17Z,active,true,,,KILELE,
CT-201183,Sarah Zahra,omar.wanjiru.delta3684@vg-eval.test,254-714-045617,KE,Kericho,2026-08-28T04:03:47Z,active,false,,,KILELE,
CT-047251,Brian Kimani,sarah.tazi.delta353@vg-eval.test,0702987694,KE,Kericho,2026-04-14T08:25:37Z,active,false,,,KILELE,corrected in Sept export
CT-073742,Fatima Mokoena,kevin.njenga.delta426@vg-eval.test,+254 721 471 130,KE,Malindi,2026-02-22T00:40:10Z,active,false,,,KILELE,corrected in Sept export
CT-020153,Victor Odhiambo,nomsa.njoroge.delta2236@vg-eval.test,025737607264,KE,Thika,2026-02-23T01:23:39Z,active,false,,,KILELE,corrected in Sept export
CT-065583,James Mokoena,caroline.benali.delta603@vg-eval.test,0724080664,KE,Mombasa,2026-01-10T08:10:57Z,active,false,,,KILELE,corrected in Sept export
CT-079454,Kevin Okoth,kevin.benali.delta1576@vg-eval.test,254-702-263904,KE,Machakos,2026-01-28T13:13:38Z,active,true,,,KILELE,corrected in Sept export
CT-026073,Kevin Njenga,nancy.vermeulen.delta2329@vg-eval.test,025708767480,KE,Malindi,2026-01-06T23:17:30Z,active,false,,,KILELE,corrected in Sept export
CT-200803,Sipho Barasa,nomsa.barasa.delta3304@vg-eval.test,254-701-188091,KE,Nairobi,2026-08-19T19:11:29Z,active,true,,,KILELE,
CT-020835,Nomsa Zahra,karim.otieno.delta562@vg-eval.test,0712400864,KE,Malindi,2026-04-01T20:38:46Z,active,true,,,KILELE,corrected in Sept export
CT-054278,Rose Njenga,nancy.odhiambo.delta1962@vg-eval.test,0727552836,KE,Malindi,2026-03-20T02:01:51Z,active,true,,,KILELE,corrected in Sept export
CT-008351,Ann Barasa,lerato.dlamini.delta332@vg-eval.test,025716781920,KE,Kisumu,2026-03-12T08:22:38Z,active,false,,,KILELE,corrected in Sept export
CT-027424,Nomsa Kiptoo,paul.mwangi.delta1497@vg-eval.test,0737039905,KE,Malindi,2026-02-27T06:58:56Z,active,false,,,KILELE,corrected in Sept export
CT-037606,Omar Alaoui,lucy.kiptoo.delta1233@vg-eval.test,025728572710,KE,Kisumu,2026-01-10T07:39:33Z,active,false,,,KILELE,corrected in Sept export
CT-028219,Lucy Kiptoo,joan.bennani.delta474@vg-eval.test,+254 715 162 440,KE,Kisumu,2026-02-13T01:55:08Z,active,false,,,KILELE,corrected in Sept export
CT-003013,Karim Bennani,salma.nkosi.delta1746@vg-eval.test,025735574955,KE,Nakuru,2026-04-08T07:11:59Z,active,true,,,KILELE,corrected in Sept export
CT-200956,Joan Wafula,george.otieno.delta3457@vg-eval.test,0733044864,KE,Thika,2026-08-19T16:19:07Z,active,false,,,KILELE,
CT-034501,Brian Okoth,pieter.tazi.delta1886@vg-eval.test,0714713605,KE,Machakos,2026-03-03T16:22:43Z,active,true,,,KILELE,corrected in Sept export
CT-051182,Daniel Mwangi,alice.vermeulen.delta1073@vg-eval.test,254-707-861144,KE,Malindi,2026-01-06T07:09:01Z,active,true,,,KILELE,corrected in Sept export
CT-200368,Ruth Benali,david.mutua.delta2869@vg-eval.test,0722435169,KE,Mombasa,2026-08-27T00:09:59Z,active,true,,,KILELE,
CT-201544,George Elidrissi,thandi.benali.delta4045@vg-eval.test,0705759334,KE,Nakuru,2026-08-28T06:17:56Z,active,true,,,KILELE,
CT-014105,Dennis Barasa,david.alaoui.delta160@vg-eval.test,+254 713 044 296,KE,Kisumu,2026-03-23T22:12:12Z,active,true,,,KILELE,corrected in Sept export
CT-049133,Kevin Cheruiyot,grace.okoth.delta2160@vg-eval.test,025708226044,KE,Eldoret,2026-01-27T07:45:01Z,active,false,,,KILELE,corrected in Sept export
CT-018405,Layla Zahra,simon.okoth.delta1781@vg-eval.test,025724762187,KE,Nairobi,2026-03-07T10:26:59Z,active,false,,,KILELE,corrected in Sept export
CT-201107,Karim Haddad,kevin.kamau.delta3608@vg-eval.test,254-735-654634,KE,Mombasa,2026-08-21T10:26:48Z,active,true,,,KILELE,
CT-201138,Pieter Dlamini,john.barasa.delta3639@vg-eval.test,+254 728 160 804,KE,Nyeri,2026-08-28T09:55:08Z,active,false,,,KILELE,
CT-063123,Yassine Vermeulen,kevin.nkosi.delta1594@vg-eval.test,025732989049,KE,Kericho,2026-04-12T06:42:44Z,active,false,,,KILELE,corrected in Sept export
CT-012104,Sarah Mwangi,grace.alaoui.delta1693@vg-eval.test,+254 716 559 835,KE,Nakuru,2026-01-20T00:46:02Z,active,true,,,KILELE,corrected in Sept export
CT-200166,Thandi Bennani,ruth.kamau.delta2667@vg-eval.test,+254 710 964 417,KE,Nakuru,2026-08-30T20:49:15Z,active,true,,,KILELE,
CT-200074,Diana Mokoena,amina.achieng.delta2575@vg-eval.test,+254 737 818 822,KE,Machakos,2026-08-06T11:08:20Z,active,false,,,KILELE,
CT-201317,John Haddad,isaac.odhiambo.delta3818@vg-eval.test,025720839276,KE,Machakos,2026-08-12T00:09:48Z,active,true,,,KILELE,
CT-200244,Brian Cheruiyot,caroline.elidrissi.delta2745@vg-eval.test,0713223881,KE,Malindi,2026-08-23T12:44:52Z,active,false,,,KILELE,
CT-029589,Simon Vermeulen,victor.achieng.delta32@vg-eval.test,025712936828,KE,Eldoret,2026-03-27T17:51:47Z,active,false,,,KILELE,corrected in Sept export
CT-001750,Thandi Zahra,caroline.kamau.delta1757@vg-eval.test,025714873933,KE,Thika,2026-03-06T16:20:14Z,active,true,,,KILELE,corrected in Sept export
CT-064103,James Achieng,michael.wafula.delta1450@vg-eval.test,+254 700 500 653,KE,Malindi,2026-01-25T18:55:21Z,active,false,,,KILELE,corrected in Sept export
CT-037423,Michael Njoroge,rose.tazi.delta49@vg-eval.test,0706612900,KE,Nairobi,2026-01-25T08:34:00Z,active,false,,,KILELE,corrected in Sept export
CT-072948,Paul Fassi,pieter.kimani.delta866@vg-eval.test,+254 721 259 271,KE,Nyeri,2026-03-01T19:32:16Z,active,false,,,KILELE,corrected in Sept export
CT-050744,Michael Pretorius,layla.kiptoo.delta1281@vg-eval.test,254-737-876178,KE,Mombasa,2026-01-30T05:38:40Z,active,true,,,KILELE,corrected in Sept export
CT-003508,Thandi Kiptoo,pieter.benali.delta120@vg-eval.test,025723970013,KE,Mombasa,2026-03-13T21:56:21Z,active,false,,,KILELE,corrected in Sept export
CT-200003,Rose Njoroge,lerato.haddad.delta2504@vg-eval.test,254-721-003299,KE,Mombasa,2026-08-03T13:14:01Z,active,true,,,KILELE,
CT-004743,Lucy Njenga,yassine.nkosi.delta1969@vg-eval.test,0715303846,KE,Kericho,2026-01-21T09:46:34Z,active,true,,,KILELE,corrected in Sept export
CT-201586,Grace Cheruiyot,nancy.odhiambo.delta4087@vg-eval.test,+254 717 656 933,KE,Kericho,2026-08-28T09:18:14Z,active,false,,,KILELE,
CT-044038,Yassine Nkosi,rachid.njenga.delta1578@vg-eval.test,0709457074,KE,Eldoret,2026-01-29T17:54:13Z,active,true,,,KILELE,corrected in Sept export
CT-065933,Michael Odhiambo,grace.kamau.delta1566@vg-eval.test,025720212405,KE,Eldoret,2026-03-24T05:18:51Z,active,true,,,KILELE,corrected in Sept export
CT-201543,Zanele Bennani,kevin.elidrissi.delta4044@vg-eval.test,254-737-474065,KE,Malindi,2026-08-08T23:28:25Z,active,false,,,KILELE,
CT-071399,Michael Wafula,amina.mutua.delta2020@vg-eval.test,0729801231,KE,Thika,2026-01-10T15:38:31Z,active,false,,,KILELE,corrected in Sept export
CT-201451,Pieter Benali,brian.kiptoo.delta3952@vg-eval.test,254-704-181765,KE,Mombasa,2026-08-11T19:30:42Z,active,false,,,KILELE,
CT-009164,Amina Benali,nancy.mokoena.delta2172@vg-eval.test,0717936354,KE,Nairobi,2026-02-22T15:39:22Z,active,true,,,KILELE,corrected in Sept export
CT-003084,Rachid Mwangi,alice.tazi.delta84@vg-eval.test,0735654553,KE,Thika,2026-03-15T00:35:49Z,active,false,,,KILELE,corrected in Sept export
CT-047145,David Benali,kevin.wanjiru.delta1910@vg-eval.test,+254 707 063 484,KE,Machakos,2026-02-19T19:02:32Z,active,true,,,KILELE,corrected in Sept export
CT-200978,Karim Haddad,salma.otieno.delta3479@vg-eval.test,+254 707 576 893,KE,Kericho,2026-08-03T20:27:30Z,active,false,,,KILELE,
CT-201013,Sarah Otieno,ann.alaoui.delta3514@vg-eval.test,025713615975,KE,Kericho,2026-08-29T07:52:59Z,active,true,,,KILELE,
CT-200852,Rachid Nkosi,joan.kimani.delta3353@vg-eval.test,0707421467,KE,Kisumu,2026-08-28T11:28:51Z,active,false,,,KILELE,
CT-026645,Simon Nkosi,victor.mutua.delta242@vg-eval.test,0719130310,KE,Nairobi,2026-02-03T14:14:48Z,active,false,,,KILELE,corrected in Sept export
CT-014568,Nancy Berrada,ann.mutua.delta1095@vg-eval.test,0734671904,KE,Machakos,2026-02-17T04:51:18Z,active,false,,,KILELE,corrected in Sept export
CT-200702,Brian Mutua,salma.achieng.delta3203@vg-eval.test,+254 734 109 159,KE,Eldoret,2026-08-27T15:34:32Z,active,true,,,KILELE,
CT-068271,Rose Fassi,daniel.benali.delta766@vg-eval.test,025723179683,KE,Nakuru,2026-04-13T09:29:09Z,active,false,,,KILELE,corrected in Sept export
CT-045245,Lerato Otieno,george.cheruiyot.delta1504@vg-eval.test,025726484502,KE,Mombasa,2026-01-19T04:55:11Z,active,false,,,KILELE,corrected in Sept export
CT-014737,Lerato Mutua,amina.njoroge.delta1053@vg-eval.test,025714672170,KE,Thika,2026-01-19T23:50:56Z,active,true,,,KILELE,corrected in Sept export
CT-025648,Johan Elidrissi,karim.njoroge.delta830@vg-eval.test,254-726-838610,KE,Mombasa,2026-01-30T10:25:22Z,active,false,,,KILELE,corrected in Sept export
CT-201065,Nomsa Achieng,paul.odhiambo.delta3566@vg-eval.test,025710660399,KE,Mombasa,2026-08-31T18:20:57Z,active,false,,,KILELE,
CT-058651,Amina Mokoena,john.wanjiru.delta1291@vg-eval.test,0712002183,KE,Eldoret,2026-01-30T15:22:52Z,active,true,,,KILELE,corrected in Sept export
CT-034768,Rose Cheruiyot,samuel.dlamini.delta294@vg-eval.test,025732001975,KE,Nairobi,2026-01-22T12:11:10Z,active,true,,,KILELE,corrected in Sept export
CT-200254,Nancy Elidrissi,joan.vermeulen.delta2755@vg-eval.test,+254 732 025 698,KE,Nyeri,2026-08-22T22:47:14Z,active,false,,,KILELE,
CT-201218,Daniel Odhiambo,alice.kimani.delta3719@vg-eval.test,+254 722 109 561,KE,Nairobi,2026-08-01T11:18:40Z,active,false,,,KILELE,
CT-047620,Michael Odhiambo,lerato.kamau.delta2275@vg-eval.test,+254 711 676 155,KE,Nakuru,2026-04-01T14:02:35Z,active,false,,,KILELE,corrected in Sept export
CT-201280,Isaac Kimani,paul.achieng.delta3781@vg-eval.test,0724352735,KE,Kericho,2026-08-12T10:23:52Z,active,false,,,KILELE,
CT-048066,Isaac Benali,paul.benali.delta2399@vg-eval.test,254-724-841148,KE,Mombasa,2026-01-23T10:54:02Z,active,true,,,KILELE,corrected in Sept export
CT-049886,Sarah Nkosi,pieter.pretorius.delta1585@vg-eval.test,+254 713 276 148,KE,Machakos,2026-01-12T10:45:53Z,active,false,,,KILELE,corrected in Sept export
CT-201403,Amina Kamau,mercy.wafula.delta3904@vg-eval.test,254-737-813476,KE,Nairobi,2026-08-01T02:02:17Z,active,true,,,KILELE,
CT-072478,Yassine Bennani,johan.naidoo.delta137@vg-eval.test,+254 732 376 737,KE,Nakuru,2026-02-19T17:52:33Z,active,false,,,KILELE,corrected in Sept export
CT-004522,Ann Elidrissi,salma.tazi.delta236@vg-eval.test,254-722-263628,KE,Nairobi,2026-01-18T14:30:27Z,active,true,,,KILELE,corrected in Sept export
CT-200428,Daniel Odhiambo,yassine.nkosi.delta2929@vg-eval.test,0707928600,KE,Nyeri,2026-08-17T22:47:54Z,active,false,,,KILELE,
CT-053865,David Okoth,salma.mwangi.delta541@vg-eval.test,025735750825,KE,Nyeri,2026-01-08T15:55:28Z,active,true,,,KILELE,corrected in Sept export
CT-066956,Simon Mutua,salma.bennani.delta1802@vg-eval.test,025711689782,KE,Nakuru,2026-03-19T21:57:32Z,active,true,,,KILELE,corrected in Sept export
CT-047478,Simon Cheruiyot,paul.nkosi.delta95@vg-eval.test,0727223154,KE,Nyeri,2026-01-21T14:47:48Z,active,false,,,KILELE,corrected in Sept export
CT-071032,Amina Fassi,omar.benali.delta2050@vg-eval.test,0724011084,KE,Kericho,2026-01-10T23:24:18Z,active,false,,,KILELE,corrected in Sept export
CT-075329,Nomsa Mokoena,samuel.odhiambo.delta2255@vg-eval.test,+254 739 115 385,KE,Nakuru,2026-03-14T08:39:13Z,active,true,,,KILELE,corrected in Sept export
CT-006811,Lucy Otieno,sipho.kamau.delta917@vg-eval.test,+254 722 428 619,KE,Malindi,2026-01-14T14:19:45Z,active,false,,,KILELE,corrected in Sept export
CT-200036,Amina Naidoo,johan.kimani.delta2537@vg-eval.test,0715275063,KE,Malindi,2026-08-12T13:07:27Z,active,false,,,KILELE,
CT-040016,Dennis Barasa,sarah.dlamini.delta180@vg-eval.test,+254 717 535 851,KE,Eldoret,2026-02-03T09:26:25Z,active,false,,,KILELE,corrected in Sept export
CT-052099,Esther Mutua,mary.okoth.delta487@vg-eval.test,025723440354,KE,Thika,2026-01-04T02:00:12Z,active,false,,,KILELE,corrected in Sept export
CT-201058,Faith Dlamini,nancy.elidrissi.delta3559@vg-eval.test,+254 737 833 412,KE,Kisumu,2026-08-23T11:13:03Z,active,true,,,KILELE,
CT-003709,Nomsa Mokoena,lucy.vermeulen.delta1071@vg-eval.test,0735647032,KE,Nakuru,2026-03-05T09:55:02Z,active,true,,,KILELE,corrected in Sept export
CT-078561,Grace Kamau,paul.berrada.delta1424@vg-eval.test,254-732-472644,KE,Nakuru,2026-02-22T23:16:52Z,active,true,,,KILELE,corrected in Sept export
CT-071872,George Njenga,john.alaoui.delta1432@vg-eval.test,025728722712,KE,Malindi,2026-03-09T07:30:41Z,active,false,,,KILELE,corrected in Sept export
CT-200044,Caroline Kamau,victor.tazi.delta2545@vg-eval.test,0731945522,KE,Nakuru,2026-08-10T02:57:43Z,active,false,,,KILELE,
CT-076160,Alice Mwangi,paul.mwangi.delta2035@vg-eval.test,0722483699,KE,Malindi,2026-01-06T01:20:09Z,active,false,,,KILELE,corrected in Sept export
CT-028811,Sipho Mutua,diana.wafula.delta1242@vg-eval.test,254-717-240495,KE,Eldoret,2026-02-19T15:32:41Z,active,true,,,KILELE,corrected in Sept export
CT-013283,Layla Wanjiru,alice.pretorius.delta2041@vg-eval.test,+254 711 227 703,KE,Nyeri,2026-03-15T07:38:06Z,active,false,,,KILELE,corrected in Sept export
CT-201133,Samuel Njenga,layla.vermeulen.delta3634@vg-eval.test,025713238920,KE,Eldoret,2026-08-04T23:57:14Z,active,false,,,KILELE,
CT-201264,Lucy Odhiambo,joan.odhiambo.delta3765@vg-eval.test,0736093244,KE,Malindi,2026-08-17T16:23:18Z,active,false,,,KILELE,
CT-201036,Brian Kimani,nomsa.barasa.delta3537@vg-eval.test,0711503919,KE,Thika,2026-08-18T16:13:32Z,active,true,,,KILELE,
CT-013472,Simon Benali,rose.kamau.delta799@vg-eval.test,254-726-741353,KE,Eldoret,2026-04-07T06:07:17Z,active,true,,,KILELE,corrected in Sept export
CT-078906,Dennis Pretorius,simon.mokoena.delta1230@vg-eval.test,254-716-994395,KE,Malindi,2026-01-06T02:01:28Z,active,true,,,KILELE,corrected in Sept export
CT-072857,Lerato Mokoena,sipho.fassi.delta210@vg-eval.test,025720518552,KE,Mombasa,2026-01-21T21:58:33Z,active,true,,,KILELE,corrected in Sept export
CT-068471,Joan Berrada,michael.vermeulen.delta1022@vg-eval.test,+254 701 187 436,KE,Kisumu,2026-03-05T15:04:30Z,active,false,,,KILELE,corrected in Sept export
CT-201258,Joan Wanjiru,kevin.dlamini.delta3759@vg-eval.test,+254 728 449 458,KE,Thika,2026-08-23T03:19:18Z,active,false,,,KILELE,
CT-019531,Faith Mwangi,michael.alaoui.delta502@vg-eval.test,025738691381,KE,Mombasa,2026-02-03T04:19:08Z,active,false,,,KILELE,corrected in Sept export
CT-201363,Kevin Bennani,rose.njenga.delta3864@vg-eval.test,254-707-894086,KE,Malindi,2026-08-03T11:41:02Z,active,true,,,KILELE,
CT-201108,Grace Vermeulen,johan.wafula.delta3609@vg-eval.test,0720496583,KE,Nakuru,2026-08-28T04:29:52Z,active,false,,,KILELE,
CT-200943,Grace Elidrissi,victor.haddad.delta3444@vg-eval.test,254-708-146245,KE,Eldoret,2026-08-01T13:41:57Z,active,false,,,KILELE,
CT-200115,Karim Wanjiru,lucy.elidrissi.delta2616@vg-eval.test,254-706-482428,KE,Nakuru,2026-08-01T07:54:54Z,active,false,,,KILELE,
CT-201674,Mercy Vermeulen,ruth.kiptoo.delta4175@vg-eval.test,+254 728 364 909,KE,Machakos,2026-08-19T06:49:03Z,active,false,,,KILELE,
CT-200579,Faith Benali,simon.bennani.delta3080@vg-eval.test,254-708-737309,KE,Nairobi,2026-08-07T12:44:21Z,active,false,,,KILELE,
CT-000043,Lerato Otieno,ruth.mokoena.delta1610@vg-eval.test,025714446816,KE,Machakos,2026-04-03T16:55:07Z,active,false,,,KILELE,corrected in Sept export
CT-011952,Dennis Berrada,yassine.kiptoo.delta80@vg-eval.test,0739684389,KE,Malindi,2026-01-18T06:56:24Z,active,false,,,KILELE,corrected in Sept export
CT-201573,Layla Fassi,salma.odhiambo.delta4074@vg-eval.test,025718065615,KE,Malindi,2026-08-01T00:01:14Z,active,false,,,KILELE,
CT-001315,Amina Achieng,sipho.njenga.delta1568@vg-eval.test,025721694067,KE,Nakuru,2026-03-20T21:16:35Z,active,true,,,KILELE,corrected in Sept export
CT-077464,Omar Njoroge,layla.barasa.delta1328@vg-eval.test,025702807910,KE,Malindi,2026-01-06T02:09:02Z,active,true,,,KILELE,corrected in Sept export
CT-200367,Thandi Nkosi,omar.achieng.delta2868@vg-eval.test,254-711-203011,KE,Nyeri,2026-08-12T16:08:27Z,active,true,,,KILELE,
CT-201346,Simon Kamau,simon.dlamini.delta3847@vg-eval.test,+254 716 945 754,KE,Machakos,2026-08-09T22:03:49Z,active,false,,,KILELE,
CT-042629,Pieter Naidoo,isaac.njenga.delta2104@vg-eval.test,+254 724 436 918,KE,Mombasa,2026-02-03T19:11:48Z,active,true,,,KILELE,corrected in Sept export
CT-058327,Rachid Elidrissi,ruth.berrada.delta2294@vg-eval.test,0727322396,KE,Mombasa,2026-03-10T08:15:43Z,active,false,,,KILELE,corrected in Sept export
CT-067287,Nomsa Kamau,dennis.kimani.delta2439@vg-eval.test,+254 709 245 815,KE,Nakuru,2026-04-10T21:42:24Z,active,false,,,KILELE,corrected in Sept export
CT-040083,Mercy Achieng,ann.elidrissi.delta1400@vg-eval.test,0714264864,KE,Kericho,2026-02-24T23:33:46Z,active,true,,,KILELE,corrected in Sept export
CT-056922,Samuel Kimani,james.alaoui.delta1509@vg-eval.test,0712086734,KE,Thika,2026-03-06T05:04:35Z,active,false,,,KILELE,corrected in Sept export
CT-200451,Caroline Wanjiru,sarah.benali.delta2952@vg-eval.test,254-713-918534,KE,Eldoret,2026-08-18T03:23:24Z,active,false,,,KILELE,
CT-201448,Layla Odhiambo,diana.zahra.delta3949@vg-eval.test,0702475873,KE,Machakos,2026-08-04T21:50:34Z,active,false,,,KILELE,
CT-200154,Faith Naidoo,layla.naidoo.delta2655@vg-eval.test,+254 710 551 475,KE,Kericho,2026-08-17T19:20:59Z,active,true,,,KILELE,
CT-201161,Michael Cheruiyot,victor.alaoui.delta3662@vg-eval.test,025723169971,KE,Kisumu,2026-08-16T12:34:52Z,active,false,,,KILELE,
CT-200657,Isaac Nkosi,nomsa.wanjiru.delta3158@vg-eval.test,025724700539,KE,Eldoret,2026-08-13T04:17:10Z,active,false,,,KILELE,
CT-078328,Zanele Elidrissi,kevin.benali.delta189@vg-eval.test,+254 714 301 158,KE,Mombasa,2026-02-23T17:45:35Z,active,false,,,KILELE,corrected in Sept export
CT-042832,Thandi Nkosi,caroline.wanjiru.delta1741@vg-eval.test,0727414641,KE,Mombasa,2026-02-21T00:55:55Z,active,false,,,KILELE,corrected in Sept export
CT-200409,Sarah Zahra,george.odhiambo.delta2910@vg-eval.test,025722918792,KE,Kisumu,2026-08-20T19:25:23Z,active,true,,,KILELE,
CT-036928,Omar Haddad,alice.njenga.delta2227@vg-eval.test,025705219173,KE,Machakos,2026-03-29T01:00:23Z,active,true,,,KILELE,corrected in Sept export
CT-201139,John Wanjiru,rachid.dlamini.delta3640@vg-eval.test,254-702-728790,KE,Nyeri,2026-08-15T03:29:08Z,active,false,,,KILELE,
CT-013114,Mary Odhiambo,thandi.tazi.delta1675@vg-eval.test,0721810519,KE,Mombasa,2026-01-17T01:11:08Z,active,false,,,KILELE,corrected in Sept export
CT-016278,Rose Benali,faith.berrada.delta124@vg-eval.test,0724634468,KE,Malindi,2026-03-15T17:28:25Z,active,false,,,KILELE,corrected in Sept export
CT-078925,Alice Wafula,daniel.elidrissi.delta924@vg-eval.test,025706321721,KE,Mombasa,2026-01-22T06:13:39Z,active,false,,,KILELE,corrected in Sept export
CT-201652,George Tazi,lucy.kiptoo.delta4153@vg-eval.test,0712087858,KE,Kisumu,2026-08-26T12:48:09Z,active,true,,,KILELE,
CT-042564,Ruth Vermeulen,faith.elidrissi.delta780@vg-eval.test,254-711-198081,KE,Nyeri,2026-03-19T14:34:58Z,active,true,,,KILELE,corrected in Sept export
CT-042186,Caroline Benali,paul.pretorius.delta885@vg-eval.test,0720546382,KE,Malindi,2026-03-03T16:10:39Z,active,true,,,KILELE,corrected in Sept export
CT-051015,Fatima Tazi,rose.njenga.delta1583@vg-eval.test,+254 730 397 032,KE,Kericho,2026-04-10T14:12:41Z,active,false,,,KILELE,corrected in Sept export
CT-008772,Fatima Bennani,victor.mwangi.delta1933@vg-eval.test,254-720-854875,KE,Kisumu,2026-03-19T04:26:59Z,active,true,,,KILELE,corrected in Sept export
CT-201377,Brian Otieno,lucy.odhiambo.delta3878@vg-eval.test,025737658871,KE,Kisumu,2026-08-21T01:13:00Z,active,true,,,KILELE,
CT-071684,Simon Naidoo,omar.tazi.delta2263@vg-eval.test,0701235194,KE,Thika,2026-02-24T22:05:24Z,active,true,,,KILELE,corrected in Sept export
CT-200323,Isaac Berrada,sipho.vermeulen.delta2824@vg-eval.test,254-737-256046,KE,Malindi,2026-08-02T05:56:32Z,active,true,,,KILELE,
CT-032380,Ann Cheruiyot,layla.haddad.delta914@vg-eval.test,0737274733,KE,Nairobi,2026-04-11T19:16:28Z,active,true,,,KILELE,corrected in Sept export
CT-006414,Zanele Elidrissi,daniel.odhiambo.delta756@vg-eval.test,025720297755,KE,Nakuru,2026-02-28T22:21:20Z,active,true,,,KILELE,corrected in Sept export
CT-201407,George Kimani,ann.zahra.delta3908@vg-eval.test,254-705-987394,KE,Nakuru,2026-08-26T00:15:41Z,active,true,,,KILELE,
CT-033894,James Kimani,johan.haddad.delta2136@vg-eval.test,0737792031,KE,Kisumu,2026-02-08T08:25:54Z,active,true,,,KILELE,corrected in Sept export
CT-024771,Mary Odhiambo,diana.kiptoo.delta111@vg-eval.test,025715079739,KE,Kericho,2026-02-01T09:49:06Z,active,true,,,KILELE,corrected in Sept export
CT-020266,Samuel Kiptoo,ruth.odhiambo.delta1236@vg-eval.test,025734089119,KE,Mombasa,2026-04-14T01:33:53Z,active,true,,,KILELE,corrected in Sept export
CT-065604,Sipho Achieng,rose.naidoo.delta237@vg-eval.test,+254 725 922 955,KE,Kericho,2026-01-19T22:45:22Z,active,false,,,KILELE,corrected in Sept export
CT-038469,Alice Okoth,pieter.vermeulen.delta2149@vg-eval.test,254-739-537788,KE,Kericho,2026-02-19T19:08:10Z,active,false,,,KILELE,corrected in Sept export
CT-036901,Alice Njoroge,peter.mwangi.delta2188@vg-eval.test,0737917225,KE,Machakos,2026-01-02T16:16:13Z,active,false,,,KILELE,corrected in Sept export
CT-048351,Layla Mwangi,mary.kamau.delta1237@vg-eval.test,025724207988,KE,Nairobi,2026-02-09T08:49:34Z,active,true,,,KILELE,corrected in Sept export
CT-044364,Grace Barasa,omar.nkosi.delta2340@vg-eval.test,+254 719 453 829,KE,Kericho,2026-03-18T22:32:16Z,active,true,,,KILELE,corrected in Sept export
CT-041681,Paul Okoth,dennis.dlamini.delta2198@vg-eval.test,025724936708,KE,Nakuru,2026-01-25T18:58:01Z,active,false,,,KILELE,corrected in Sept export
CT-200634,Samuel Mokoena,fatima.wafula.delta3135@vg-eval.test,+254 724 583 673,KE,Machakos,2026-08-14T10:41:28Z,active,true,,,KILELE,
CT-080419,Sarah Otieno,peter.dlamini.delta1120@vg-eval.test,+254 706 567 014,KE,Nairobi,2026-04-08T07:27:54Z,active,false,,,KILELE,corrected in Sept export
CT-029943,Paul Naidoo,dennis.pretorius.delta2285@vg-eval.test,025704138290,KE,Nairobi,2026-03-29T20:05:19Z,active,true,,,KILELE,corrected in Sept export
CT-061266,John Otieno,brian.mokoena.delta679@vg-eval.test,254-730-839724,KE,Nairobi,2026-02-26T11:18:13Z,active,true,,,KILELE,corrected in Sept export
CT-037744,Caroline Nkosi,michael.pretorius.delta656@vg-eval.test,025714292703,KE,Nyeri,2026-02-26T10:21:00Z,active,false,,,KILELE,corrected in Sept export
CT-051247,Simon Njenga,lerato.elidrissi.delta2080@vg-eval.test,025712887969,KE,Machakos,2026-01-18T21:16:40Z,active,false,,,KILELE,corrected in Sept export
CT-051426,Rachid Barasa,dennis.zahra.delta212@vg-eval.test,0718098665,KE,Kericho,2026-04-06T22:58:34Z,active,true,,,KILELE,corrected in Sept export
CT-201227,Michael Njenga,paul.njenga.delta3728@vg-eval.test,254-700-658747,KE,Nyeri,2026-08-04T18:52:26Z,active,false,,,KILELE,
CT-200148,Ruth Kimani,ruth.mutua.delta2649@vg-eval.test,0718684628,KE,Eldoret,2026-08-18T14:59:18Z,active,false,,,KILELE,
CT-009804,Dennis Mutua,joan.wanjiru.delta1089@vg-eval.test,+254 730 484 865,KE,Machakos,2026-01-31T12:44:50Z,active,true,,,KILELE,corrected in Sept export
CT-011148,Mercy Mutua,omar.mokoena.delta181@vg-eval.test,025702962456,KE,Kericho,2026-01-05T19:15:53Z,active,false,,,KILELE,corrected in Sept export
CT-065475,Grace Njenga,rose.mwangi.delta40@vg-eval.test,025735586768,KE,Kisumu,2026-02-26T21:31:56Z,active,false,,,KILELE,corrected in Sept export
CT-200261,Michael Okoth,daniel.kimani.delta2762@vg-eval.test,025705184979,KE,Kericho,2026-08-29T17:32:08Z,active,false,,,KILELE,
CT-028931,Pieter Dlamini,ann.zahra.delta1821@vg-eval.test,0701422334,KE,Nyeri,2026-03-01T10:27:15Z,active,true,,,KILELE,corrected in Sept export
CT-201604,Faith Benali,amina.tazi.delta4105@vg-eval.test,0720458904,KE,Malindi,2026-08-16T12:52:47Z,active,true,,,KILELE,
CT-200286,Layla Tazi,james.benali.delta2787@vg-eval.test,+254 718 214 185,KE,Nairobi,2026-08-20T02:08:04Z,active,true,,,KILELE,
CT-201368,David Cheruiyot,victor.kamau.delta3869@vg-eval.test,0702650022,KE,Thika,2026-08-19T17:24:25Z,active,false,,,KILELE,
CT-201082,Amina Kamau,rose.vermeulen.delta3583@vg-eval.test,+254 736 480 276,KE,Mombasa,2026-08-26T07:05:36Z,active,false,,,KILELE,
CT-062935,Salma Tazi,mary.mwangi.delta403@vg-eval.test,025707653509,KE,Nairobi,2026-01-26T19:07:36Z,active,false,,,KILELE,corrected in Sept export
CT-029583,Dennis Zahra,esther.alaoui.delta1365@vg-eval.test,0722627108,KE,Kericho,2026-01-15T04:46:05Z,active,true,,,KILELE,corrected in Sept export
CT-201056,Grace Wanjiru,daniel.naidoo.delta3557@vg-eval.test,0729169921,KE,Machakos,2026-08-08T00:06:19Z,active,true,,,KILELE,
CT-200379,Kevin Odhiambo,faith.njenga.delta2880@vg-eval.test,254-736-967204,KE,Nakuru,2026-08-29T17:07:36Z,active,true,,,KILELE,
CT-201229,Faith Mokoena,grace.zahra.delta3730@vg-eval.test,025711693262,KE,Eldoret,2026-08-31T21:45:24Z,active,true,,,KILELE,
CT-070243,Salma Wafula,isaac.barasa.delta152@vg-eval.test,254-707-188296,KE,Mombasa,2026-04-16T11:27:22Z,active,true,,,KILELE,corrected in Sept export
CT-020072,Lerato Berrada,paul.fassi.delta2012@vg-eval.test,+254 710 770 942,KE,Eldoret,2026-02-12T23:12:40Z,active,false,,,KILELE,corrected in Sept export
CT-066300,Paul Odhiambo,mercy.kiptoo.delta1256@vg-eval.test,0718995434,KE,Nairobi,2026-01-03T01:09:55Z,active,false,,,KILELE,corrected in Sept export
CT-017872,Mary Odhiambo,zanele.mutua.delta1767@vg-eval.test,025715487366,KE,Malindi,2026-01-25T21:19:59Z,active,false,,,KILELE,corrected in Sept export
CT-201370,Faith Cheruiyot,john.mutua.delta3871@vg-eval.test,+254 728 288 477,KE,Nakuru,2026-08-05T00:47:56Z,active,false,,,KILELE,
CT-044181,David Wanjiru,yassine.mwangi.delta2328@vg-eval.test,025739379503,KE,Nakuru,2026-03-05T04:06:32Z,active,true,,,KILELE,corrected in Sept export
CT-201171,Salma Cheruiyot,samuel.mwangi.delta3672@vg-eval.test,254-707-666828,KE,Mombasa,2026-08-05T11:28:26Z,active,false,,,KILELE,
CT-065919,Johan Alaoui,lerato.odhiambo.delta1081@vg-eval.test,254-707-981443,KE,Nakuru,2026-02-28T01:32:13Z,active,true,,,KILELE,corrected in Sept export
CT-019540,James Tazi,nomsa.njenga.delta1295@vg-eval.test,0722758528,KE,Malindi,2026-01-07T16:49:22Z,active,false,,,KILELE,corrected in Sept export
CT-033564,Dennis Achieng,nancy.mwangi.delta700@vg-eval.test,254-719-417191,KE,Thika,2026-02-22T01:13:46Z,active,true,,,KILELE,corrected in Sept export
CT-201155,Amina Mokoena,john.mokoena.delta3656@vg-eval.test,254-701-659000,KE,Nairobi,2026-08-29T15:29:07Z,active,true,,,KILELE,
CT-055870,Johan Kimani,yassine.otieno.delta2098@vg-eval.test,254-706-022971,KE,Nakuru,2026-01-22T14:02:20Z,active,false,,,KILELE,corrected in Sept export
CT-200012,Simon Berrada,nancy.berrada.delta2513@vg-eval.test,0713012256,KE,Nakuru,2026-08-23T10:14:22Z,active,true,,,KILELE,
CT-046260,David Zahra,diana.fassi.delta2207@vg-eval.test,254-714-180667,KE,Mombasa,2026-02-28T15:14:26Z,active,false,,,KILELE,corrected in Sept export
CT-200651,Layla Fassi,mercy.elidrissi.delta3152@vg-eval.test,254-712-288621,KE,Eldoret,2026-08-23T03:30:01Z,active,true,,,KILELE,
CT-075703,Mary Benali,caroline.alaoui.delta661@vg-eval.test,+254 706 606 203,KE,Kericho,2026-03-14T14:38:18Z,active,true,,,KILELE,corrected in Sept export
CT-200671,Pieter Kimani,faith.mwangi.delta3172@vg-eval.test,254-730-840946,KE,Kisumu,2026-08-16T11:29:50Z,active,true,,,KILELE,
CT-007657,Simon Naidoo,rachid.mwangi.delta726@vg-eval.test,0711187068,KE,Eldoret,2026-01-10T22:23:24Z,active,true,,,KILELE,corrected in Sept export
CT-201554,Yassine Otieno,samuel.kamau.delta4055@vg-eval.test,+254 716 942 526,KE,Kericho,2026-08-04T11:29:53Z,active,false,,,KILELE,
CT-074611,Simon Nkosi,john.njenga.delta2480@vg-eval.test,025721173693,KE,Kisumu,2026-01-24T19:46:00Z,active,true,,,KILELE,corrected in Sept export
CT-061934,Caroline Kamau,lerato.cheruiyot.delta717@vg-eval.test,254-738-900532,KE,Malindi,2026-01-09T15:34:16Z,active,true,,,KILELE,corrected in Sept export
CT-051465,George Okoth,zanele.achieng.delta1397@vg-eval.test,025715884481,KE,Malindi,2026-02-16T09:26:23Z,active,true,,,KILELE,corrected in Sept export
CT-018396,Joan Benali,victor.pretorius.delta647@vg-eval.test,+254 731 539 200,KE,Kericho,2026-03-04T15:15:07Z,active,true,,,KILELE,corrected in Sept export
CT-200537,Salma Haddad,daniel.dlamini.delta3038@vg-eval.test,025717459131,KE,Kericho,2026-08-12T01:59:01Z,active,false,,,KILELE,
CT-080584,James Mwangi,daniel.kiptoo.delta345@vg-eval.test,0708029382,KE,Thika,2026-03-20T00:55:27Z,active,true,,,KILELE,corrected in Sept export
CT-069975,Mercy Odhiambo,pieter.otieno.delta406@vg-eval.test,025738518247,KE,Thika,2026-03-20T19:15:57Z,active,true,,,KILELE,corrected in Sept export
CT-022527,Nomsa Njoroge,thandi.haddad.delta1491@vg-eval.test,0709796198,KE,Kisumu,2026-02-17T19:04:29Z,active,true,,,KILELE,corrected in Sept export
CT-201321,George Vermeulen,george.benali.delta3822@vg-eval.test,025719886117,KE,Nairobi,2026-08-04T21:35:37Z,active,false,,,KILELE,
CT-039674,Samuel Zahra,ruth.mwangi.delta2247@vg-eval.test,0710284340,KE,Machakos,2026-03-25T07:56:21Z,active,false,,,KILELE,corrected in Sept export
CT-201677,Michael Wafula,lerato.haddad.delta4178@vg-eval.test,025720276601,KE,Kisumu,2026-08-08T15:51:40Z,active,true,,,KILELE,
CT-201542,Faith Okoth,rose.nkosi.delta4043@vg-eval.test,+254 723 340 692,KE,Kericho,2026-08-20T02:26:48Z,active,false,,,KILELE,
CT-017617,Pieter Wanjiru,fatima.kamau.delta2500@vg-eval.test,025710044308,KE,Nyeri,2026-01-12T07:09:41Z,active,false,,,KILELE,corrected in Sept export
CT-006668,Karim Kimani,alice.tazi.delta2437@vg-eval.test,0720945085,KE,Machakos,2026-03-17T22:57:47Z,active,true,,,KILELE,corrected in Sept export
CT-200870,Sarah Vermeulen,ruth.vermeulen.delta3371@vg-eval.test,+254 716 817 461,KE,Machakos,2026-08-01T06:05:00Z,active,false,,,KILELE,
CT-200000,Rachid Mwangi,thandi.zahra.delta2501@vg-eval.test,0713155618,KE,Mombasa,2026-08-15T18:31:08Z,active,false,,,KILELE,
CT-056639,Ruth Mutua,george.bennani.delta1771@vg-eval.test,025705381673,KE,Nairobi,2026-03-25T20:31:59Z,active,true,,,KILELE,corrected in Sept export
CT-200502,Pieter Nkosi,ann.cheruiyot.delta3003@vg-eval.test,+254 717 433 187,KE,Malindi,2026-08-30T22:14:32Z,active,true,,,KILELE,
CT-039106,Paul Njenga,caroline.naidoo.delta1332@vg-eval.test,0725069091,KE,Thika,2026-01-10T17:48:15Z,active,false,,,KILELE,corrected in Sept export
CT-028407,Lerato Haddad,paul.otieno.delta692@vg-eval.test,025710345123,KE,Malindi,2026-03-03T21:32:41Z,active,true,,,KILELE,corrected in Sept export
CT-030101,Brian Achieng,daniel.elidrissi.delta2474@vg-eval.test,025721969733,KE,Malindi,2026-01-23T01:38:34Z,active,false,,,KILELE,corrected in Sept export
CT-200974,Johan Mutua,karim.zahra.delta3475@vg-eval.test,+254 724 937 807,KE,Kericho,2026-08-28T16:01:45Z,active,true,,,KILELE,
CT-201512,George Dlamini,mercy.alaoui.delta4013@vg-eval.test,0700655702,KE,Malindi,2026-08-05T02:19:24Z,active,false,,,KILELE,
CT-012599,Amina Berrada,amina.naidoo.delta2086@vg-eval.test,254-702-110749,KE,Eldoret,2026-03-08T14:48:33Z,active,true,,,KILELE,corrected in Sept export
CT-201253,Amina Vermeulen,esther.barasa.delta3754@vg-eval.test,025708699201,KE,Nakuru,2026-08-24T19:32:51Z,active,false,,,KILELE,
CT-013709,Yassine Otieno,dennis.okoth.delta102@vg-eval.test,025737151586,KE,Nakuru,2026-01-07T01:37:19Z,active,true,,,KILELE,corrected in Sept export
CT-200416,George Mokoena,kevin.wanjiru.delta2917@vg-eval.test,0719112312,KE,Kericho,2026-08-20T14:02:00Z,active,true,,,KILELE,
CT-201187,Peter Wanjiru,lucy.mwangi.delta3688@vg-eval.test,254-731-564569,KE,Mombasa,2026-08-23T08:54:59Z,active,false,,,KILELE,
CT-048119,Amina Benali,nomsa.njenga.delta2497@vg-eval.test,025703154563,KE,Thika,2026-03-12T23:11:00Z,active,false,,,KILELE,corrected in Sept export
CT-200390,Alice Mokoena,faith.haddad.delta2891@vg-eval.test,+254 725 614 771,KE,Thika,2026-08-27T15:06:21Z,active,false,,,KILELE,
CT-200306,Amina Okoth,amina.pretorius.delta2807@vg-eval.test,+254 723 663 169,KE,Nakuru,2026-08-23T11:24:46Z,active,false,,,KILELE,
CT-044055,Amina Kimani,ruth.cheruiyot.delta1521@vg-eval.test,0731377195,KE,Thika,2026-03-21T18:59:41Z,active,true,,,KILELE,corrected in Sept export
CT-047967,Mercy Naidoo,james.mwangi.delta2057@vg-eval.test,025708345159,KE,Kisumu,2026-01-04T02:59:36Z,active,true,,,KILELE,corrected in Sept export
CT-056181,Victor Mwangi,karim.barasa.delta2272@vg-eval.test,0705192233,KE,Nairobi,2026-02-15T11:22:27Z,active,true,,,KILELE,corrected in Sept export
CT-200119,Yassine Vermeulen,ruth.barasa.delta2620@vg-eval.test,254-700-815921,KE,Malindi,2026-08-16T11:15:55Z,active,false,,,KILELE,
CT-200705,Paul Tazi,daniel.wanjiru.delta3206@vg-eval.test,025739242718,KE,Malindi,2026-08-19T05:29:16Z,active,true,,,KILELE,
CT-200394,James Elidrissi,george.elidrissi.delta2895@vg-eval.test,+254 723 898 211,KE,Nairobi,2026-08-12T00:43:32Z,active,false,,,KILELE,
CT-201497,Ann Benali,grace.mwangi.delta3998@vg-eval.test,025729667320,KE,Thika,2026-08-28T00:07:54Z,active,true,,,KILELE,
CT-200853,Yassine Bennani,kevin.kamau.delta3354@vg-eval.test,025736180650,KE,Machakos,2026-08-27T18:57:27Z,active,true,,,KILELE,
CT-200504,Mercy Achieng,ruth.wafula.delta3005@vg-eval.test,0720728218,KE,Thika,2026-08-09T11:34:58Z,active,false,,,KILELE,
CT-201012,Victor Otieno,paul.njenga.delta3513@vg-eval.test,0722524869,KE,Mombasa,2026-08-30T00:12:15Z,active,true,,,KILELE,
CT-076595,Pieter Benali,brian.kimani.delta1386@vg-eval.test,025739749466,KE,Nairobi,2026-03-10T13:44:26Z,active,false,,,KILELE,corrected in Sept export
CT-201501,Isaac Njoroge,thandi.alaoui.delta4002@vg-eval.test,025703377676,KE,Eldoret,2026-08-30T17:55:47Z,active,true,,,KILELE,
CT-053847,Kevin Kiptoo,grace.achieng.delta1835@vg-eval.test,+254 712 216 113,KE,Kericho,2026-01-09T13:08:59Z,active,true,,,KILELE,corrected in Sept export
CT-201025,Thandi Okoth,david.odhiambo.delta3526@vg-eval.test,025738333160,KE,Nyeri,2026-08-27T15:05:16Z,active,false,,,KILELE,
CT-055940,Yassine Njoroge,simon.benali.delta881@vg-eval.test,025739457769,KE,Nyeri,2026-01-30T01:52:04Z,active,false,,,KILELE,corrected in Sept export
CT-201511,Karim Tazi,james.elidrissi.delta4012@vg-eval.test,254-716-797259,KE,Nyeri,2026-08-03T13:52:06Z,active,false,,,KILELE,
CT-200742,David Mwangi,kevin.elidrissi.delta3243@vg-eval.test,+254 723 183 886,KE,Malindi,2026-08-12T16:00:19Z,active,false,,,KILELE,
CT-004965,Ruth Odhiambo,simon.bennani.delta1294@vg-eval.test,0721107855,KE,Mombasa,2026-01-14T17:28:34Z,active,false,,,KILELE,corrected in Sept export
CT-058894,James Elidrissi,nomsa.mwangi.delta1335@vg-eval.test,025728075305,KE,Mombasa,2026-03-11T09:09:44Z,active,false,,,KILELE,corrected in Sept export
CT-018156,Isaac Alaoui,daniel.alaoui.delta2127@vg-eval.test,0733366500,KE,Kericho,2026-03-16T12:43:46Z,active,false,,,KILELE,corrected in Sept export
CT-200193,Pieter Vermeulen,amina.njoroge.delta2694@vg-eval.test,025736461323,KE,Kisumu,2026-08-29T05:41:57Z,active,true,,,KILELE,
CT-201221,Diana Mokoena,simon.cheruiyot.delta3722@vg-eval.test,025735009307,KE,Malindi,2026-08-01T10:31:38Z,active,true,,,KILELE,
CT-200540,James Fassi,lerato.kamau.delta3041@vg-eval.test,0731031962,KE,Malindi,2026-08-10T20:43:26Z,active,false,,,KILELE,
CT-048582,Karim Elidrissi,michael.zahra.delta1260@vg-eval.test,0724139942,KE,Kericho,2026-03-18T20:19:54Z,active,false,,,KILELE,corrected in Sept export
CT-073287,Faith Nkosi,brian.elidrissi.delta1654@vg-eval.test,0721512954,KE,Kericho,2026-03-02T13:09:33Z,active,false,,,KILELE,corrected in Sept export
CT-054817,Nancy Otieno,mary.tazi.delta1762@vg-eval.test,254-701-602347,KE,Thika,2026-01-31T12:02:55Z,active,true,,,KILELE,corrected in Sept export
CT-004729,Simon Tazi,thandi.elidrissi.delta837@vg-eval.test,0731152125,KE,Nairobi,2026-01-10T17:31:21Z,active,true,,,KILELE,corrected in Sept export
CT-073849,Ann Odhiambo,dennis.pretorius.delta804@vg-eval.test,025701322601,KE,Thika,2026-01-15T06:51:44Z,active,true,,,KILELE,corrected in Sept export
CT-200771,Salma Njoroge,pieter.nkosi.delta3272@vg-eval.test,254-737-507798,KE,Machakos,2026-08-23T09:05:44Z,active,false,,,KILELE,
CT-200952,Joan Fassi,nomsa.njoroge.delta3453@vg-eval.test,0706249472,KE,Kisumu,2026-08-29T13:13:39Z,active,false,,,KILELE,
CT-200990,Thandi Zahra,faith.wanjiru.delta3491@vg-eval.test,+254 736 713 553,KE,Mombasa,2026-08-02T17:24:44Z,active,true,,,KILELE,
CT-201195,Victor Dlamini,sipho.mokoena.delta3696@vg-eval.test,254-710-205079,KE,Kisumu,2026-08-04T13:20:26Z,active,false,,,KILELE,
CT-015607,Victor Haddad,grace.berrada.delta1753@vg-eval.test,254-721-380512,KE,Malindi,2026-01-19T16:50:25Z,active,false,,,KILELE,corrected in Sept export
CT-007521,Brian Odhiambo,simon.cheruiyot.delta770@vg-eval.test,0719920546,KE,Nyeri,2026-03-19T17:54:46Z,active,true,,,KILELE,corrected in Sept export
CT-200850,Ruth Okoth,ruth.alaoui.delta3351@vg-eval.test,+254 737 051 139,KE,Malindi,2026-08-12T12:56:54Z,active,true,,,KILELE,
CT-200645,David Elidrissi,pieter.kamau.delta3146@vg-eval.test,025729952380,KE,Mombasa,2026-08-17T11:58:47Z,active,true,,,KILELE,
CT-074340,Mercy Pretorius,karim.bennani.delta2264@vg-eval.test,025723330064,KE,Nyeri,2026-04-16T01:26:01Z,active,true,,,KILELE,corrected in Sept export
CT-200560,Joan Berrada,karim.mutua.delta3061@vg-eval.test,0733954055,KE,Thika,2026-08-12T08:23:25Z,active,false,,,KILELE,
CT-200521,Diana Nkosi,samuel.achieng.delta3022@vg-eval.test,025713431966,KE,Nairobi,2026-08-05T10:12:10Z,active,true,,,KILELE,
CT-076639,Zanele Achieng,sipho.kiptoo.delta2176@vg-eval.test,025716339599,KE,Machakos,2026-03-10T18:39:20Z,active,false,,,KILELE,corrected in Sept export
CT-042464,Ann Kamau,rachid.barasa.delta2269@vg-eval.test,025718100715,KE,Kericho,2026-03-26T19:33:46Z,active,true,,,KILELE,corrected in Sept export
CT-026827,Isaac Fassi,karim.haddad.delta1952@vg-eval.test,254-708-675530,KE,Mombasa,2026-03-06T01:08:44Z,active,true,,,KILELE,corrected in Sept export
CT-008332,Fatima Mutua,mercy.barasa.delta490@vg-eval.test,+254 703 042 508,KE,Eldoret,2026-01-01T12:31:32Z,active,true,,,KILELE,corrected in Sept export
CT-016116,Ruth Fassi,nancy.pretorius.delta2280@vg-eval.test,025716297141,KE,Machakos,2026-04-16T10:40:53Z,active,true,,,KILELE,corrected in Sept export
CT-080814,Lerato Wanjiru,karim.odhiambo.delta2309@vg-eval.test,025718512581,KE,Nakuru,2026-03-24T10:53:38Z,active,true,,,KILELE,corrected in Sept export
CT-049260,Nancy Kiptoo,amina.dlamini.delta1130@vg-eval.test,254-721-071547,KE,Kisumu,2026-01-19T09:58:50Z,active,true,,,KILELE,corrected in Sept export
CT-200329,Grace Haddad,zanele.njoroge.delta2830@vg-eval.test,025709029132,KE,Kericho,2026-08-11T06:51:22Z,active,false,,,KILELE,
CT-200840,Rose Mokoena,sarah.mokoena.delta3341@vg-eval.test,0704050957,KE,Malindi,2026-08-01T19:46:44Z,active,true,,,KILELE,
CT-034788,Ruth Mutua,lucy.naidoo.delta2181@vg-eval.test,+254 701 522 620,KE,Kisumu,2026-01-10T20:54:01Z,active,false,,,KILELE,corrected in Sept export
CT-200124,Brian Dlamini,sarah.njenga.delta2625@vg-eval.test,0719659114,KE,Nairobi,2026-08-26T02:38:31Z,active,false,,,KILELE,
CT-042114,Caroline Bennani,thandi.kimani.delta2061@vg-eval.test,025722316728,KE,Nakuru,2026-02-03T00:16:14Z,active,false,,,KILELE,corrected in Sept export
CT-201144,Thandi Okoth,lucy.pretorius.delta3645@vg-eval.test,0713207516,KE,Machakos,2026-08-29T22:47:53Z,active,true,,,KILELE,
CT-017070,Johan Wafula,daniel.wafula.delta2043@vg-eval.test,+254 718 349 603,KE,Mombasa,2026-04-07T13:00:31Z,active,false,,,KILELE,corrected in Sept export
CT-037901,David Tazi,omar.barasa.delta191@vg-eval.test,+254 728 280 591,KE,Kisumu,2026-03-05T20:53:21Z,active,true,,,KILELE,corrected in Sept export
CT-057646,Mercy Odhiambo,diana.vermeulen.delta556@vg-eval.test,+254 723 629 287,KE,Mombasa,2026-04-16T11:32:06Z,active,false,,,KILELE,corrected in Sept export
CT-200730,Faith Benali,michael.kamau.delta3231@vg-eval.test,+254 735 410 980,KE,Nyeri,2026-08-31T19:35:36Z,active,true,,,KILELE,
CT-016299,Dennis Berrada,john.tazi.delta2129@vg-eval.test,0707123610,KE,Nairobi,2026-03-27T19:23:40Z,active,false,,,KILELE,corrected in Sept export
CT-200631,Nomsa Mutua,john.fassi.delta3132@vg-eval.test,254-733-662360,KE,Nyeri,2026-08-31T03:53:43Z,active,false,,,KILELE,
CT-051077,Rachid Fassi,zanele.njenga.delta2383@vg-eval.test,+254 702 416 464,KE,Nyeri,2026-03-13T22:39:14Z,active,false,,,KILELE,corrected in Sept export
CT-200495,Diana Njenga,ruth.cheruiyot.delta2996@vg-eval.test,254-728-528683,KE,Nakuru,2026-08-13T11:18:38Z,active,true,,,KILELE,
CT-032468,Diana Tazi,rose.achieng.delta132@vg-eval.test,025738600627,KE,Thika,2026-01-23T18:44:35Z,active,false,,,KILELE,corrected in Sept export
CT-201252,Daniel Achieng,karim.okoth.delta3753@vg-eval.test,0705564272,KE,Nairobi,2026-08-18T23:16:20Z,active,false,,,KILELE,
CT-040155,Pieter Njoroge,daniel.nkosi.delta529@vg-eval.test,025714918229,KE,Eldoret,2026-04-06T02:22:18Z,active,false,,,KILELE,corrected in Sept export
CT-201666,Esther Fassi,george.naidoo.delta4167@vg-eval.test,+254 724 728 013,KE,Nairobi,2026-08-28T07:33:45Z,active,false,,,KILELE,
CT-005048,Alice Okoth,johan.pretorius.delta290@vg-eval.test,025735755066,KE,Machakos,2026-02-28T12:02:20Z,active,false,,,KILELE,corrected in Sept export
CT-200525,Layla Naidoo,lerato.kimani.delta3026@vg-eval.test,025720035188,KE,Nakuru,2026-08-20T09:26:30Z,active,false,,,KILELE,
CT-006222,Daniel Kimani,nomsa.njoroge.delta2180@vg-eval.test,0725202029,KE,Mombasa,2026-01-23T06:20:07Z,active,false,,,KILELE,corrected in Sept export
CT-200616,Brian Odhiambo,george.pretorius.delta3117@vg-eval.test,0727758777,KE,Kisumu,2026-08-12T08:49:32Z,active,true,,,KILELE,
CT-201043,Diana Odhiambo,john.kiptoo.delta3544@vg-eval.test,254-721-212853,KE,Machakos,2026-08-19T04:12:58Z,active,false,,,KILELE,
CT-043810,Paul Benali,faith.njoroge.delta1596@vg-eval.test,025700742001,KE,Malindi,2026-04-08T11:17:08Z,active,true,,,KILELE,corrected in Sept export
CT-201213,John Haddad,george.kiptoo.delta3714@vg-eval.test,025729455359,KE,Thika,2026-08-15T20:02:13Z,active,false,,,KILELE,
CT-034098,Pieter Okoth,caroline.benali.delta2425@vg-eval.test,025719886297,KE,Nakuru,2026-03-30T02:21:58Z,active,true,,,KILELE,corrected in Sept export
CT-057735,Caroline Odhiambo,paul.alaoui.delta1639@vg-eval.test,0739764237,KE,Nakuru,2026-03-13T23:28:25Z,active,false,,,KILELE,corrected in Sept export
CT-200172,Faith Zahra,amina.njoroge.delta2673@vg-eval.test,0733746698,KE,Malindi,2026-08-25T07:45:40Z,active,true,,,KILELE,
CT-016006,Karim Wanjiru,paul.cheruiyot.delta2277@vg-eval.test,0726040657,KE,Kericho,2026-02-05T09:03:41Z,active,true,,,KILELE,corrected in Sept export
CT-013718,Amina Cheruiyot,simon.barasa.delta1374@vg-eval.test,025738550170,KE,Mombasa,2026-01-16T14:13:04Z,active,false,,,KILELE,corrected in Sept export
CT-013438,Brian Otieno,johan.barasa.delta1586@vg-eval.test,0708071493,KE,Nakuru,2026-01-27T12:06:00Z,active,true,,,KILELE,corrected in Sept export
CT-006669,Peter Otieno,pieter.okoth.delta392@vg-eval.test,+254 725 736 863,KE,Mombasa,2026-04-05T01:56:23Z,active,true,,,KILELE,corrected in Sept export
CT-201596,Salma Zahra,kevin.barasa.delta4097@vg-eval.test,0703801347,KE,Nairobi,2026-08-06T14:15:15Z,active,false,,,KILELE,
CT-200580,Ruth Cheruiyot,isaac.otieno.delta3081@vg-eval.test,0705124425,KE,Mombasa,2026-08-30T12:16:50Z,active,false,,,KILELE,
CT-000475,Nomsa Odhiambo,james.odhiambo.delta268@vg-eval.test,254-721-472849,KE,Machakos,2026-04-06T16:48:47Z,active,true,,,KILELE,corrected in Sept export
CT-073902,Thandi Dlamini,thandi.achieng.delta2372@vg-eval.test,0712854011,KE,Nakuru,2026-01-01T17:09:55Z,active,true,,,KILELE,corrected in Sept export
CT-056456,Alice Alaoui,brian.berrada.delta1329@vg-eval.test,+254 707 352 693,KE,Kisumu,2026-02-10T08:55:52Z,active,true,,,KILELE,corrected in Sept export
CT-063621,Lerato Dlamini,lerato.mwangi.delta1985@vg-eval.test,+254 730 962 963,KE,Machakos,2026-03-05T08:40:17Z,active,true,,,KILELE,corrected in Sept export
CT-012575,Lerato Alaoui,james.barasa.delta1601@vg-eval.test,254-710-605799,KE,Nairobi,2026-01-27T22:59:03Z,active,false,,,KILELE,corrected in Sept export
CT-201282,Paul Barasa,salma.mokoena.delta3783@vg-eval.test,+254 739 279 867,KE,Eldoret,2026-08-10T16:41:13Z,active,true,,,KILELE,
CT-037117,Diana Achieng,grace.kiptoo.delta386@vg-eval.test,0710605222,KE,Machakos,2026-01-19T13:56:17Z,active,true,,,KILELE,corrected in Sept export
CT-200186,Ruth Wafula,david.tazi.delta2687@vg-eval.test,+254 707 170 643,KE,Kisumu,2026-08-29T06:56:51Z,active,true,,,KILELE,
CT-200487,Alice Odhiambo,nancy.odhiambo.delta2988@vg-eval.test,254-712-281492,KE,Kericho,2026-08-22T20:02:02Z,active,true,,,KILELE,
CT-051178,Lerato Naidoo,kevin.zahra.delta911@vg-eval.test,025724172394,KE,Thika,2026-01-19T10:17:48Z,active,false,,,KILELE,corrected in Sept export
CT-074622,Johan Dlamini,michael.tazi.delta2259@vg-eval.test,025723669948,KE,Malindi,2026-02-27T13:35:58Z,active,true,,,KILELE,corrected in Sept export
CT-201532,John Zahra,karim.kiptoo.delta4033@vg-eval.test,0721144230,KE,Eldoret,2026-08-10T03:04:01Z,active,false,,,KILELE,
CT-200941,Simon Wanjiru,daniel.haddad.delta3442@vg-eval.test,025725410674,KE,Thika,2026-08-23T11:18:28Z,active,true,,,KILELE,
CT-002112,Karim Barasa,paul.naidoo.delta1472@vg-eval.test,025703779671,KE,Malindi,2026-01-15T13:32:06Z,active,true,,,KILELE,corrected in Sept export
CT-033262,Samuel Dlamini,karim.otieno.delta307@vg-eval.test,0709555129,KE,Nyeri,2026-01-29T03:20:50Z,active,false,,,KILELE,corrected in Sept export
CT-069556,Sarah Otieno,salma.kimani.delta1978@vg-eval.test,+254 738 969 162,KE,Eldoret,2026-03-22T21:14:20Z,active,true,,,KILELE,corrected in Sept export
CT-055098,Diana Zahra,nancy.kiptoo.delta239@vg-eval.test,254-710-729403,KE,Thika,2026-01-20T00:26:48Z,active,false,,,KILELE,corrected in Sept export
CT-200635,Peter Odhiambo,mary.otieno.delta3136@vg-eval.test,254-702-425482,KE,Malindi,2026-08-03T14:04:00Z,active,true,,,KILELE,
CT-200567,Victor Pretorius,daniel.njenga.delta3068@vg-eval.test,254-738-985393,KE,Kisumu,2026-08-11T20:22:25Z,active,true,,,KILELE,
CT-030141,Nomsa Pretorius,ann.kamau.delta2484@vg-eval.test,025728567503,KE,Malindi,2026-02-11T07:25:54Z,active,true,,,KILELE,corrected in Sept export
CT-201479,Yassine Berrada,pieter.otieno.delta3980@vg-eval.test,254-719-933787,KE,Kericho,2026-08-29T19:53:59Z,active,false,,,KILELE,
CT-200856,Layla Okoth,lucy.mutua.delta3357@vg-eval.test,0734067799,KE,Thika,2026-08-25T09:17:03Z,active,true,,,KILELE,
CT-200861,Sipho Mokoena,dennis.odhiambo.delta3362@vg-eval.test,025701770915,KE,Kericho,2026-08-16T20:47:32Z,active,false,,,KILELE,
CT-200206,Mary Tazi,kevin.pretorius.delta2707@vg-eval.test,+254 725 377 096,KE,Machakos,2026-08-11T05:17:00Z,active,false,,,KILELE,
CT-059400,Kevin Mutua,simon.berrada.delta648@vg-eval.test,0702518306,KE,Mombasa,2026-01-08T06:29:59Z,active,false,,,KILELE,corrected in Sept export
CT-048916,Mary Bennani,omar.otieno.delta2332@vg-eval.test,0724286617,KE,Mombasa,2026-02-20T23:39:58Z,active,true,,,KILELE,corrected in Sept export
CT-013238,Michael Cheruiyot,ann.naidoo.delta813@vg-eval.test,0710375516,KE,Nakuru,2026-02-28T03:22:39Z,active,true,,,KILELE,corrected in Sept export
CT-200302,Isaac Pretorius,david.vermeulen.delta2803@vg-eval.test,+254 739 444 800,KE,Mombasa,2026-08-12T02:52:42Z,active,false,,,KILELE,
CT-005913,Michael Mokoena,diana.njoroge.delta762@vg-eval.test,+254 703 898 852,KE,Malindi,2026-03-21T00:02:31Z,active,false,,,KILELE,corrected in Sept export
CT-201292,Peter Mutua,salma.achieng.delta3793@vg-eval.test,0737484314,KE,Machakos,2026-08-25T18:57:09Z,active,false,,,KILELE,
CT-200247,Brian Mokoena,paul.mokoena.delta2748@vg-eval.test,254-736-869729,KE,Malindi,2026-08-31T12:54:25Z,active,false,,,KILELE,
CT-021729,Rose Njenga,paul.njenga.delta2163@vg-eval.test,0707849041,KE,Nakuru,2026-02-21T16:24:38Z,active,false,,,KILELE,corrected in Sept export
CT-043790,Layla Okoth,sipho.fassi.delta2072@vg-eval.test,025712598684,KE,Machakos,2026-01-12T23:04:15Z,active,false,,,KILELE,corrected in Sept export
CT-201561,Ann Vermeulen,isaac.haddad.delta4062@vg-eval.test,025733425065,KE,Kericho,2026-08-22T03:36:51Z,active,false,,,KILELE,
CT-042268,Alice Otieno,michael.okoth.delta832@vg-eval.test,254-716-641640,KE,Thika,2026-02-23T10:31:13Z,active,true,,,KILELE,corrected in Sept export
CT-039921,Grace Wafula,michael.nkosi.delta2298@vg-eval.test,254-736-574092,KE,Kisumu,2026-03-16T11:33:38Z,active,true,,,KILELE,corrected in Sept export
CT-021525,Alice Haddad,ruth.okoth.delta1520@vg-eval.test,025711575328,KE,Nyeri,2026-01-24T11:03:30Z,active,false,,,KILELE,corrected in Sept export
CT-047981,Brian Haddad,james.tazi.delta1807@vg-eval.test,254-713-713295,KE,Mombasa,2026-01-28T23:34:33Z,active,false,,,KILELE,corrected in Sept export
CT-011115,Zanele Bennani,fatima.bennani.delta1015@vg-eval.test,025721334248,KE,Kisumu,2026-02-24T18:15:02Z,active,true,,,KILELE,corrected in Sept export
CT-045612,Joan Naidoo,simon.achieng.delta768@vg-eval.test,254-703-011661,KE,Mombasa,2026-03-20T11:46:27Z,active,true,,,KILELE,corrected in Sept export
CT-200274,Thandi Tazi,samuel.zahra.delta2775@vg-eval.test,+254 738 262 405,KE,Kisumu,2026-08-10T17:32:32Z,active,true,,,KILELE,
CT-072884,Alice Kiptoo,thandi.kimani.delta676@vg-eval.test,0734950640,KE,Eldoret,2026-03-31T04:19:13Z,active,true,,,KILELE,corrected in Sept export
CT-201310,Amina Mwangi,mercy.barasa.delta3811@vg-eval.test,+254 721 164 464,KE,Nairobi,2026-08-12T14:20:47Z,active,false,,,KILELE,
CT-200574,Nomsa Kimani,rachid.mwangi.delta3075@vg-eval.test,+254 726 412 914,KE,Nyeri,2026-08-27T06:18:23Z,active,false,,,KILELE,
CT-039515,Pieter Achieng,johan.tazi.delta390@vg-eval.test,0726083499,KE,Kisumu,2026-02-20T10:29:33Z,active,false,,,KILELE,corrected in Sept export
CT-054599,Layla Njenga,paul.cheruiyot.delta2289@vg-eval.test,025725124527,KE,Kisumu,2026-01-12T13:04:08Z,active,false,,,KILELE,corrected in Sept export
CT-037940,Ruth Kimani,brian.otieno.delta1023@vg-eval.test,254-722-373932,KE,Mombasa,2026-03-17T06:42:19Z,active,false,,,KILELE,corrected in Sept export
CT-200130,Pieter Barasa,amina.pretorius.delta2631@vg-eval.test,+254 708 235 802,KE,Thika,2026-08-10T07:55:34Z,active,true,,,KILELE,
CT-201219,Amina Pretorius,sarah.dlamini.delta3720@vg-eval.test,254-704-474760,KE,Eldoret,2026-08-27T19:20:14Z,active,false,,,KILELE,
CT-018947,Grace Mutua,paul.njenga.delta2102@vg-eval.test,0739713233,KE,Eldoret,2026-01-04T23:22:01Z,active,true,,,KILELE,corrected in Sept export
CT-016257,Lucy Pretorius,mercy.mwangi.delta1778@vg-eval.test,0716216281,KE,Kericho,2026-04-06T18:24:38Z,active,false,,,KILELE,corrected in Sept export
CT-200845,Fatima Pretorius,diana.wafula.delta3346@vg-eval.test,025710090892,KE,Malindi,2026-08-22T18:23:33Z,active,true,,,KILELE,
CT-201033,Brian Fassi,pieter.mutua.delta3534@vg-eval.test,025729438632,KE,Kisumu,2026-08-11T05:45:38Z,active,true,,,KILELE,
CT-200067,Daniel Berrada,victor.mokoena.delta2568@vg-eval.test,254-715-137054,KE,Nairobi,2026-08-21T00:44:56Z,active,false,,,KILELE,
CT-063196,Paul Wafula,george.mutua.delta361@vg-eval.test,025724428015,KE,Machakos,2026-03-29T12:00:36Z,active,false,,,KILELE,corrected in Sept export
CT-201163,Simon Kamau,pieter.zahra.delta3664@vg-eval.test,254-702-133185,KE,Machakos,2026-08-13T16:21:15Z,active,false,,,KILELE,
CT-201202,Joan Wanjiru,rose.berrada.delta3703@vg-eval.test,+254 737 709 123,KE,Kisumu,2026-08-20T08:26:11Z,active,false,,,KILELE,
CT-053666,Simon Dlamini,amina.wafula.delta2271@vg-eval.test,+254 705 584 271,KE,Mombasa,2026-01-07T16:32:31Z,active,false,,,KILELE,corrected in Sept export
CT-200714,Peter Elidrissi,sipho.kimani.delta3215@vg-eval.test,+254 732 871 791,KE,Eldoret,2026-08-08T20:24:16Z,active,true,,,KILELE,
CT-200610,Yassine Alaoui,john.pretorius.delta3111@vg-eval.test,+254 708 288 366,KE,Malindi,2026-08-17T20:30:52Z,active,false,,,KILELE,
CT-053060,Simon Zahra,fatima.dlamini.delta1655@vg-eval.test,0715922518,KE,Thika,2026-02-07T05:06:05Z,active,true,,,KILELE,corrected in Sept export
CT-011779,Caroline Pretorius,michael.okoth.delta1031@vg-eval.test,254-702-158131,KE,Kisumu,2026-03-13T06:24:55Z,active,false,,,KILELE,corrected in Sept export
CT-201563,Samuel Wanjiru,simon.fassi.delta4064@vg-eval.test,254-721-328222,KE,Thika,2026-08-04T23:53:05Z,active,true,,,KILELE,
CT-201237,Amina Njenga,nancy.odhiambo.delta3738@vg-eval.test,025718580217,KE,Mombasa,2026-08-10T17:21:57Z,active,true,,,KILELE,
CT-019376,Zanele Njoroge,mercy.otieno.delta623@vg-eval.test,0704372223,KE,Nyeri,2026-03-04T23:47:59Z,active,true,,,KILELE,corrected in Sept export
CT-200517,Salma Haddad,ann.tazi.delta3018@vg-eval.test,025703018096,KE,Kisumu,2026-08-24T17:39:38Z,active,true,,,KILELE,
CT-053771,Isaac Cheruiyot,faith.benali.delta1850@vg-eval.test,0731223491,KE,Kisumu,2026-02-21T12:16:05Z,active,true,,,KILELE,corrected in Sept export
CT-071216,Nomsa Fassi,lucy.kimani.delta2326@vg-eval.test,0722222681,KE,Kericho,2026-01-28T05:53:01Z,active,true,,,KILELE,corrected in Sept export
CT-051984,Amina Wafula,george.barasa.delta1996@vg-eval.test,0726013441,KE,Kericho,2026-01-08T07:19:37Z,active,true,,,KILELE,corrected in Sept export
CT-052251,Omar Tazi,zanele.mutua.delta2376@vg-eval.test,0722341543,KE,Machakos,2026-01-12T07:46:25Z,active,false,,,KILELE,corrected in Sept export
CT-005168,Karim Kamau,thandi.mokoena.delta1502@vg-eval.test,0717158872,KE,Thika,2026-01-03T04:19:12Z,active,true,,,KILELE,corrected in Sept export
CT-200587,Nancy Mwangi,george.otieno.delta3088@vg-eval.test,254-717-575362,KE,Kisumu,2026-08-16T12:27:17Z,active,false,,,KILELE,
CT-200194,Faith Kimani,faith.tazi.delta2695@vg-eval.test,+254 727 685 270,KE,Thika,2026-08-31T05:44:16Z,active,true,,,KILELE,
CT-200158,Nomsa Kamau,salma.kiptoo.delta2659@vg-eval.test,+254 721 922 838,KE,Thika,2026-08-24T07:01:20Z,active,false,,,KILELE,
CT-200953,Alice Achieng,simon.cheruiyot.delta3454@vg-eval.test,025721030337,KE,Nyeri,2026-08-16T17:58:51Z,active,false,,,KILELE,
CT-200443,Peter Mokoena,michael.bennani.delta2944@vg-eval.test,254-718-482736,KE,Nakuru,2026-08-23T23:00:16Z,active,false,,,KILELE,
CT-201334,John Okoth,kevin.benali.delta3835@vg-eval.test,+254 719 911 305,KE,Kisumu,2026-08-09T06:31:25Z,active,false,,,KILELE,
CT-008156,Esther Zahra,mary.mutua.delta138@vg-eval.test,025739803054,KE,Machakos,2026-03-03T03:44:44Z,active,true,,,KILELE,corrected in Sept export
CT-201503,George Alaoui,nomsa.fassi.delta4004@vg-eval.test,254-736-888700,KE,Eldoret,2026-08-24T13:22:19Z,active,true,,,KILELE,
CT-060196,Nancy Achieng,james.haddad.delta2333@vg-eval.test,+254 719 513 759,KE,Thika,2026-01-20T12:06:53Z,active,false,,,KILELE,corrected in Sept export
CT-068639,Ruth Kimani,pieter.wafula.delta1800@vg-eval.test,025710844566,KE,Nyeri,2026-02-08T02:09:21Z,active,false,,,KILELE,corrected in Sept export
CT-073615,Diana Berrada,johan.zahra.delta1773@vg-eval.test,025720551830,KE,Kisumu,2026-02-28T20:25:10Z,active,true,,,KILELE,corrected in Sept export
CT-075001,Sipho Kiptoo,kevin.kiptoo.delta1493@vg-eval.test,0719517324,KE,Nakuru,2026-03-30T00:03:00Z,active,true,,,KILELE,corrected in Sept export
CT-047630,Joan Njoroge,john.benali.delta1442@vg-eval.test,025701365976,KE,Nyeri,2026-01-15T03:06:28Z,active,false,,,KILELE,corrected in Sept export
CT-043446,Michael Elidrissi,caroline.odhiambo.delta1625@vg-eval.test,025708206974,KE,Mombasa,2026-02-20T21:48:34Z,active,false,,,KILELE,corrected in Sept export
CT-045305,Ann Zahra,grace.odhiambo.delta991@vg-eval.test,0732267868,KE,Kisumu,2026-03-07T04:03:24Z,active,false,,,KILELE,corrected in Sept export
CT-200009,Nomsa Achieng,zanele.otieno.delta2510@vg-eval.test,025704705475,KE,Mombasa,2026-08-02T10:12:53Z,active,true,,,KILELE,
CT-200915,Faith Haddad,david.alaoui.delta3416@vg-eval.test,254-707-879699,KE,Nakuru,2026-08-26T15:00:29Z,active,true,,,KILELE,
CT-025220,Ruth Njoroge,sipho.njenga.delta66@vg-eval.test,0725613101,KE,Nairobi,2026-01-10T13:07:07Z,active,false,,,KILELE,corrected in Sept export
CT-201673,Rachid Achieng,ann.dlamini.delta4174@vg-eval.test,025707500843,KE,Malindi,2026-08-19T09:12:40Z,active,false,,,KILELE,
CT-009330,Layla Otieno,daniel.benali.delta1133@vg-eval.test,025711200911,KE,Nairobi,2026-01-02T11:22:37Z,active,true,,,KILELE,corrected in Sept export
CT-006646,Samuel Naidoo,joan.odhiambo.delta2088@vg-eval.test,0722974181,KE,Machakos,2026-03-10T15:15:24Z,active,true,,,KILELE,corrected in Sept export
CT-201177,Caroline Kimani,michael.berrada.delta3678@vg-eval.test,025704199252,KE,Thika,2026-08-26T19:09:09Z,active,true,,,KILELE,
CT-048864,Victor Vermeulen,thandi.njoroge.delta264@vg-eval.test,+254 709 161 183,KE,Kericho,2026-01-14T21:16:32Z,active,true,,,KILELE,corrected in Sept export
CT-200527,Nancy Kimani,salma.nkosi.delta3028@vg-eval.test,254-713-379550,KE,Malindi,2026-08-22T02:16:03Z,active,true,,,KILELE,
CT-058749,Mercy Elidrissi,alice.alaoui.delta2235@vg-eval.test,0735398428,KE,Nairobi,2026-03-25T12:12:05Z,active,false,,,KILELE,corrected in Sept export
CT-073558,Joan Haddad,samuel.njoroge.delta644@vg-eval.test,0722271771,KE,Mombasa,2026-04-11T07:11:19Z,active,false,,,KILELE,corrected in Sept export
CT-018580,Sipho Wanjiru,nancy.kamau.delta2442@vg-eval.test,0708763378,KE,Nairobi,2026-03-23T15:32:54Z,active,false,,,KILELE,corrected in Sept export
CT-074535,Karim Elidrissi,lucy.kimani.delta2071@vg-eval.test,0715715795,KE,Mombasa,2026-01-20T00:54:43Z,active,true,,,KILELE,corrected in Sept export
CT-045337,Samuel Kiptoo,alice.pretorius.delta1828@vg-eval.test,025708986762,KE,Eldoret,2026-02-20T22:31:25Z,active,false,,,KILELE,corrected in Sept export
CT-016538,James Mokoena,faith.haddad.delta2119@vg-eval.test,0705887898,KE,Malindi,2026-04-11T22:21:41Z,active,true,,,KILELE,corrected in Sept export
CT-052344,Mercy Elidrissi,isaac.pretorius.delta1297@vg-eval.test,0735102044,KE,Kericho,2026-04-16T08:14:06Z,active,false,,,KILELE,corrected in Sept export
CT-078673,Ruth Mokoena,paul.barasa.delta1554@vg-eval.test,025705346236,KE,Nairobi,2026-01-30T06:00:39Z,active,false,,,KILELE,corrected in Sept export
CT-063203,Michael Okoth,faith.benali.delta653@vg-eval.test,+254 717 754 620,KE,Machakos,2026-01-09T13:21:16Z,active,true,,,KILELE,corrected in Sept export
CT-077049,Thandi Kiptoo,ann.mutua.delta2302@vg-eval.test,025726718973,KE,Kisumu,2026-03-24T20:55:52Z,active,true,,,KILELE,corrected in Sept export
CT-045118,Esther Okoth,brian.kimani.delta1104@vg-eval.test,0703983075,KE,Nairobi,2026-03-06T13:22:31Z,active,false,,,KILELE,corrected in Sept export
CT-200430,Lerato Kimani,rachid.cheruiyot.delta2931@vg-eval.test,+254 700 739 467,KE,Thika,2026-08-28T19:04:18Z,active,true,,,KILELE,
CT-200205,Grace Alaoui,grace.berrada.delta2706@vg-eval.test,025737335185,KE,Thika,2026-08-20T19:23:37Z,active,false,,,KILELE,
CT-070988,George Mutua,faith.nkosi.delta2390@vg-eval.test,0719069634,KE,Nairobi,2026-01-25T14:39:43Z,active,true,,,KILELE,corrected in Sept export
CT-063257,John Mokoena,george.odhiambo.delta1077@vg-eval.test,0722044253,KE,Eldoret,2026-04-12T13:58:05Z,active,false,,,KILELE,corrected in Sept export
CT-002065,Dennis Mutua,salma.njenga.delta1718@vg-eval.test,+254 736 181 387,KE,Machakos,2026-04-02T07:29:11Z,active,true,,,KILELE,corrected in Sept export
CT-021046,Paul Cheruiyot,daniel.dlamini.delta1289@vg-eval.test,254-721-529472,KE,Mombasa,2026-03-13T07:34:29Z,active,true,,,KILELE,corrected in Sept export
CT-071502,Esther Otieno,amina.nkosi.delta313@vg-eval.test,254-709-244009,KE,Kericho,2026-02-12T20:29:03Z,active,true,,,KILELE,corrected in Sept export
CT-010059,Faith Achieng,yassine.wanjiru.delta1904@vg-eval.test,0738703954,KE,Thika,2026-03-06T01:57:04Z,active,true,,,KILELE,corrected in Sept export
CT-024171,James Haddad,grace.kimani.delta1194@vg-eval.test,0719592296,KE,Nakuru,2026-03-02T00:40:19Z,active,true,,,KILELE,corrected in Sept export
CT-048695,Joan Bennani,layla.kimani.delta2078@vg-eval.test,0714056997,KE,Nakuru,2026-02-22T20:12:30Z,active,true,,,KILELE,corrected in Sept export
CT-045340,Karim Benali,nomsa.haddad.delta1513@vg-eval.test,0705806425,KE,Thika,2026-01-07T02:15:34Z,active,true,,,KILELE,corrected in Sept export
CT-073487,Layla Mutua,salma.mutua.delta2433@vg-eval.test,254-700-830093,KE,Kericho,2026-02-07T02:30:04Z,active,true,,,KILELE,corrected in Sept export
CT-074442,Daniel Okoth,sarah.elidrissi.delta2416@vg-eval.test,+254 706 597 198,KE,Eldoret,2026-01-05T13:31:38Z,active,false,,,KILELE,corrected in Sept export
CT-200029,Sipho Kamau,sipho.kamau.delta2530@vg-eval.test,025703157120,KE,Machakos,2026-08-03T04:20:44Z,active,true,,,KILELE,
CT-076377,Pieter Mwangi,karim.pretorius.delta673@vg-eval.test,025732649274,KE,Kisumu,2026-01-26T14:50:28Z,active,true,,,KILELE,corrected in Sept export
CT-053701,Ruth Njenga,alice.berrada.delta1868@vg-eval.test,0734322370,KE,Nairobi,2026-02-16T19:21:16Z,active,false,,,KILELE,corrected in Sept export
CT-025250,Esther Naidoo,esther.zahra.delta520@vg-eval.test,+254 713 336 541,KE,Thika,2026-02-08T18:59:07Z,active,true,,,KILELE,corrected in Sept export
CT-058737,Mercy Tazi,lerato.barasa.delta1157@vg-eval.test,254-727-527042,KE,Thika,2026-03-09T03:48:27Z,active,false,,,KILELE,corrected in Sept export
CT-012708,Zanele Kimani,esther.vermeulen.delta997@vg-eval.test,254-722-021804,KE,Nakuru,2026-02-13T06:05:28Z,active,false,,,KILELE,corrected in Sept export
CT-005506,Fatima Mokoena,kevin.kamau.delta966@vg-eval.test,025730293472,KE,Mombasa,2026-03-24T06:49:22Z,active,true,,,KILELE,corrected in Sept export
CT-200420,David Okoth,alice.vermeulen.delta2921@vg-eval.test,0732230570,KE,Thika,2026-08-09T09:33:02Z,active,true,,,KILELE,
CT-022436,Yassine Alaoui,alice.kamau.delta1101@vg-eval.test,+254 705 316 372,KE,Machakos,2026-03-28T04:11:24Z,active,true,,,KILELE,corrected in Sept export
CT-200752,Lerato Kimani,yassine.tazi.delta3253@vg-eval.test,0735053397,KE,Kisumu,2026-08-08T15:34:45Z,active,true,,,KILELE,
CT-012962,Sipho Elidrissi,mercy.odhiambo.delta1246@vg-eval.test,+254 734 334 927,KE,Nyeri,2026-01-19T03:05:31Z,active,false,,,KILELE,corrected in Sept export
CT-056351,Joan Odhiambo,brian.mokoena.delta347@vg-eval.test,025708835532,KE,Eldoret,2026-02-10T12:25:43Z,active,true,,,KILELE,corrected in Sept export
CT-200544,Kevin Tazi,george.otieno.delta3045@vg-eval.test,0721793776,KE,Nairobi,2026-08-05T13:55:20Z,active,false,,,KILELE,
CT-018145,Nomsa Mokoena,joan.benali.delta297@vg-eval.test,0707690374,KE,Nakuru,2026-02-16T20:14:09Z,active,false,,,KILELE,corrected in Sept export
CT-200928,Sarah Berrada,david.alaoui.delta3429@vg-eval.test,0712118309,KE,Kisumu,2026-08-22T22:07:38Z,active,false,,,KILELE,
CT-071209,Isaac Nkosi,ruth.cheruiyot.delta1546@vg-eval.test,0729246171,KE,Kisumu,2026-01-08T23:04:03Z,active,false,,,KILELE,corrected in Sept export
CT-039447,Sarah Achieng,alice.mokoena.delta1836@vg-eval.test,025722135354,KE,Mombasa,2026-03-24T01:19:56Z,active,false,,,KILELE,corrected in Sept export
CT-080481,Paul Wafula,ruth.kiptoo.delta559@vg-eval.test,0735403067,KE,Nakuru,2026-02-10T18:00:11Z,active,false,,,KILELE,corrected in Sept export
CT-070716,Nancy Naidoo,nomsa.wanjiru.delta1061@vg-eval.test,025714748351,KE,Nakuru,2026-01-19T18:45:09Z,active,true,,,KILELE,corrected in Sept export
CT-200538,Kevin Wafula,layla.benali.delta3039@vg-eval.test,+254 728 078 581,KE,Thika,2026-08-05T06:28:59Z,active,true,,,KILELE,
CT-031276,Amina Njoroge,kevin.tazi.delta2199@vg-eval.test,0714257806,KE,Nairobi,2026-04-15T13:03:51Z,active,true,,,KILELE,corrected in Sept export
CT-022201,Kevin Benali,amina.naidoo.delta1813@vg-eval.test,0730897877,KE,Thika,2026-01-29T23:41:32Z,active,false,,,KILELE,corrected in Sept export
CT-201365,Rose Dlamini,victor.otieno.delta3866@vg-eval.test,025701387648,KE,Kericho,2026-08-10T06:03:10Z,active,false,,,KILELE,
CT-012183,Thandi Otieno,kevin.odhiambo.delta975@vg-eval.test,+254 718 883 183,KE,Eldoret,2026-04-16T02:09:11Z,active,false,,,KILELE,corrected in Sept export
CT-023359,Rose Benali,yassine.njoroge.delta1946@vg-eval.test,0711757750,KE,Eldoret,2026-02-15T14:07:25Z,active,true,,,KILELE,corrected in Sept export
CT-201182,Victor Mokoena,lerato.tazi.delta3683@vg-eval.test,+254 711 083 803,KE,Mombasa,2026-08-12T16:12:09Z,active,false,,,KILELE,
CT-005157,Thandi Naidoo,nomsa.odhiambo.delta1533@vg-eval.test,254-731-474507,KE,Nyeri,2026-03-02T15:58:02Z,active,false,,,KILELE,corrected in Sept export
CT-074071,Ruth Achieng,james.alaoui.delta256@vg-eval.test,+254 735 950 598,KE,Machakos,2026-01-20T07:58:36Z,active,true,,,KILELE,corrected in Sept export
CT-058468,James Nkosi,peter.achieng.delta1651@vg-eval.test,254-737-885869,KE,Thika,2026-02-23T02:44:26Z,active,true,,,KILELE,corrected in Sept export
CT-005974,Yassine Bennani,yassine.haddad.delta1919@vg-eval.test,0702387678,KE,Kisumu,2026-03-24T00:37:51Z,active,true,,,KILELE,corrected in Sept export
CT-048553,Rachid Kamau,sipho.tazi.delta874@vg-eval.test,+254 735 308 470,KE,Kericho,2026-03-06T06:43:02Z,active,true,,,KILELE,corrected in Sept export
CT-201032,Sarah Barasa,alice.kiptoo.delta3533@vg-eval.test,0708499528,KE,Machakos,2026-08-09T23:17:36Z,active,false,,,KILELE,
CT-200330,Thandi Pretorius,amina.pretorius.delta2831@vg-eval.test,+254 712 673 076,KE,Kericho,2026-08-27T06:58:34Z,active,true,,,KILELE,
CT-201170,Nomsa Cheruiyot,pieter.cheruiyot.delta3671@vg-eval.test,+254 716 271 462,KE,Nyeri,2026-08-19T22:02:45Z,active,true,,,KILELE,
CT-200772,Joan Kamau,caroline.mutua.delta3273@vg-eval.test,0728141822,KE,Kisumu,2026-08-16T19:15:40Z,active,false,,,KILELE,
CT-201267,Daniel Benali,layla.njenga.delta3768@vg-eval.test,254-719-295058,KE,Nakuru,2026-08-16T03:20:12Z,active,true,,,KILELE,
CT-056734,Sipho Pretorius,salma.njenga.delta1881@vg-eval.test,025729475431,KE,Thika,2026-01-11T06:27:08Z,active,false,,,KILELE,corrected in Sept export
CT-051951,Sipho Bennani,sipho.bennani.delta1531@vg-eval.test,025701742710,KE,Kisumu,2026-03-27T05:59:54Z,active,true,,,KILELE,corrected in Sept export
CT-008543,Alice Mutua,mary.cheruiyot.delta1801@vg-eval.test,0735872896,KE,Eldoret,2026-01-31T05:11:32Z,active,false,,,KILELE,corrected in Sept export
CT-040423,Sarah Kimani,sipho.haddad.delta1524@vg-eval.test,254-718-801556,KE,Eldoret,2026-03-02T20:05:29Z,active,true,,,KILELE,corrected in Sept export
CT-065164,Mercy Alaoui,caroline.nkosi.delta2121@vg-eval.test,+254 730 495 990,KE,Mombasa,2026-02-24T11:55:23Z,active,true,,,KILELE,corrected in Sept export
CT-016100,Fatima Benali,grace.wafula.delta1338@vg-eval.test,254-708-020484,KE,Mombasa,2026-04-06T08:48:05Z,active,true,,,KILELE,corrected in Sept export
CT-200268,Lerato Wanjiru,james.bennani.delta2769@vg-eval.test,0717773718,KE,Nyeri,2026-08-12T16:47:38Z,active,false,,,KILELE,
CT-076660,Victor Okoth,ruth.njoroge.delta1907@vg-eval.test,025710617599,KE,Eldoret,2026-03-25T18:15:21Z,active,false,,,KILELE,corrected in Sept export
CT-200532,Johan Barasa,rachid.mutua.delta3033@vg-eval.test,0732197585,KE,Nakuru,2026-08-23T09:28:01Z,active,false,,,KILELE,
CT-069644,Mary Cheruiyot,kevin.haddad.delta1018@vg-eval.test,025737760892,KE,Nakuru,2026-01-09T03:50:19Z,active,true,,,KILELE,corrected in Sept export
CT-060135,Nomsa Bennani,ruth.nkosi.delta45@vg-eval.test,025719247624,KE,Mombasa,2026-01-11T11:39:02Z,active,true,,,KILELE,corrected in Sept export
CT-200585,Amina Haddad,esther.cheruiyot.delta3086@vg-eval.test,025713340194,KE,Mombasa,2026-08-07T20:28:01Z,active,true,,,KILELE,
CT-200545,Fatima Njenga,george.elidrissi.delta3046@vg-eval.test,025702962914,KE,Malindi,2026-08-16T05:27:49Z,active,true,,,KILELE,
CT-049206,Joan Dlamini,sipho.alaoui.delta2357@vg-eval.test,025705842043,KE,Nyeri,2026-01-05T10:03:03Z,active,true,,,KILELE,corrected in Sept export
CT-012995,John Nkosi,ruth.achieng.delta284@vg-eval.test,+254 705 952 685,KE,Kericho,2026-03-13T10:07:38Z,active,false,,,KILELE,corrected in Sept export
CT-078128,Kevin Mokoena,faith.nkosi.delta995@vg-eval.test,025723575444,KE,Eldoret,2026-03-01T18:07:52Z,active,false,,,KILELE,corrected in Sept export
CT-016984,Mary Vermeulen,lucy.njenga.delta1606@vg-eval.test,025724855912,KE,Thika,2026-01-19T22:59:53Z,active,false,,,KILELE,corrected in Sept export
CT-201125,Kevin Wafula,esther.vermeulen.delta3626@vg-eval.test,025729640754,KE,Nairobi,2026-08-11T19:02:08Z,active,false,,,KILELE,
CT-039378,Mary Wafula,samuel.mokoena.delta1994@vg-eval.test,0700729061,KE,Thika,2026-02-17T17:30:10Z,active,false,,,KILELE,corrected in Sept export
CT-200484,James Barasa,sarah.otieno.delta2985@vg-eval.test,0717825392,KE,Nakuru,2026-08-14T06:06:49Z,active,true,,,KILELE,
CT-010830,Grace Okoth,amina.mwangi.delta664@vg-eval.test,025705572394,KE,Eldoret,2026-02-07T23:57:51Z,active,false,,,KILELE,corrected in Sept export
CT-045575,Mary Barasa,samuel.njenga.delta727@vg-eval.test,+254 700 691 210,KE,Eldoret,2026-04-15T11:54:09Z,active,false,,,KILELE,corrected in Sept export
CT-066231,Paul Nkosi,david.nkosi.delta2220@vg-eval.test,025716707012,KE,Nakuru,2026-02-02T01:56:56Z,active,true,,,KILELE,corrected in Sept export
CT-200299,Kevin Mokoena,john.cheruiyot.delta2800@vg-eval.test,254-714-960483,KE,Thika,2026-08-17T09:34:01Z,active,false,,,KILELE,
CT-064889,John Tazi,brian.alaoui.delta629@vg-eval.test,254-717-363781,KE,Eldoret,2026-03-09T21:07:45Z,active,false,,,KILELE,corrected in Sept export
CT-003114,Ruth Barasa,james.bennani.delta765@vg-eval.test,+254 726 625 428,KE,Nyeri,2026-03-30T07:43:52Z,active,true,,,KILELE,corrected in Sept export
CT-201245,Alice Achieng,samuel.zahra.delta3746@vg-eval.test,025732005248,KE,Mombasa,2026-08-24T07:35:22Z,active,true,,,KILELE,
CT-053389,Rose Vermeulen,karim.bennani.delta1545@vg-eval.test,0719964755,KE,Thika,2026-03-06T10:12:09Z,active,false,,,KILELE,corrected in Sept export
CT-201306,Daniel Barasa,ann.elidrissi.delta3807@vg-eval.test,+254 715 491 790,KE,Eldoret,2026-08-04T21:03:22Z,active,true,,,KILELE,
CT-201028,Alice Bennani,daniel.dlamini.delta3529@vg-eval.test,0703370788,KE,Thika,2026-08-10T14:12:49Z,active,true,,,KILELE,
CT-201316,Esther Barasa,george.alaoui.delta3817@vg-eval.test,0702552734,KE,Malindi,2026-08-18T13:50:13Z,active,true,,,KILELE,
CT-201382,Diana Bennani,grace.haddad.delta3883@vg-eval.test,+254 727 304 688,KE,Malindi,2026-08-03T06:16:19Z,active,true,,,KILELE,
CT-062911,Nancy Okoth,victor.elidrissi.delta1815@vg-eval.test,254-736-990974,KE,Mombasa,2026-04-11T01:36:03Z,active,true,,,KILELE,corrected in Sept export
CT-068883,Nomsa Naidoo,kevin.haddad.delta1682@vg-eval.test,025704181113,KE,Nairobi,2026-02-11T11:37:49Z,active,true,,,KILELE,corrected in Sept export
CT-046511,Peter Haddad,kevin.zahra.delta1852@vg-eval.test,+254 725 695 466,KE,Nakuru,2026-04-07T23:07:04Z,active,false,,,KILELE,corrected in Sept export
CT-061368,Mary Njoroge,brian.mokoena.delta1058@vg-eval.test,0712773315,KE,Kisumu,2026-04-09T18:53:17Z,active,true,,,KILELE,corrected in Sept export
CT-055439,Grace Odhiambo,pieter.benali.delta518@vg-eval.test,0715987416,KE,Nakuru,2026-01-17T08:15:43Z,active,true,,,KILELE,corrected in Sept export
CT-061226,Omar Cheruiyot,mercy.njoroge.delta1686@vg-eval.test,254-722-295892,KE,Mombasa,2026-02-20T13:25:14Z,active,true,,,KILELE,corrected in Sept export
CT-029208,Layla Odhiambo,caroline.pretorius.delta550@vg-eval.test,254-700-691146,KE,Kericho,2026-02-01T04:56:47Z,active,true,,,KILELE,corrected in Sept export
CT-200262,Mercy Alaoui,mercy.njoroge.delta2763@vg-eval.test,+254 708 981 550,KE,Thika,2026-08-05T02:29:21Z,active,true,,,KILELE,
CT-032205,Paul Odhiambo,ruth.tazi.delta1619@vg-eval.test,+254 717 219 733,KE,Nyeri,2026-01-28T03:07:40Z,active,false,,,KILELE,corrected in Sept export
CT-201274,Nancy Alaoui,caroline.fassi.delta3775@vg-eval.test,+254 717 731 047,KE,Thika,2026-08-20T05:27:07Z,active,true,,,KILELE,
CT-201521,Sarah Kimani,ann.mwangi.delta4022@vg-eval.test,025713100535,KE,Nakuru,2026-08-24T19:53:35Z,active,true,,,KILELE,
CT-015466,Sarah Mokoena,lucy.cheruiyot.delta1889@vg-eval.test,025728741762,KE,Nyeri,2026-04-15T00:18:49Z,active,false,,,KILELE,corrected in Sept export
CT-201516,Omar Berrada,fatima.wanjiru.delta4017@vg-eval.test,0705134672,KE,Eldoret,2026-08-03T14:36:13Z,active,false,,,KILELE,
CT-201049,John Mutua,thandi.kiptoo.delta3550@vg-eval.test,025708922654,KE,Malindi,2026-08-06T09:22:24Z,active,false,,,KILELE,
CT-052599,Rose Odhiambo,sipho.okoth.delta1823@vg-eval.test,025707392052,KE,Kisumu,2026-01-15T03:50:33Z,active,false,,,KILELE,corrected in Sept export
CT-200204,John Alaoui,zanele.naidoo.delta2705@vg-eval.test,0703747379,KE,Nakuru,2026-08-15T11:02:16Z,active,true,,,KILELE,
CT-052583,Alice Fassi,johan.pretorius.delta1313@vg-eval.test,+254 701 810 457,KE,Nakuru,2026-03-29T11:20:34Z,active,false,,,KILELE,corrected in Sept export
CT-000234,Paul Wafula,peter.bennani.delta987@vg-eval.test,025725682683,KE,Nakuru,2026-04-03T17:18:07Z,active,true,,,KILELE,corrected in Sept export
CT-060565,Caroline Njoroge,george.pretorius.delta725@vg-eval.test,+254 733 859 923,KE,Machakos,2026-01-22T22:36:35Z,active,true,,,KILELE,corrected in Sept export
CT-200290,Nomsa Haddad,caroline.kiptoo.delta2791@vg-eval.test,+254 737 449 007,KE,Nakuru,2026-08-18T13:04:31Z,active,true,,,KILELE,
CT-201194,Diana Barasa,thandi.alaoui.delta3695@vg-eval.test,+254 714 012 019,KE,Mombasa,2026-08-09T06:40:01Z,active,false,,,KILELE,
CT-200793,Rose Elidrissi,samuel.tazi.delta3294@vg-eval.test,025708223769,KE,Thika,2026-08-18T06:17:19Z,active,false,,,KILELE,
CT-054655,Diana Pretorius,thandi.benali.delta2174@vg-eval.test,+254 723 829 213,KE,Nyeri,2026-03-26T19:21:08Z,active,true,,,KILELE,corrected in Sept export
CT-069088,Isaac Elidrissi,victor.naidoo.delta792@vg-eval.test,0710742771,KE,Kisumu,2026-01-01T03:43:22Z,active,true,,,KILELE,corrected in Sept export
CT-045568,Isaac Okoth,samuel.okoth.delta779@vg-eval.test,+254 731 597 942,KE,Machakos,2026-03-03T11:54:28Z,active,true,,,KILELE,corrected in Sept export
CT-200417,Fatima Njenga,sarah.dlamini.delta2918@vg-eval.test,025726506296,KE,Eldoret,2026-08-16T01:29:41Z,active,false,,,KILELE,
CT-200808,Dennis Pretorius,ruth.otieno.delta3309@vg-eval.test,0728550960,KE,Machakos,2026-08-06T09:56:58Z,active,false,,,KILELE,
CT-200497,Esther Mwangi,dennis.benali.delta2998@vg-eval.test,025725192126,KE,Kisumu,2026-08-18T16:33:03Z,active,false,,,KILELE,
CT-043246,Ruth Kiptoo,alice.vermeulen.delta217@vg-eval.test,0739014395,KE,Machakos,2026-03-02T21:45:30Z,active,true,,,KILELE,corrected in Sept export
CT-036878,Esther Nkosi,esther.kiptoo.delta2048@vg-eval.test,0703448627,KE,Thika,2026-01-15T15:19:15Z,active,false,,,KILELE,corrected in Sept export
CT-046542,Brian Mwangi,layla.fassi.delta281@vg-eval.test,254-701-238878,KE,Kericho,2026-03-01T02:51:46Z,active,true,,,KILELE,corrected in Sept export
CT-200813,David Mokoena,victor.elidrissi.delta3314@vg-eval.test,025719382423,KE,Nairobi,2026-08-29T13:26:27Z,active,true,,,KILELE,
CT-041228,Salma Odhiambo,simon.barasa.delta471@vg-eval.test,254-715-381898,KE,Eldoret,2026-04-03T11:12:52Z,active,false,,,KILELE,corrected in Sept export
CT-054853,Rachid Berrada,peter.berrada.delta30@vg-eval.test,0725144871,KE,Nakuru,2026-01-09T03:31:23Z,active,false,,,KILELE,corrected in Sept export
CT-039091,Johan Mutua,caroline.mutua.delta1489@vg-eval.test,+254 731 938 601,KE,Nyeri,2026-02-05T03:25:58Z,active,true,,,KILELE,corrected in Sept export
CT-200283,Faith Wafula,brian.tazi.delta2784@vg-eval.test,254-738-632103,KE,Machakos,2026-08-07T06:47:17Z,active,true,,,KILELE,
CT-201207,Paul Kiptoo,victor.pretorius.delta3708@vg-eval.test,254-719-344276,KE,Nairobi,2026-08-18T17:01:22Z,active,false,,,KILELE,
CT-200590,Isaac Kiptoo,sarah.barasa.delta3091@vg-eval.test,+254 736 098 385,KE,Eldoret,2026-08-22T20:39:50Z,active,true,,,KILELE,
CT-011581,Amina Njenga,nancy.fassi.delta65@vg-eval.test,0710226488,KE,Kericho,2026-03-13T06:54:58Z,active,false,,,KILELE,corrected in Sept export
CT-059978,Lucy Kamau,lucy.wanjiru.delta2388@vg-eval.test,025721314689,KE,Nairobi,2026-02-19T03:09:49Z,active,false,,,KILELE,corrected in Sept export
CT-062493,Zanele Barasa,karim.odhiambo.delta2132@vg-eval.test,254-735-784144,KE,Nyeri,2026-01-20T05:59:29Z,active,true,,,KILELE,corrected in Sept export
CT-200447,Paul Berrada,simon.odhiambo.delta2948@vg-eval.test,254-723-820580,KE,Nairobi,2026-08-09T10:16:22Z,active,false,,,KILELE,
CT-032676,Lerato Mwangi,thandi.kiptoo.delta519@vg-eval.test,025715073686,KE,Nakuru,2026-04-15T10:56:11Z,active,true,,,KILELE,corrected in Sept export
CT-006395,Simon Odhiambo,james.vermeulen.delta984@vg-eval.test,0734543336,KE,Nairobi,2026-01-17T04:05:47Z,active,false,,,KILELE,corrected in Sept export
CT-200490,Amina Otieno,sarah.kimani.delta2991@vg-eval.test,+254 725 837 082,KE,Malindi,2026-08-25T20:54:24Z,active,false,,,KILELE,
CT-056439,Samuel Odhiambo,george.kiptoo.delta703@vg-eval.test,0713438259,KE,Mombasa,2026-02-08T09:03:02Z,active,true,,,KILELE,corrected in Sept export
CT-027880,Zanele Benali,alice.mutua.delta1984@vg-eval.test,025720390645,KE,Kericho,2026-01-25T01:59:55Z,active,true,,,KILELE,corrected in Sept export
CT-201423,Peter Naidoo,thandi.kamau.delta3924@vg-eval.test,254-714-480980,KE,Kisumu,2026-08-19T09:32:44Z,active,false,,,KILELE,
CT-018110,James Vermeulen,lucy.fassi.delta492@vg-eval.test,+254 712 741 777,KE,Kisumu,2026-02-24T01:13:41Z,active,true,,,KILELE,corrected in Sept export
CT-025065,Ann Mokoena,caroline.odhiambo.delta2243@vg-eval.test,+254 739 191 969,KE,Nairobi,2026-02-26T02:56:17Z,active,true,,,KILELE,corrected in Sept export
CT-200754,Yassine Nkosi,brian.mwangi.delta3255@vg-eval.test,+254 716 795 184,KE,Mombasa,2026-08-16T21:44:15Z,active,false,,,KILELE,
CT-200568,Salma Odhiambo,thandi.haddad.delta3069@vg-eval.test,0716573723,KE,Kericho,2026-08-04T09:59:04Z,active,false,,,KILELE,
CT-201100,George Kimani,ruth.wafula.delta3601@vg-eval.test,0716783476,KE,Kisumu,2026-08-13T18:22:05Z,active,true,,,KILELE,
CT-012562,Caroline Elidrissi,johan.vermeulen.delta1201@vg-eval.test,+254 701 886 799,KE,Nakuru,2026-02-20T00:59:05Z,active,true,,,KILELE,corrected in Sept export
CT-200235,Pieter Kamau,mary.haddad.delta2736@vg-eval.test,254-734-477685,KE,Nyeri,2026-08-09T08:55:31Z,active,true,,,KILELE,
CT-003655,Sarah Kamau,diana.barasa.delta2223@vg-eval.test,254-716-236061,KE,Thika,2026-04-04T05:09:26Z,active,true,,,KILELE,corrected in Sept export
CT-200901,Fatima Alaoui,kevin.wanjiru.delta3402@vg-eval.test,025736484679,KE,Mombasa,2026-08-25T22:35:16Z,active,false,,,KILELE,
CT-042994,Samuel Benali,esther.njoroge.delta607@vg-eval.test,0735356178,KE,Nairobi,2026-02-16T16:53:45Z,active,true,,,KILELE,corrected in Sept export
CT-201560,Rose Kimani,sipho.achieng.delta4061@vg-eval.test,0723133026,KE,Nakuru,2026-08-04T11:47:11Z,active,true,,,KILELE,
CT-005550,Salma Cheruiyot,thandi.mokoena.delta2211@vg-eval.test,0700896837,KE,Thika,2026-03-09T03:42:30Z,active,true,,,KILELE,corrected in Sept export
CT-200675,Layla Cheruiyot,zanele.haddad.delta3176@vg-eval.test,254-716-280626,KE,Kisumu,2026-08-27T13:38:28Z,active,false,,,KILELE,
CT-200042,Michael Wanjiru,dennis.okoth.delta2543@vg-eval.test,+254 711 496 870,KE,Malindi,2026-08-22T02:23:38Z,active,true,,,KILELE,
CT-200396,Diana Kimani,peter.zahra.delta2897@vg-eval.test,0724728306,KE,Malindi,2026-08-05T23:51:07Z,active,false,,,KILELE,
CT-013785,Pieter Benali,samuel.elidrissi.delta1902@vg-eval.test,+254 721 341 972,KE,Mombasa,2026-04-12T01:36:12Z,active,false,,,KILELE,corrected in Sept export
CT-045481,Joan Nkosi,mercy.haddad.delta576@vg-eval.test,025718102712,KE,Kisumu,2026-01-02T08:58:23Z,active,true,,,KILELE,corrected in Sept export
CT-045756,Karim Achieng,yassine.alaoui.delta1963@vg-eval.test,254-711-533415,KE,Nakuru,2026-03-16T19:34:04Z,active,true,,,KILELE,corrected in Sept export
CT-017532,Pieter Benali,isaac.tazi.delta163@vg-eval.test,0734030721,KE,Nairobi,2026-01-11T16:35:41Z,active,true,,,KILELE,corrected in Sept export
CT-036334,Simon Tazi,simon.kiptoo.delta2165@vg-eval.test,254-723-063981,KE,Machakos,2026-02-11T16:34:20Z,active,false,,,KILELE,corrected in Sept export
CT-200983,Alice Odhiambo,simon.vermeulen.delta3484@vg-eval.test,254-721-734695,KE,Mombasa,2026-08-27T13:20:26Z,active,false,,,KILELE,
CT-200079,James Bennani,yassine.achieng.delta2580@vg-eval.test,254-715-199387,KE,Nairobi,2026-08-24T10:10:55Z,active,true,,,KILELE,
CT-201165,Mercy Zahra,joan.barasa.delta3666@vg-eval.test,025738443846,KE,Mombasa,2026-08-02T12:47:34Z,active,true,,,KILELE,
CT-037243,Sipho Wanjiru,faith.fassi.delta711@vg-eval.test,0704155824,KE,Malindi,2026-01-01T00:35:16Z,active,false,,,KILELE,corrected in Sept export
CT-200578,Ann Fassi,yassine.mutua.delta3079@vg-eval.test,+254 712 750 537,KE,Machakos,2026-08-17T23:37:08Z,active,true,,,KILELE,
CT-065807,George Cheruiyot,mercy.zahra.delta1847@vg-eval.test,0717940053,KE,Nakuru,2026-01-16T07:32:12Z,active,false,,,KILELE,corrected in Sept export
CT-075961,Layla Achieng,simon.njenga.delta854@vg-eval.test,254-726-647641,KE,Mombasa,2026-03-22T04:13:15Z,active,false,,,KILELE,corrected in Sept export
CT-007433,Rachid Alaoui,zanele.tazi.delta2389@vg-eval.test,0734911505,KE,Nairobi,2026-02-05T12:33:19Z,active,true,,,KILELE,corrected in Sept export
CT-027318,Salma Kimani,salma.fassi.delta2310@vg-eval.test,254-711-196279,KE,Nakuru,2026-02-20T17:21:17Z,active,false,,,KILELE,corrected in Sept export
CT-020572,Dennis Wanjiru,david.dlamini.delta135@vg-eval.test,+254 730 158 020,KE,Thika,2026-01-29T03:27:49Z,active,false,,,KILELE,corrected in Sept export
CT-054950,Johan Nkosi,mary.barasa.delta1235@vg-eval.test,254-724-656413,KE,Nyeri,2026-01-09T15:17:53Z,active,true,,,KILELE,corrected in Sept export
CT-201664,Salma Zahra,thandi.kamau.delta4165@vg-eval.test,0722421839,KE,Nakuru,2026-08-17T06:24:16Z,active,false,,,KILELE,
CT-054222,Michael Alaoui,michael.okoth.delta1331@vg-eval.test,025724722404,KE,Nakuru,2026-01-23T02:36:27Z,active,false,,,KILELE,corrected in Sept export
CT-065095,Simon Okoth,sipho.dlamini.delta1860@vg-eval.test,0705752765,KE,Nakuru,2026-03-22T19:27:29Z,active,true,,,KILELE,corrected in Sept export
CT-033161,Mary Njoroge,mercy.okoth.delta655@vg-eval.test,0707474617,KE,Mombasa,2026-03-21T10:11:25Z,active,true,,,KILELE,corrected in Sept export
CT-049411,Pieter Okoth,salma.pretorius.delta234@vg-eval.test,254-725-859311,KE,Malindi,2026-01-02T15:39:13Z,active,true,,,KILELE,corrected in Sept export
CT-051065,Amina Njoroge,ann.kamau.delta172@vg-eval.test,+254 739 296 723,KE,Nairobi,2026-02-04T18:36:46Z,active,true,,,KILELE,corrected in Sept export
CT-200210,Rose Vermeulen,karim.achieng.delta2711@vg-eval.test,+254 718 742 981,KE,Nakuru,2026-08-10T14:23:20Z,active,true,,,KILELE,
CT-033517,Ann Zahra,nancy.okoth.delta1361@vg-eval.test,025717553774,KE,Kericho,2026-02-14T09:22:45Z,active,true,,,KILELE,corrected in Sept export
CT-064536,Karim Odhiambo,amina.haddad.delta1558@vg-eval.test,+254 723 900 901,KE,Nairobi,2026-04-03T04:12:13Z,active,true,,,KILELE,corrected in Sept export
CT-057036,George Kimani,victor.mokoena.delta2466@vg-eval.test,254-729-509122,KE,Mombasa,2026-04-08T16:45:29Z,active,true,,,KILELE,corrected in Sept export
CT-005795,Kevin Tazi,mary.fassi.delta116@vg-eval.test,+254 709 022 340,KE,Eldoret,2026-04-15T23:37:10Z,active,true,,,KILELE,corrected in Sept export
CT-200547,Simon Nkosi,grace.pretorius.delta3048@vg-eval.test,254-722-657732,KE,Thika,2026-08-19T21:31:18Z,active,false,,,KILELE,
CT-200506,Zanele Haddad,ann.mwangi.delta3007@vg-eval.test,+254 700 993 936,KE,Nakuru,2026-08-25T10:00:11Z,active,false,,,KILELE,
CT-021936,Alice Alaoui,layla.kimani.delta809@vg-eval.test,025724202229,KE,Nairobi,2026-02-28T09:26:05Z,active,false,,,KILELE,corrected in Sept export
CT-039284,Thandi Kiptoo,brian.kiptoo.delta819@vg-eval.test,0713130305,KE,Kisumu,2026-02-13T08:24:24Z,active,false,,,KILELE,corrected in Sept export
CT-032801,Diana Odhiambo,sarah.wanjiru.delta688@vg-eval.test,+254 708 241 794,KE,Machakos,2026-02-11T23:22:09Z,active,false,,,KILELE,corrected in Sept export
CT-068770,John Mwangi,mercy.naidoo.delta912@vg-eval.test,254-735-679978,KE,Nairobi,2026-03-16T23:06:49Z,active,true,,,KILELE,corrected in Sept export
CT-065578,George Mokoena,peter.odhiambo.delta1776@vg-eval.test,025731277088,KE,Nairobi,2026-01-29T20:26:22Z,active,true,,,KILELE,corrected in Sept export
CT-054087,Pieter Njoroge,grace.kiptoo.delta389@vg-eval.test,254-709-611073,KE,Thika,2026-02-13T00:45:19Z,active,false,,,KILELE,corrected in Sept export
CT-016684,Faith Bennani,rose.pretorius.delta1278@vg-eval.test,0714778663,KE,Eldoret,2026-03-31T01:32:33Z,active,true,,,KILELE,corrected in Sept export
CT-200789,Daniel Mutua,omar.elidrissi.delta3290@vg-eval.test,025735836507,KE,Mombasa,2026-08-07T10:01:25Z,active,true,,,KILELE,
CT-041471,Isaac Njoroge,karim.fassi.delta1075@vg-eval.test,+254 713 172 511,KE,Mombasa,2026-01-24T21:33:56Z,active,false,,,KILELE,corrected in Sept export
CT-053539,Isaac Mokoena,ann.kiptoo.delta2367@vg-eval.test,+254 708 698 523,KE,Nairobi,2026-02-05T10:31:03Z,active,false,,,KILELE,corrected in Sept export
CT-201498,Johan Otieno,zanele.otieno.delta3999@vg-eval.test,+254 736 202 145,KE,Nyeri,2026-08-17T00:59:09Z,active,true,,,KILELE,
CT-018549,Alice Elidrissi,mercy.mokoena.delta73@vg-eval.test,254-708-122638,KE,Nairobi,2026-02-15T13:50:59Z,active,false,,,KILELE,corrected in Sept export
CT-035441,Samuel Naidoo,faith.kimani.delta2106@vg-eval.test,254-713-612334,KE,Nakuru,2026-03-21T15:05:45Z,active,false,,,KILELE,corrected in Sept export
CT-027754,Rose Nkosi,thandi.mokoena.delta816@vg-eval.test,254-720-973342,KE,Eldoret,2026-02-17T17:03:32Z,active,true,,,KILELE,corrected in Sept export
CT-073377,Sipho Kiptoo,grace.njenga.delta2115@vg-eval.test,254-708-147239,KE,Nakuru,2026-03-02T12:24:54Z,active,true,,,KILELE,corrected in Sept export
CT-010478,Faith Wafula,daniel.tazi.delta1306@vg-eval.test,254-736-156425,KE,Nakuru,2026-02-19T02:54:03Z,active,false,,,KILELE,corrected in Sept export
CT-000076,Joan Kimani,mercy.odhiambo.delta1559@vg-eval.test,025704415084,KE,Nakuru,2026-02-14T18:22:31Z,active,false,,,KILELE,corrected in Sept export
CT-070248,Simon Zahra,yassine.pretorius.delta739@vg-eval.test,254-726-387646,KE,Malindi,2026-03-25T07:33:06Z,active,true,,,KILELE,corrected in Sept export
CT-073250,Kevin Pretorius,salma.cheruiyot.delta905@vg-eval.test,025707915952,KE,Nairobi,2026-03-07T01:52:03Z,active,false,,,KILELE,corrected in Sept export
CT-201212,Dennis Achieng,johan.wafula.delta3713@vg-eval.test,0729315249,KE,Thika,2026-08-17T21:28:21Z,active,false,,,KILELE,
CT-200986,Alice Kimani,amina.naidoo.delta3487@vg-eval.test,+254 706 795 152,KE,Nyeri,2026-08-30T04:40:56Z,active,false,,,KILELE,
CT-201057,Zanele Barasa,pieter.wanjiru.delta3558@vg-eval.test,025728211474,KE,Nairobi,2026-08-27T08:48:10Z,active,true,,,KILELE,
CT-040775,Mary Fassi,alice.kiptoo.delta185@vg-eval.test,+254 736 352 248,KE,Nyeri,2026-04-16T07:24:39Z,active,false,,,KILELE,corrected in Sept export
CT-029821,Ruth Odhiambo,dennis.kiptoo.delta1334@vg-eval.test,0712880032,KE,Nairobi,2026-03-05T03:19:50Z,active,true,,,KILELE,corrected in Sept export
CT-038500,Rachid Nkosi,pieter.dlamini.delta981@vg-eval.test,025730794468,KE,Kisumu,2026-02-13T18:28:42Z,active,true,,,KILELE,corrected in Sept export
CT-029328,Pieter Barasa,faith.kiptoo.delta1498@vg-eval.test,025715113646,KE,Thika,2026-02-18T23:57:33Z,active,true,,,KILELE,corrected in Sept export
CT-009234,Rose Wafula,lerato.mutua.delta99@vg-eval.test,0716149415,KE,Malindi,2026-03-09T15:10:41Z,active,true,,,KILELE,corrected in Sept export
CT-075068,Alice Njoroge,samuel.wanjiru.delta437@vg-eval.test,025739134109,KE,Kericho,2026-02-07T03:30:27Z,active,false,,,KILELE,corrected in Sept export
CT-068373,Ann Kimani,david.okoth.delta1080@vg-eval.test,025703753270,KE,Nyeri,2026-02-13T10:38:14Z,active,true,,,KILELE,corrected in Sept export
CT-067366,Samuel Wafula,rose.vermeulen.delta1262@vg-eval.test,254-709-489462,KE,Thika,2026-04-09T13:24:54Z,active,true,,,KILELE,corrected in Sept export
CT-200809,Lerato Otieno,karim.achieng.delta3310@vg-eval.test,025729541363,KE,Kisumu,2026-08-25T03:44:29Z,active,true,,,KILELE,
CT-035211,Salma Barasa,pieter.alaoui.delta835@vg-eval.test,025714709460,KE,Malindi,2026-03-30T07:28:02Z,active,true,,,KILELE,corrected in Sept export
CT-201478,Brian Vermeulen,joan.njoroge.delta3979@vg-eval.test,+254 729 756 140,KE,Kericho,2026-08-01T06:16:18Z,active,false,,,KILELE,
CT-200694,Dennis Pretorius,grace.wafula.delta3195@vg-eval.test,+254 726 991 605,KE,Mombasa,2026-08-28T23:05:20Z,active,false,,,KILELE,
CT-071739,Layla Wafula,pieter.tazi.delta1225@vg-eval.test,0713234841,KE,Thika,2026-01-19T13:29:47Z,active,true,,,KILELE,corrected in Sept export
CT-200698,Brian Bennani,isaac.pretorius.delta3199@vg-eval.test,+254 703 354 025,KE,Nairobi,2026-08-01T05:00:35Z,active,false,,,KILELE,
CT-201626,Daniel Kiptoo,fatima.mokoena.delta4127@vg-eval.test,+254 726 632 315,KE,Nyeri,2026-08-27T07:05:27Z,active,false,,,KILELE,
CT-034639,Sarah Fassi,thandi.njenga.delta1702@vg-eval.test,+254 728 769 339,KE,Nyeri,2026-04-03T09:36:08Z,active,true,,,KILELE,corrected in Sept export
CT-201384,Omar Nkosi,dennis.mwangi.delta3885@vg-eval.test,0711968580,KE,Mombasa,2026-08-01T09:01:10Z,active,true,,,KILELE,
CT-200660,Sipho Bennani,dennis.bennani.delta3161@vg-eval.test,0737632671,KE,Nairobi,2026-08-01T23:30:42Z,active,true,,,KILELE,
CT-200826,Lucy Kiptoo,kevin.elidrissi.delta3327@vg-eval.test,+254 719 887 939,KE,Nyeri,2026-08-03T19:35:24Z,active,false,,,KILELE,
CT-076214,Pieter Elidrissi,david.nkosi.delta1893@vg-eval.test,025733984906,KE,Kisumu,2026-03-14T11:12:03Z,active,true,,,KILELE,corrected in Sept export
CT-061140,Amina Dlamini,caroline.barasa.delta48@vg-eval.test,254-722-085163,KE,Kisumu,2026-04-14T02:54:35Z,active,false,,,KILELE,corrected in Sept export
CT-010254,Rose Cheruiyot,nancy.achieng.delta55@vg-eval.test,+254 731 314 014,KE,Machakos,2026-04-03T15:51:30Z,active,false,,,KILELE,corrected in Sept export
CT-201447,Dennis Njenga,kevin.mokoena.delta3948@vg-eval.test,254-733-294839,KE,Nairobi,2026-08-21T16:30:57Z,active,true,,,KILELE,
CT-201485,Samuel Mokoena,esther.mokoena.delta3986@vg-eval.test,025731279361,KE,Nairobi,2026-08-21T22:56:55Z,active,false,,,KILELE,
CT-011518,Dennis Wafula,grace.alaoui.delta1844@vg-eval.test,0722926228,KE,Machakos,2026-01-27T08:01:35Z,active,false,,,KILELE,corrected in Sept export
CT-200266,Mary Dlamini,brian.tazi.delta2767@vg-eval.test,+254 726 117 820,KE,Mombasa,2026-08-13T09:12:30Z,active,true,,,KILELE,
CT-078032,Rose Mwangi,lerato.wafula.delta2152@vg-eval.test,0700983625,KE,Eldoret,2026-02-04T07:47:21Z,active,true,,,KILELE,corrected in Sept export
CT-069847,Brian Mokoena,joan.cheruiyot.delta2387@vg-eval.test,0726091202,KE,Kisumu,2026-03-06T03:48:34Z,active,false,,,KILELE,corrected in Sept export
CT-200216,Diana Pretorius,kevin.wanjiru.delta2717@vg-eval.test,0714016658,KE,Eldoret,2026-08-04T16:35:56Z,active,true,,,KILELE,
CT-022792,James Cheruiyot,sarah.alaoui.delta470@vg-eval.test,254-718-673819,KE,Nakuru,2026-02-21T13:00:10Z,active,false,,,KILELE,corrected in Sept export
CT-006396,Isaac Cheruiyot,nomsa.nkosi.delta598@vg-eval.test,0731820304,KE,Eldoret,2026-01-27T02:08:18Z,active,true,,,KILELE,corrected in Sept export
CT-010708,Joan Benali,michael.zahra.delta708@vg-eval.test,+254 727 194 206,KE,Mombasa,2026-02-22T22:55:48Z,active,true,,,KILELE,corrected in Sept export
CT-046867,Faith Kimani,omar.pretorius.delta1777@vg-eval.test,254-718-721342,KE,Mombasa,2026-02-09T14:37:28Z,active,false,,,KILELE,corrected in Sept export
CT-201641,Joan Zahra,thandi.tazi.delta4142@vg-eval.test,025736177418,KE,Nakuru,2026-08-12T15:48:20Z,active,false,,,KILELE,
CT-200182,Diana Wafula,pieter.cheruiyot.delta2683@vg-eval.test,+254 735 081 885,KE,Nyeri,2026-08-27T17:05:22Z,active,true,,,KILELE,
CT-052791,Joan Kimani,simon.naidoo.delta823@vg-eval.test,+254 703 278 197,KE,Kericho,2026-01-16T22:54:49Z,active,true,,,KILELE,corrected in Sept export
CT-200940,Daniel Mutua,karim.zahra.delta3441@vg-eval.test,0707469103,KE,Machakos,2026-08-03T18:40:55Z,active,true,,,KILELE,
CT-200263,Zanele Njoroge,paul.zahra.delta2764@vg-eval.test,254-723-571613,KE,Thika,2026-08-18T07:29:47Z,active,true,,,KILELE,
CT-057139,Isaac Cheruiyot,lerato.kamau.delta50@vg-eval.test,254-716-451938,KE,Mombasa,2026-01-30T05:28:06Z,active,false,,,KILELE,corrected in Sept export
CT-200361,Kevin Zahra,fatima.alaoui.delta2862@vg-eval.test,025700197983,KE,Nakuru,2026-08-20T12:39:30Z,active,false,,,KILELE,
CT-076696,Alice Cheruiyot,mary.kiptoo.delta663@vg-eval.test,+254 739 912 302,KE,Kisumu,2026-02-12T07:13:02Z,active,true,,,KILELE,corrected in Sept export
CT-201469,James Achieng,grace.nkosi.delta3970@vg-eval.test,025730813077,KE,Mombasa,2026-08-01T14:46:40Z,active,false,,,KILELE,
CT-033992,Joan Berrada,lucy.njenga.delta1986@vg-eval.test,+254 701 947 624,KE,Nakuru,2026-04-14T15:37:07Z,active,true,,,KILELE,corrected in Sept export
CT-036731,Layla Achieng,fatima.zahra.delta376@vg-eval.test,+254 726 095 367,KE,Malindi,2026-03-28T21:51:28Z,active,false,,,KILELE,corrected in Sept export
CT-075271,Rachid Naidoo,grace.okoth.delta279@vg-eval.test,025720646261,KE,Nairobi,2026-02-23T17:26:53Z,active,true,,,KILELE,corrected in Sept export
CT-075538,Kevin Mokoena,nancy.tazi.delta1650@vg-eval.test,025733317409,KE,Kericho,2026-01-14T17:00:39Z,active,false,,,KILELE,corrected in Sept export
CT-046617,Karim Mutua,david.mwangi.delta1255@vg-eval.test,254-738-915654,KE,Nyeri,2026-03-30T22:16:29Z,active,true,,,KILELE,corrected in Sept export
CT-079091,Daniel Odhiambo,salma.pretorius.delta92@vg-eval.test,025726729106,KE,Kisumu,2026-01-12T09:26:52Z,active,true,,,KILELE,corrected in Sept export
CT-006729,Samuel Nkosi,lucy.odhiambo.delta56@vg-eval.test,0731442256,KE,Kisumu,2026-04-13T03:43:13Z,active,true,,,KILELE,corrected in Sept export
CT-200440,Daniel Wafula,simon.barasa.delta2941@vg-eval.test,0733322509,KE,Nyeri,2026-08-18T22:37:54Z,active,false,,,KILELE,
CT-075400,Lucy Nkosi,mercy.njenga.delta2107@vg-eval.test,025708523982,KE,Mombasa,2026-01-15T07:36:14Z,active,false,,,KILELE,corrected in Sept export
CT-200311,Joan Kiptoo,brian.mokoena.delta2812@vg-eval.test,254-713-830414,KE,Kisumu,2026-08-04T19:48:22Z,active,true,,,KILELE,
CT-067225,Rachid Mutua,mary.okoth.delta2268@vg-eval.test,254-717-326233,KE,Malindi,2026-03-20T10:48:29Z,active,false,,,KILELE,corrected in Sept export
CT-030144,Kevin Njoroge,mercy.wanjiru.delta1052@vg-eval.test,0739501204,KE,Nyeri,2026-03-06T14:33:15Z,active,true,,,KILELE,corrected in Sept export
CT-201566,Rachid Vermeulen,diana.otieno.delta4067@vg-eval.test,+254 735 335 627,KE,Machakos,2026-08-31T10:08:11Z,active,false,,,KILELE,
CT-023808,Karim Kamau,faith.cheruiyot.delta1160@vg-eval.test,025723579522,KE,Nairobi,2026-02-01T07:28:58Z,active,false,,,KILELE,corrected in Sept export
CT-201089,Alice Wafula,lucy.otieno.delta3590@vg-eval.test,025728947364,KE,Nyeri,2026-08-13T15:53:07Z,active,true,,,KILELE,
CT-013471,Grace Njoroge,isaac.odhiambo.delta42@vg-eval.test,254-704-518936,KE,Mombasa,2026-01-06T10:26:02Z,active,true,,,KILELE,corrected in Sept export
CT-201505,Michael Njoroge,layla.barasa.delta4006@vg-eval.test,025725451198,KE,Nyeri,2026-08-16T02:47:31Z,active,true,,,KILELE,
CT-001027,Yassine Wanjiru,nomsa.dlamini.delta1621@vg-eval.test,025735669696,KE,Thika,2026-03-17T13:35:48Z,active,false,,,KILELE,corrected in Sept export
CT-053109,Victor Alaoui,george.elidrissi.delta950@vg-eval.test,0721092121,KE,Malindi,2026-03-01T05:13:46Z,active,true,,,KILELE,corrected in Sept export
CT-065943,Diana Mutua,caroline.okoth.delta2135@vg-eval.test,0721130382,KE,Mombasa,2026-03-21T22:18:39Z,active,true,,,KILELE,corrected in Sept export
CT-038439,Lerato Nkosi,sarah.wafula.delta1347@vg-eval.test,0732664351,KE,Thika,2026-03-15T03:11:43Z,active,false,,,KILELE,corrected in Sept export
CT-030587,Dennis Otieno,layla.odhiambo.delta1574@vg-eval.test,+254 703 118 611,KE,Thika,2026-03-25T01:56:23Z,active,false,,,KILELE,corrected in Sept export
CT-044562,Nancy Pretorius,alice.alaoui.delta311@vg-eval.test,+254 703 549 566,KE,Eldoret,2026-02-24T01:55:34Z,active,false,,,KILELE,corrected in Sept export
CT-201185,Salma Zahra,yassine.kimani.delta3686@vg-eval.test,025726294370,KE,Mombasa,2026-08-28T07:05:52Z,active,true,,,KILELE,
CT-029424,Nancy Berrada,peter.dlamini.delta1947@vg-eval.test,0721557024,KE,Nyeri,2026-03-08T20:59:43Z,active,true,,,KILELE,corrected in Sept export
CT-029031,Nancy Nkosi,samuel.vermeulen.delta807@vg-eval.test,+254 700 550 346,KE,Kericho,2026-04-05T14:19:28Z,active,true,,,KILELE,corrected in Sept export
CT-008552,Dennis Vermeulen,fatima.berrada.delta1542@vg-eval.test,0737161347,KE,Thika,2026-03-30T12:01:52Z,active,true,,,KILELE,corrected in Sept export
CT-201383,Ann Dlamini,esther.elidrissi.delta3884@vg-eval.test,254-731-459116,KE,Machakos,2026-08-10T21:37:47Z,active,true,,,KILELE,
CT-200100,Mercy Mwangi,david.haddad.delta2601@vg-eval.test,0726732727,KE,Machakos,2026-08-06T16:54:23Z,active,false,,,KILELE,
CT-013966,Nancy Dlamini,james.mokoena.delta1381@vg-eval.test,025716749076,KE,Nyeri,2026-01-19T20:17:05Z,active,true,,,KILELE,corrected in Sept export
CT-026632,Amina Kimani,mary.nkosi.delta1396@vg-eval.test,025700485026,KE,Nyeri,2026-01-04T02:35:02Z,active,false,,,KILELE,corrected in Sept export
CT-047698,James Naidoo,john.barasa.delta215@vg-eval.test,+254 738 613 547,KE,Malindi,2026-04-16T22:33:30Z,active,false,,,KILELE,corrected in Sept export
CT-053742,Mercy Benali,isaac.wafula.delta2148@vg-eval.test,0708434777,KE,Nairobi,2026-02-12T06:22:36Z,active,true,,,KILELE,corrected in Sept export
CT-201552,Yassine Pretorius,george.cheruiyot.delta4053@vg-eval.test,0730037497,KE,Kericho,2026-08-01T05:23:14Z,active,false,,,KILELE,
CT-200768,Kevin Vermeulen,zanele.mokoena.delta3269@vg-eval.test,0709094263,KE,Thika,2026-08-12T22:54:07Z,active,true,,,KILELE,
CT-073148,Mary Odhiambo,michael.naidoo.delta1355@vg-eval.test,025737520486,KE,Nairobi,2026-01-20T04:43:29Z,active,false,,,KILELE,corrected in Sept export
CT-050261,Johan Benali,isaac.benali.delta338@vg-eval.test,025705333035,KE,Nyeri,2026-04-09T20:20:28Z,active,false,,,KILELE,corrected in Sept export
CT-200177,Isaac Benali,omar.nkosi.delta2678@vg-eval.test,025721366563,KE,Eldoret,2026-08-01T07:58:38Z,active,false,,,KILELE,
CT-032013,John Njoroge,dennis.okoth.delta957@vg-eval.test,025707902115,KE,Nairobi,2026-04-05T02:48:51Z,active,true,,,KILELE,corrected in Sept export
CT-016481,Rose Kiptoo,paul.mutua.delta1393@vg-eval.test,254-737-453387,KE,Nairobi,2026-04-03T14:25:29Z,active,false,,,KILELE,corrected in Sept export
CT-006994,Alice Benali,grace.pretorius.delta753@vg-eval.test,+254 719 685 293,KE,Malindi,2026-01-01T06:53:01Z,active,false,,,KILELE,corrected in Sept export
CT-065132,Daniel Benali,layla.vermeulen.delta1004@vg-eval.test,+254 735 948 218,KE,Nakuru,2026-01-08T10:19:12Z,active,false,,,KILELE,corrected in Sept export
CT-064298,Nomsa Kiptoo,peter.odhiambo.delta1510@vg-eval.test,+254 734 392 646,KE,Kericho,2026-04-07T16:11:08Z,active,true,,,KILELE,corrected in Sept export
CT-061917,Peter Mokoena,david.cheruiyot.delta141@vg-eval.test,0709363100,KE,Nairobi,2026-02-16T03:00:49Z,active,true,,,KILELE,corrected in Sept export
CT-079752,Yassine Mwangi,layla.achieng.delta1818@vg-eval.test,+254 711 496 696,KE,Mombasa,2026-04-03T09:10:31Z,active,false,,,KILELE,corrected in Sept export
CT-076610,Rose Tazi,karim.cheruiyot.delta1456@vg-eval.test,025733751683,KE,Malindi,2026-03-27T14:13:45Z,active,true,,,KILELE,corrected in Sept export
CT-025169,Grace Otieno,faith.mutua.delta407@vg-eval.test,254-704-807014,KE,Nairobi,2026-03-25T20:57:33Z,active,true,,,KILELE,corrected in Sept export
CT-027675,Ruth Naidoo,pieter.kamau.delta1358@vg-eval.test,025726380343,KE,Eldoret,2026-02-16T18:55:09Z,active,false,,,KILELE,corrected in Sept export
CT-022277,Layla Wafula,faith.barasa.delta199@vg-eval.test,025725639256,KE,Nairobi,2026-02-10T20:23:52Z,active,false,,,KILELE,corrected in Sept export
CT-029147,Samuel Wafula,daniel.mwangi.delta707@vg-eval.test,254-712-426027,KE,Nyeri,2026-01-27T12:06:33Z,active,false,,,KILELE,corrected in Sept export
CT-071798,Brian Pretorius,sipho.alaoui.delta2450@vg-eval.test,0700745818,KE,Nairobi,2026-04-14T17:32:09Z,active,false,,,KILELE,corrected in Sept export
CT-040193,Nomsa Nkosi,isaac.njoroge.delta1164@vg-eval.test,0729236536,KE,Nyeri,2026-02-19T01:00:01Z,active,false,,,KILELE,corrected in Sept export
CT-062823,Joan Mutua,simon.otieno.delta1220@vg-eval.test,025703844240,KE,Kisumu,2026-04-16T17:41:39Z,active,false,,,KILELE,corrected in Sept export
CT-010633,Grace Fassi,michael.kimani.delta1544@vg-eval.test,+254 705 581 134,KE,Nakuru,2026-01-08T10:21:30Z,active,true,,,KILELE,corrected in Sept export
CT-201141,Michael Okoth,mary.njenga.delta3642@vg-eval.test,025711134243,KE,Kericho,2026-08-26T15:15:18Z,active,false,,,KILELE,
CT-201166,Mercy Barasa,mercy.odhiambo.delta3667@vg-eval.test,+254 736 350 584,KE,Kisumu,2026-08-22T14:58:17Z,active,true,,,KILELE,
CT-030329,Kevin Tazi,mary.mutua.delta2030@vg-eval.test,0714043970,KE,Machakos,2026-02-14T09:56:14Z,active,false,,,KILELE,corrected in Sept export
CT-051332,Nancy Tazi,george.okoth.delta2499@vg-eval.test,+254 719 237 962,KE,Kisumu,2026-04-17T13:06:37Z,active,false,,,KILELE,corrected in Sept export
CT-030439,Rachid Njenga,rose.barasa.delta2090@vg-eval.test,0701350358,KE,Eldoret,2026-01-11T19:45:19Z,active,true,,,KILELE,corrected in Sept export
CT-008465,Lerato Mwangi,james.njenga.delta2435@vg-eval.test,+254 711 003 320,KE,Malindi,2026-03-07T05:15:35Z,active,true,,,KILELE,corrected in Sept export
CT-033492,Fatima Vermeulen,brian.wafula.delta614@vg-eval.test,0733197543,KE,Nyeri,2026-01-25T11:08:11Z,active,false,,,KILELE,corrected in Sept export
CT-000768,Peter Kiptoo,pieter.alaoui.delta1913@vg-eval.test,025729339921,KE,Kisumu,2026-03-12T09:01:38Z,active,true,,,KILELE,corrected in Sept export
CT-200539,Zanele Fassi,ann.wafula.delta3040@vg-eval.test,254-722-745968,KE,Nakuru,2026-08-19T19:26:29Z,active,true,,,KILELE,
CT-201209,Ruth Fassi,kevin.wafula.delta3710@vg-eval.test,025706921416,KE,Kisumu,2026-08-20T06:04:40Z,active,true,,,KILELE,
CT-063149,Faith Naidoo,salma.elidrissi.delta2438@vg-eval.test,0728999181,KE,Machakos,2026-02-10T08:44:16Z,active,true,,,KILELE,corrected in Sept export
CT-019020,Joan Benali,david.wafula.delta1356@vg-eval.test,0701932515,KE,Mombasa,2026-02-14T12:13:30Z,active,false,,,KILELE,corrected in Sept export
CT-010125,Esther Njenga,nomsa.vermeulen.delta136@vg-eval.test,025721828560,KE,Thika,2026-03-05T04:22:33Z,active,false,,,KILELE,corrected in Sept export
CT-201189,Esther Odhiambo,omar.naidoo.delta3690@vg-eval.test,025708511099,KE,Thika,2026-08-30T08:19:23Z,active,true,,,KILELE,
CT-053568,Paul Cheruiyot,ann.berrada.delta2427@vg-eval.test,+254 738 050 897,KE,Eldoret,2026-02-06T17:06:53Z,active,false,,,KILELE,corrected in Sept export
CT-021167,Pieter Fassi,fatima.odhiambo.delta1290@vg-eval.test,0730766835,KE,Kericho,2026-01-07T04:07:20Z,active,false,,,KILELE,corrected in Sept export
CT-050220,Johan Kiptoo,yassine.kiptoo.delta167@vg-eval.test,0739523140,KE,Malindi,2026-04-09T16:40:44Z,active,false,,,KILELE,corrected in Sept export
CT-066707,Ruth Bennani,omar.wanjiru.delta1530@vg-eval.test,0706524199,KE,Machakos,2026-01-03T16:14:48Z,active,false,,,KILELE,corrected in Sept export
CT-037879,Victor Wanjiru,michael.berrada.delta2141@vg-eval.test,0720772412,KE,Malindi,2026-01-16T21:19:51Z,active,false,,,KILELE,corrected in Sept export
CT-077110,Fatima Wafula,thandi.mokoena.delta1979@vg-eval.test,+254 738 254 746,KE,Nakuru,2026-04-15T09:59:56Z,active,false,,,KILELE,corrected in Sept export
CT-038420,Sipho Kimani,faith.barasa.delta1758@vg-eval.test,025733833217,KE,Thika,2026-03-18T20:12:32Z,active,false,,,KILELE,corrected in Sept export
CT-201496,Mercy Bennani,esther.barasa.delta3997@vg-eval.test,0709291736,KE,Thika,2026-08-29T16:03:54Z,active,false,,,KILELE,
CT-080769,Layla Benali,simon.vermeulen.delta744@vg-eval.test,0739778205,KE,Nairobi,2026-03-23T08:41:43Z,active,true,,,KILELE,corrected in Sept export
CT-200171,Caroline Cheruiyot,salma.berrada.delta2672@vg-eval.test,254-734-640330,KE,Kericho,2026-08-17T21:44:38Z,active,true,,,KILELE,
CT-201404,Lerato Haddad,layla.nkosi.delta3905@vg-eval.test,0709062155,KE,Nakuru,2026-08-10T15:51:17Z,active,false,,,KILELE,
CT-052132,Alice Haddad,lerato.alaoui.delta337@vg-eval.test,025722759292,KE,Kisumu,2026-01-20T14:26:42Z,active,true,,,KILELE,corrected in Sept export
CT-001768,Nomsa Kimani,daniel.odhiambo.delta1648@vg-eval.test,025700133619,KE,Thika,2026-04-13T07:21:43Z,active,true,,,KILELE,corrected in Sept export
CT-044023,Sipho Elidrissi,nomsa.haddad.delta2358@vg-eval.test,0701214674,KE,Machakos,2026-02-24T02:38:10Z,active,true,,,KILELE,corrected in Sept export
CT-017165,Michael Tazi,david.kimani.delta1181@vg-eval.test,254-724-623703,KE,Thika,2026-01-27T12:44:46Z,active,false,,,KILELE,corrected in Sept export
CT-200242,Michael Mokoena,alice.benali.delta2743@vg-eval.test,+254 731 832 297,KE,Malindi,2026-08-21T17:21:40Z,active,false,,,KILELE,
CT-079861,Brian Fassi,brian.njoroge.delta1340@vg-eval.test,025729433529,KE,Malindi,2026-02-28T03:24:46Z,active,true,,,KILELE,corrected in Sept export
CT-080700,Brian Wanjiru,lerato.njoroge.delta2452@vg-eval.test,0736960645,KE,Mombasa,2026-03-12T11:09:10Z,active,false,,,KILELE,corrected in Sept export
CT-052023,Brian Pretorius,johan.bennani.delta1422@vg-eval.test,025704297805,KE,Malindi,2026-02-17T01:40:09Z,active,true,,,KILELE,corrected in Sept export
CT-008902,James Wafula,pieter.mutua.delta1808@vg-eval.test,+254 738 160 677,KE,Nairobi,2026-03-18T02:24:11Z,active,true,,,KILELE,corrected in Sept export
CT-043268,Amina Achieng,daniel.dlamini.delta2339@vg-eval.test,025726222940,KE,Machakos,2026-01-17T00:25:35Z,active,true,,,KILELE,corrected in Sept export
CT-063132,Kevin Elidrissi,karim.tazi.delta36@vg-eval.test,+254 711 920 171,KE,Mombasa,2026-02-05T10:10:33Z,active,false,,,KILELE,corrected in Sept export
CT-200623,Kevin Achieng,yassine.elidrissi.delta3124@vg-eval.test,254-700-178526,KE,Machakos,2026-08-27T17:47:52Z,active,true,,,KILELE,
CT-200693,Amina Njoroge,sarah.njenga.delta3194@vg-eval.test,025724107835,KE,Nairobi,2026-08-01T00:39:58Z,active,false,,,KILELE,
CT-200846,Faith Kamau,paul.fassi.delta3347@vg-eval.test,+254 719 293 735,KE,Mombasa,2026-08-22T13:52:12Z,active,true,,,KILELE,
CT-200448,Johan Barasa,karim.odhiambo.delta2949@vg-eval.test,0722617717,KE,Eldoret,2026-08-28T07:42:20Z,active,true,,,KILELE,
CT-054535,Omar Dlamini,omar.zahra.delta958@vg-eval.test,254-729-760665,KE,Thika,2026-01-08T05:34:47Z,active,false,,,KILELE,corrected in Sept export
CT-046238,Samuel Mwangi,grace.berrada.delta149@vg-eval.test,0702091328,KE,Eldoret,2026-04-05T12:02:31Z,active,false,,,KILELE,corrected in Sept export
CT-057665,Isaac Wanjiru,diana.elidrissi.delta2418@vg-eval.test,0736625079,KE,Machakos,2026-03-17T08:17:38Z,active,true,,,KILELE,corrected in Sept export
CT-201208,Peter Barasa,lerato.haddad.delta3709@vg-eval.test,0732757710,KE,Eldoret,2026-08-13T19:22:04Z,active,true,,,KILELE,
CT-031614,Isaac Zahra,layla.alaoui.delta1872@vg-eval.test,025725900291,KE,Malindi,2026-04-14T01:40:57Z,active,false,,,KILELE,corrected in Sept export
CT-201300,Grace Bennani,nancy.nkosi.delta3801@vg-eval.test,0714273874,KE,Kericho,2026-08-14T02:27:52Z,active,false,,,KILELE,
CT-036932,George Achieng,nomsa.kimani.delta1189@vg-eval.test,025731685238,KE,Nairobi,2026-01-05T18:47:56Z,active,true,,,KILELE,corrected in Sept export
CT-015236,Michael Nkosi,peter.achieng.delta734@vg-eval.test,254-726-195026,KE,Thika,2026-01-16T12:03:09Z,active,true,,,KILELE,corrected in Sept export
CT-017213,James Barasa,omar.kiptoo.delta771@vg-eval.test,254-706-389991,KE,Kisumu,2026-02-20T04:44:59Z,active,false,,,KILELE,corrected in Sept export
CT-022815,Grace Wafula,paul.njenga.delta2087@vg-eval.test,025718913344,KE,Kericho,2026-01-02T03:57:26Z,active,false,,,KILELE,corrected in Sept export
CT-200937,Grace Cheruiyot,james.fassi.delta3438@vg-eval.test,025716636809,KE,Nairobi,2026-08-16T06:34:58Z,active,false,,,KILELE,
CT-056983,Caroline Wanjiru,layla.fassi.delta1816@vg-eval.test,025710223042,KE,Kericho,2026-01-15T21:54:54Z,active,true,,,KILELE,corrected in Sept export
CT-068337,Isaac Njenga,michael.otieno.delta1407@vg-eval.test,0734914446,KE,Nairobi,2026-03-29T11:38:06Z,active,true,,,KILELE,corrected in Sept export
CT-201076,Rachid Mwangi,faith.vermeulen.delta3577@vg-eval.test,0725226845,KE,Nakuru,2026-08-11T05:51:11Z,active,false,,,KILELE,
CT-018028,Johan Wanjiru,samuel.wanjiru.delta2226@vg-eval.test,0732255403,KE,Nakuru,2026-03-07T08:28:05Z,active,true,,,KILELE,corrected in Sept export
CT-200237,George Benali,diana.bennani.delta2738@vg-eval.test,025715225479,KE,Nakuru,2026-08-15T03:44:19Z,active,false,,,KILELE,
CT-000016,Fatima Odhiambo,rose.cheruiyot.delta665@vg-eval.test,0728716971,KE,Kisumu,2026-01-07T05:24:42Z,active,false,,,KILELE,corrected in Sept export
CT-201200,Zanele Wanjiru,james.mwangi.delta3701@vg-eval.test,0738142446,KE,Mombasa,2026-08-09T02:13:49Z,active,false,,,KILELE,
CT-027026,Mary Wanjiru,samuel.berrada.delta1307@vg-eval.test,+254 718 318 520,KE,Machakos,2026-01-08T23:12:07Z,active,false,,,KILELE,corrected in Sept export
CT-201145,Victor Mwangi,faith.mokoena.delta3646@vg-eval.test,025734317002,KE,Kericho,2026-08-09T14:58:06Z,active,true,,,KILELE,
CT-025979,Nancy Fassi,david.wafula.delta1725@vg-eval.test,254-712-936541,KE,Machakos,2026-01-23T08:34:29Z,active,true,,,KILELE,corrected in Sept export
CT-079022,Diana Nkosi,dennis.mokoena.delta939@vg-eval.test,+254 702 425 007,KE,Malindi,2026-04-17T05:31:21Z,active,true,,,KILELE,corrected in Sept export
CT-014235,David Njoroge,thandi.achieng.delta512@vg-eval.test,0736751260,KE,Malindi,2026-03-01T05:15:29Z,active,false,,,KILELE,corrected in Sept export
CT-201476,Simon Haddad,pieter.okoth.delta3977@vg-eval.test,0725007638,KE,Nyeri,2026-08-06T01:54:36Z,active,false,,,KILELE,
CT-046907,Grace Naidoo,john.benali.delta2398@vg-eval.test,0718587133,KE,Nairobi,2026-02-17T20:44:41Z,active,true,,,KILELE,corrected in Sept export
CT-059867,Lucy Mokoena,alice.vermeulen.delta1505@vg-eval.test,025700868703,KE,Nakuru,2026-02-10T23:22:06Z,active,false,,,KILELE,corrected in Sept export
CT-200794,Salma Berrada,james.kamau.delta3295@vg-eval.test,+254 701 860 482,KE,Kisumu,2026-08-27T03:08:27Z,active,false,,,KILELE,
CT-015897,Fatima Kamau,fatima.wanjiru.delta1174@vg-eval.test,254-711-631494,KE,Thika,2026-02-01T17:38:04Z,active,false,,,KILELE,corrected in Sept export
CT-036372,Nancy Naidoo,james.mokoena.delta85@vg-eval.test,0704439157,KE,Machakos,2026-03-05T08:22:10Z,active,false,,,KILELE,corrected in Sept export
CT-200676,George Kimani,thandi.barasa.delta3177@vg-eval.test,0706092468,KE,Mombasa,2026-08-07T13:03:09Z,active,false,,,KILELE,
CT-008528,Karim Wanjiru,brian.tazi.delta1782@vg-eval.test,025735990091,KE,Mombasa,2026-01-30T21:10:30Z,active,true,,,KILELE,corrected in Sept export
CT-201402,Diana Berrada,salma.cheruiyot.delta3903@vg-eval.test,+254 703 690 236,KE,Eldoret,2026-08-14T00:00:06Z,active,true,,,KILELE,
CT-069676,Layla Njoroge,john.barasa.delta1552@vg-eval.test,0739675394,KE,Mombasa,2026-01-14T12:29:12Z,active,true,,,KILELE,corrected in Sept export
CT-200349,Isaac Haddad,layla.tazi.delta2850@vg-eval.test,025705682872,KE,Nakuru,2026-08-03T17:12:42Z,active,true,,,KILELE,
CT-050169,Faith Kiptoo,james.njenga.delta894@vg-eval.test,025726099925,KE,Mombasa,2026-03-28T15:31:40Z,active,true,,,KILELE,corrected in Sept export
CT-201353,Simon Mwangi,layla.alaoui.delta3854@vg-eval.test,025718277178,KE,Eldoret,2026-08-18T16:01:25Z,active,false,,,KILELE,
CT-201305,Pieter Dlamini,fatima.kamau.delta3806@vg-eval.test,025700917548,KE,Malindi,2026-08-26T10:02:13Z,active,true,,,KILELE,
CT-015476,Caroline Wanjiru,amina.tazi.delta468@vg-eval.test,0723298225,KE,Machakos,2026-04-06T16:11:35Z,active,false,,,KILELE,corrected in Sept export
CT-200670,Amina Vermeulen,michael.mutua.delta3171@vg-eval.test,+254 719 916 818,KE,Nakuru,2026-08-08T10:09:58Z,active,false,,,KILELE,
CT-012120,Lerato Kimani,nomsa.naidoo.delta1441@vg-eval.test,0701819314,KE,Mombasa,2026-04-07T15:33:23Z,active,false,,,KILELE,corrected in Sept export
CT-027857,Lerato Elidrissi,amina.mwangi.delta229@vg-eval.test,+254 707 599 785,KE,Thika,2026-02-20T23:42:12Z,active,true,,,KILELE,corrected in Sept export
CT-200153,Daniel Haddad,sarah.wafula.delta2654@vg-eval.test,025737578269,KE,Malindi,2026-08-08T12:15:30Z,active,true,,,KILELE,
CT-200227,Joan Mokoena,daniel.alaoui.delta2728@vg-eval.test,254-728-163008,KE,Kericho,2026-08-28T06:45:49Z,active,true,,,KILELE,
CT-200650,Rachid Elidrissi,john.otieno.delta3151@vg-eval.test,+254 703 171 360,KE,Nakuru,2026-08-27T10:18:35Z,active,true,,,KILELE,
CT-069713,David Benali,omar.achieng.delta74@vg-eval.test,025719174613,KE,Kisumu,2026-03-02T20:53:11Z,active,false,,,KILELE,corrected in Sept export
CT-060346,Yassine Otieno,nancy.berrada.delta289@vg-eval.test,0721065824,KE,Machakos,2026-03-03T01:35:00Z,active,true,,,KILELE,corrected in Sept export
CT-022056,Esther Mutua,dennis.nkosi.delta2441@vg-eval.test,025739210939,KE,Thika,2026-02-28T20:00:58Z,active,true,,,KILELE,corrected in Sept export
CT-200308,Brian Mwangi,lucy.kiptoo.delta2809@vg-eval.test,0707275200,KE,Mombasa,2026-08-13T19:28:05Z,active,true,,,KILELE,
CT-003018,Pieter Otieno,rose.kiptoo.delta1786@vg-eval.test,0724887271,KE,Eldoret,2026-03-15T17:36:48Z,active,false,,,KILELE,corrected in Sept export
CT-048241,Zanele Kiptoo,johan.dlamini.delta2447@vg-eval.test,0723837538,KE,Nairobi,2026-01-09T01:20:35Z,active,true,,,KILELE,corrected in Sept export
CT-200792,Sipho Alaoui,isaac.otieno.delta3293@vg-eval.test,0703144681,KE,Thika,2026-08-27T18:27:06Z,active,true,,,KILELE,
CT-033666,Salma Alaoui,thandi.mokoena.delta2405@vg-eval.test,+254 713 108 793,KE,Machakos,2026-04-02T16:31:39Z,active,false,,,KILELE,corrected in Sept export
CT-020570,Diana Berrada,john.vermeulen.delta419@vg-eval.test,025720001798,KE,Machakos,2026-03-06T22:14:30Z,active,true,,,KILELE,corrected in Sept export
CT-035041,Daniel Benali,caroline.cheruiyot.delta1548@vg-eval.test,0735968792,KE,Machakos,2026-01-23T06:58:56Z,active,false,,,KILELE,corrected in Sept export
CT-200078,Amina Njenga,amina.mokoena.delta2579@vg-eval.test,+254 734 534 396,KE,Kisumu,2026-08-13T21:17:39Z,active,true,,,KILELE,
CT-200461,Karim Tazi,alice.vermeulen.delta2962@vg-eval.test,025708882794,KE,Eldoret,2026-08-05T21:41:54Z,active,true,,,KILELE,
CT-070083,Lucy Barasa,sipho.njenga.delta1894@vg-eval.test,0708380907,KE,Machakos,2026-01-17T09:57:56Z,active,false,,,KILELE,corrected in Sept export
CT-018598,Esther Wafula,george.zahra.delta1951@vg-eval.test,0710944800,KE,Nairobi,2026-03-16T04:02:00Z,active,true,,,KILELE,corrected in Sept export
CT-075426,Layla Barasa,ann.njoroge.delta1903@vg-eval.test,025739436549,KE,Eldoret,2026-03-01T19:07:45Z,active,true,,,KILELE,corrected in Sept export
CT-007747,David Mutua,zanele.naidoo.delta1873@vg-eval.test,025726048284,KE,Nyeri,2026-01-11T20:31:27Z,active,false,,,KILELE,corrected in Sept export
CT-027090,Daniel Pretorius,thandi.elidrissi.delta103@vg-eval.test,025703697064,KE,Kisumu,2026-03-17T09:55:13Z,active,true,,,KILELE,corrected in Sept export
CT-201199,Nancy Fassi,caroline.alaoui.delta3700@vg-eval.test,254-731-166866,KE,Malindi,2026-08-08T03:08:00Z,active,true,,,KILELE,
CT-024536,James Odhiambo,michael.alaoui.delta959@vg-eval.test,025725814969,KE,Eldoret,2026-01-29T10:00:52Z,active,true,,,KILELE,corrected in Sept export
CT-200110,Faith Mokoena,daniel.wanjiru.delta2611@vg-eval.test,+254 704 087 449,KE,Nyeri,2026-08-03T00:00:06Z,active,true,,,KILELE,
CT-200691,Sarah Wanjiru,caroline.barasa.delta3192@vg-eval.test,254-723-190619,KE,Kisumu,2026-08-27T18:55:28Z,active,false,,,KILELE,
CT-054927,Thandi Haddad,kevin.nkosi.delta271@vg-eval.test,025726738510,KE,Eldoret,2026-04-14T11:39:23Z,active,false,,,KILELE,corrected in Sept export
CT-030212,Lucy Berrada,mary.otieno.delta883@vg-eval.test,025730030671,KE,Nakuru,2026-02-12T18:48:41Z,active,true,,,KILELE,corrected in Sept export
CT-200128,Ann Vermeulen,yassine.njoroge.delta2629@vg-eval.test,0715507074,KE,Nyeri,2026-08-12T20:28:16Z,active,true,,,KILELE,
CT-008765,Paul Pretorius,james.kamau.delta843@vg-eval.test,+254 736 729 203,KE,Nairobi,2026-03-13T05:28:24Z,active,true,,,KILELE,corrected in Sept export
CT-200831,Alice Elidrissi,lucy.okoth.delta3332@vg-eval.test,254-738-851017,KE,Eldoret,2026-08-21T10:35:19Z,active,false,,,KILELE,
CT-023474,Pieter Otieno,diana.kimani.delta572@vg-eval.test,+254 717 920 859,KE,Kericho,2026-02-24T17:00:55Z,active,true,,,KILELE,corrected in Sept export
CT-006010,Paul Dlamini,dennis.okoth.delta1345@vg-eval.test,+254 736 864 175,KE,Malindi,2026-02-05T13:15:21Z,active,false,,,KILELE,corrected in Sept export
CT-024038,Ruth Mokoena,james.barasa.delta1991@vg-eval.test,0732468943,KE,Nairobi,2026-02-02T13:58:54Z,active,true,,,KILELE,corrected in Sept export
CT-059090,Ann Vermeulen,rose.cheruiyot.delta536@vg-eval.test,254-725-228927,KE,Machakos,2026-03-26T07:56:37Z,active,false,,,KILELE,corrected in Sept export
CT-031239,Yassine Elidrissi,rachid.pretorius.delta1569@vg-eval.test,254-704-864040,KE,Kisumu,2026-03-09T13:29:18Z,active,true,,,KILELE,corrected in Sept export
CT-019054,Samuel Odhiambo,daniel.fassi.delta193@vg-eval.test,254-730-467868,KE,Nakuru,2026-04-17T08:53:10Z,active,false,,,KILELE,corrected in Sept export
CT-200134,Esther Wafula,grace.mwangi.delta2635@vg-eval.test,+254 727 294 009,KE,Nairobi,2026-08-23T23:51:59Z,active,false,,,KILELE,
CT-036801,Zanele Wanjiru,isaac.kiptoo.delta341@vg-eval.test,025724407642,KE,Kisumu,2026-03-30T11:44:51Z,active,false,,,KILELE,corrected in Sept export
CT-007319,Johan Cheruiyot,dennis.achieng.delta1243@vg-eval.test,025718252393,KE,Eldoret,2026-04-13T11:05:43Z,active,false,,,KILELE,corrected in Sept export
CT-200761,Fatima Elidrissi,amina.zahra.delta3262@vg-eval.test,025705967285,KE,Kisumu,2026-08-27T13:10:39Z,active,false,,,KILELE,
CT-057899,Ruth Benali,john.njenga.delta567@vg-eval.test,025706570833,KE,Nakuru,2026-02-23T04:46:45Z,active,true,,,KILELE,corrected in Sept export
CT-200348,Peter Odhiambo,thandi.berrada.delta2849@vg-eval.test,0733432041,KE,Machakos,2026-08-08T20:44:14Z,active,false,,,KILELE,
CT-043934,Michael Nkosi,paul.dlamini.delta1423@vg-eval.test,025716502543,KE,Nakuru,2026-01-10T08:57:34Z,active,true,,,KILELE,corrected in Sept export
CT-073640,Karim Okoth,isaac.barasa.delta1921@vg-eval.test,0711824805,KE,Kisumu,2026-01-14T12:53:46Z,active,true,,,KILELE,corrected in Sept export
CT-046249,Faith Njoroge,zanele.mokoena.delta51@vg-eval.test,025729902926,KE,Kericho,2026-04-05T09:18:41Z,active,true,,,KILELE,corrected in Sept export
CT-026826,Pieter Tazi,alice.benali.delta930@vg-eval.test,025726167324,KE,Mombasa,2026-02-03T13:26:38Z,active,true,,,KILELE,corrected in Sept export
CT-076814,Layla Pretorius,yassine.mwangi.delta1082@vg-eval.test,025715315435,KE,Machakos,2026-03-19T10:59:02Z,active,false,,,KILELE,corrected in Sept export
CT-079893,Esther Wanjiru,sarah.okoth.delta535@vg-eval.test,+254 733 008 961,KE,Kericho,2026-03-28T22:24:28Z,active,false,,,KILELE,corrected in Sept export
CT-074034,Rachid Alaoui,sipho.wanjiru.delta82@vg-eval.test,254-721-102063,KE,Thika,2026-02-17T01:08:39Z,active,true,,,KILELE,corrected in Sept export
CT-001865,Isaac Tazi,johan.bennani.delta1499@vg-eval.test,0724781586,KE,Thika,2026-01-10T08:35:01Z,active,true,,,KILELE,corrected in Sept export
CT-021770,Faith Kamau,samuel.barasa.delta601@vg-eval.test,+254 714 128 659,KE,Thika,2026-03-18T21:37:15Z,active,true,,,KILELE,corrected in Sept export
CT-201470,Peter Achieng,grace.kamau.delta3971@vg-eval.test,+254 717 081 763,KE,Nyeri,2026-08-30T03:32:35Z,active,true,,,KILELE,
CT-069171,Lerato Naidoo,johan.wanjiru.delta982@vg-eval.test,254-704-545474,KE,Nakuru,2026-02-10T03:21:10Z,active,false,,,KILELE,corrected in Sept export
CT-032100,Michael Dlamini,zanele.berrada.delta2002@vg-eval.test,0735624336,KE,Kericho,2026-02-03T13:09:08Z,active,true,,,KILELE,corrected in Sept export
CT-011782,Simon Odhiambo,simon.vermeulen.delta1314@vg-eval.test,0716106954,KE,Nakuru,2026-02-02T06:50:12Z,active,false,,,KILELE,corrected in Sept export
CT-001716,Layla Odhiambo,ruth.achieng.delta1750@vg-eval.test,0715353613,KE,Nairobi,2026-01-02T23:22:52Z,active,true,,,KILELE,corrected in Sept export
CT-200618,Ruth Wafula,grace.fassi.delta3119@vg-eval.test,+254 722 107 130,KE,Nairobi,2026-08-18T13:20:01Z,active,false,,,KILELE,
CT-054600,Simon Barasa,sarah.barasa.delta1555@vg-eval.test,0729169624,KE,Kericho,2026-02-25T18:30:11Z,active,true,,,KILELE,corrected in Sept export
CT-200864,Grace Cheruiyot,layla.mutua.delta3365@vg-eval.test,0705895071,KE,Kisumu,2026-08-19T19:05:44Z,active,false,,,KILELE,
CT-004233,Lucy Alaoui,joan.zahra.delta1977@vg-eval.test,254-713-353767,KE,Malindi,2026-01-12T22:27:47Z,active,true,,,KILELE,corrected in Sept export
CT-058405,Kevin Njenga,joan.benali.delta1469@vg-eval.test,025729732982,KE,Nakuru,2026-01-11T13:07:09Z,active,true,,,KILELE,corrected in Sept export
CT-200398,David Fassi,zanele.mwangi.delta2899@vg-eval.test,+254 721 296 105,KE,Mombasa,2026-08-31T06:04:45Z,active,true,,,KILELE,
CT-031807,James Wanjiru,grace.mokoena.delta993@vg-eval.test,+254 717 855 297,KE,Nakuru,2026-01-17T03:49:06Z,active,true,,,KILELE,corrected in Sept export
CT-057274,James Kamau,rose.achieng.delta1105@vg-eval.test,+254 717 054 975,KE,Kisumu,2026-04-13T18:39:14Z,active,true,,,KILELE,corrected in Sept export
CT-200926,Esther Kiptoo,simon.vermeulen.delta3427@vg-eval.test,+254 731 954 363,KE,Nyeri,2026-08-26T20:19:10Z,active,true,,,KILELE,
CT-066248,Nomsa Cheruiyot,simon.elidrissi.delta2051@vg-eval.test,025729757517,KE,Eldoret,2026-03-19T17:03:59Z,active,false,,,KILELE,corrected in Sept export
CT-014796,Brian Naidoo,omar.nkosi.delta451@vg-eval.test,025734225664,KE,Mombasa,2026-04-03T21:16:30Z,active,true,,,KILELE,corrected in Sept export
CT-200679,John Njenga,pieter.kamau.delta3180@vg-eval.test,254-729-848594,KE,Mombasa,2026-08-11T13:53:30Z,active,false,,,KILELE,
CT-073659,Lucy Benali,fatima.wanjiru.delta1870@vg-eval.test,254-738-893370,KE,Eldoret,2026-02-10T05:49:48Z,active,true,,,KILELE,corrected in Sept export
CT-069705,Mary Nkosi,nancy.cheruiyot.delta308@vg-eval.test,0731757327,KE,Thika,2026-03-25T01:11:15Z,active,true,,,KILELE,corrected in Sept export
CT-021634,Lucy Benali,esther.zahra.delta927@vg-eval.test,025717439124,KE,Malindi,2026-01-12T02:29:34Z,active,true,,,KILELE,corrected in Sept export
CT-014976,Esther Bennani,peter.dlamini.delta731@vg-eval.test,254-707-857896,KE,Kisumu,2026-04-09T12:26:14Z,active,false,,,KILELE,corrected in Sept export
CT-033508,Rose Wanjiru,kevin.njoroge.delta221@vg-eval.test,0715975912,KE,Machakos,2026-02-19T16:00:44Z,active,true,,,KILELE,corrected in Sept export
CT-067745,Nomsa Tazi,kevin.kiptoo.delta1853@vg-eval.test,254-707-767614,KE,Nairobi,2026-03-08T01:20:47Z,active,true,,,KILELE,corrected in Sept export
CT-032210,Simon Otieno,ruth.mwangi.delta706@vg-eval.test,025706229396,KE,Malindi,2026-03-31T14:11:40Z,active,true,,,KILELE,corrected in Sept export
CT-012318,Brian Otieno,fatima.naidoo.delta2190@vg-eval.test,+254 734 639 107,KE,Thika,2026-02-02T18:40:19Z,active,false,,,KILELE,corrected in Sept export
CT-022746,John Kamau,pieter.fassi.delta2215@vg-eval.test,0706878239,KE,Nakuru,2026-01-06T07:38:32Z,active,true,,,KILELE,corrected in Sept export
CT-047557,Omar Bennani,sarah.naidoo.delta1211@vg-eval.test,+254 700 279 481,KE,Machakos,2026-01-21T23:34:38Z,active,true,,,KILELE,corrected in Sept export
CT-037194,Michael Alaoui,alice.mwangi.delta715@vg-eval.test,+254 733 386 750,KE,Machakos,2026-03-25T08:04:40Z,active,false,,,KILELE,corrected in Sept export
CT-034024,George Alaoui,esther.njenga.delta583@vg-eval.test,025720677752,KE,Eldoret,2026-02-03T22:37:10Z,active,true,,,KILELE,corrected in Sept export
CT-200795,George Mutua,sipho.okoth.delta3296@vg-eval.test,254-736-291616,KE,Nakuru,2026-08-06T06:07:43Z,active,false,,,KILELE,
CT-080589,Kevin Nkosi,david.dlamini.delta1116@vg-eval.test,+254 709 944 557,KE,Nakuru,2026-04-03T13:53:47Z,active,true,,,KILELE,corrected in Sept export
CT-008242,Amina Kimani,daniel.achieng.delta1277@vg-eval.test,+254 727 824 466,KE,Nyeri,2026-02-04T04:00:06Z,active,false,,,KILELE,corrected in Sept export
CT-077092,Karim Cheruiyot,grace.wafula.delta503@vg-eval.test,025724649084,KE,Machakos,2026-03-11T00:45:40Z,active,false,,,KILELE,corrected in Sept export
CT-201420,Rose Dlamini,yassine.kamau.delta3921@vg-eval.test,0700187374,KE,Machakos,2026-08-14T00:54:33Z,active,true,,,KILELE,
CT-051952,Pieter Alaoui,simon.okoth.delta2374@vg-eval.test,+254 733 725 321,KE,Nyeri,2026-01-01T17:12:07Z,active,true,,,KILELE,corrected in Sept export
CT-021235,Sipho Berrada,paul.nkosi.delta1378@vg-eval.test,025719752342,KE,Nakuru,2026-04-04T17:28:02Z,active,false,,,KILELE,corrected in Sept export
CT-063446,Rose Zahra,kevin.mutua.delta107@vg-eval.test,025713978818,KE,Nyeri,2026-02-12T23:22:32Z,active,false,,,KILELE,corrected in Sept export
CT-065556,Mary Mutua,alice.dlamini.delta1415@vg-eval.test,025705880598,KE,Nakuru,2026-03-18T13:25:05Z,active,false,,,KILELE,corrected in Sept export
CT-072978,Pieter Mokoena,daniel.vermeulen.delta938@vg-eval.test,025720798535,KE,Eldoret,2026-03-23T09:37:59Z,active,true,,,KILELE,corrected in Sept export
CT-064289,Kevin Achieng,mercy.elidrissi.delta1846@vg-eval.test,0710606158,KE,Nairobi,2026-02-05T17:28:52Z,active,true,,,KILELE,corrected in Sept export
CT-041422,Karim Kiptoo,karim.mokoena.delta1997@vg-eval.test,+254 727 881 314,KE,Eldoret,2026-03-23T03:30:16Z,active,true,,,KILELE,corrected in Sept export
CT-200996,Amina Mwangi,lucy.wanjiru.delta3497@vg-eval.test,0721677979,KE,Thika,2026-08-24T17:53:03Z,active,true,,,KILELE,
CT-065528,Sipho Odhiambo,karim.mutua.delta1011@vg-eval.test,254-707-851753,KE,Malindi,2026-03-28T13:10:40Z,active,true,,,KILELE,corrected in Sept export
CT-027179,Sipho Naidoo,grace.mutua.delta891@vg-eval.test,254-716-516011,KE,Nakuru,2026-03-04T04:31:31Z,active,false,,,KILELE,corrected in Sept export
CT-036778,Ruth Okoth,sarah.okoth.delta1161@vg-eval.test,+254 701 585 128,KE,Eldoret,2026-01-24T15:18:18Z,active,true,,,KILELE,corrected in Sept export
CT-200740,Diana Zahra,victor.tazi.delta3241@vg-eval.test,0716230730,KE,Eldoret,2026-08-19T02:49:26Z,active,true,,,KILELE,
CT-063959,Grace Kiptoo,amina.okoth.delta1909@vg-eval.test,254-716-682928,KE,Machakos,2026-02-15T17:28:48Z,active,false,,,KILELE,corrected in Sept export
CT-201297,Amina Elidrissi,samuel.njoroge.delta3798@vg-eval.test,025700516602,KE,Thika,2026-08-19T22:15:17Z,active,false,,,KILELE,
CT-200187,Michael Alaoui,sarah.njoroge.delta2688@vg-eval.test,254-714-070896,KE,Thika,2026-08-18T19:37:27Z,active,false,,,KILELE,
CT-201045,Lucy Kiptoo,mary.nkosi.delta3546@vg-eval.test,025736334395,KE,Nairobi,2026-08-25T06:08:46Z,active,false,,,KILELE,
CT-028422,Caroline Kiptoo,omar.okoth.delta154@vg-eval.test,254-718-296749,KE,Nyeri,2026-02-04T19:17:35Z,active,false,,,KILELE,corrected in Sept export
CT-200687,Ruth Elidrissi,grace.okoth.delta3188@vg-eval.test,254-727-234482,KE,Nyeri,2026-08-04T11:15:09Z,active,false,,,KILELE,
CT-021070,Ann Kiptoo,caroline.kamau.delta1539@vg-eval.test,0727759405,KE,Malindi,2026-02-04T05:25:10Z,active,false,,,KILELE,corrected in Sept export
CT-002469,Lucy Benali,ann.fassi.delta383@vg-eval.test,+254 712 320 620,KE,Nyeri,2026-02-25T11:08:20Z,active,false,,,KILELE,corrected in Sept export
CT-200729,Yassine Njenga,grace.achieng.delta3230@vg-eval.test,025738453326,KE,Machakos,2026-08-12T07:38:13Z,active,true,,,KILELE,
CT-012251,Sarah Mutua,salma.wanjiru.delta2125@vg-eval.test,0720791134,KE,Nakuru,2026-03-16T20:14:29Z,active,true,,,KILELE,corrected in Sept export
CT-070293,Thandi Mwangi,john.naidoo.delta1875@vg-eval.test,0729894803,KE,Kericho,2026-02-17T15:58:49Z,active,true,,,KILELE,corrected in Sept export
CT-080149,Ruth Alaoui,sipho.njoroge.delta1697@vg-eval.test,+254 712 423 071,KE,Nairobi,2026-04-04T21:38:32Z,active,true,,,KILELE,corrected in Sept export
CT-200865,Ruth Nkosi,joan.mutua.delta3366@vg-eval.test,025712561499,KE,Machakos,2026-08-05T08:13:37Z,active,false,,,KILELE,
CT-201337,Rachid Mutua,ann.mwangi.delta3838@vg-eval.test,025730128682,KE,Thika,2026-08-01T08:50:11Z,active,false,,,KILELE,
CT-201188,Faith Pretorius,salma.vermeulen.delta3689@vg-eval.test,0739134509,KE,Thika,2026-08-09T17:14:07Z,active,true,,,KILELE,
CT-200686,Johan Okoth,john.nkosi.delta3187@vg-eval.test,+254 729 564 773,KE,Thika,2026-08-16T07:32:11Z,active,false,,,KILELE,
CT-055718,Sipho Kiptoo,nomsa.tazi.delta1155@vg-eval.test,254-712-303697,KE,Kisumu,2026-02-01T10:00:02Z,active,true,,,KILELE,corrected in Sept export
CT-062090,Ann Alaoui,peter.tazi.delta2353@vg-eval.test,+254 704 669 416,KE,Nyeri,2026-02-24T12:59:24Z,active,false,,,KILELE,corrected in Sept export
CT-201071,Isaac Okoth,michael.nkosi.delta3572@vg-eval.test,254-721-992537,KE,Nyeri,2026-08-23T11:54:56Z,active,false,,,KILELE,
CT-073363,Pieter Njenga,james.haddad.delta295@vg-eval.test,025737439610,KE,Nairobi,2026-03-20T02:27:19Z,active,true,,,KILELE,corrected in Sept export
CT-041899,Brian Benali,ruth.tazi.delta413@vg-eval.test,025725677112,KE,Nyeri,2026-02-27T12:25:06Z,active,true,,,KILELE,corrected in Sept export
CT-200977,Diana Berrada,daniel.kamau.delta3478@vg-eval.test,025706488147,KE,Nakuru,2026-08-22T18:53:31Z,active,true,,,KILELE,
CT-200265,Simon Zahra,joan.berrada.delta2766@vg-eval.test,025715527330,KE,Machakos,2026-08-28T19:30:07Z,active,true,,,KILELE,
CT-021808,Ann Fassi,brian.nkosi.delta254@vg-eval.test,+254 734 490 893,KE,Malindi,2026-03-24T19:16:49Z,active,true,,,KILELE,corrected in Sept export
CT-200317,Pieter Okoth,omar.mutua.delta2818@vg-eval.test,025710865216,KE,Machakos,2026-08-15T03:38:25Z,active,false,,,KILELE,
CT-043956,Fatima Njenga,ruth.dlamini.delta1427@vg-eval.test,025722286678,KE,Nairobi,2026-01-27T09:11:19Z,active,false,,,KILELE,corrected in Sept export
CT-064303,Kevin Mutua,johan.kamau.delta1068@vg-eval.test,0738864931,KE,Machakos,2026-02-16T02:25:15Z,active,false,,,KILELE,corrected in Sept export
CT-050825,John Achieng,alice.pretorius.delta928@vg-eval.test,025711041759,KE,Kisumu,2026-04-17T19:30:54Z,active,true,,,KILELE,corrected in Sept export
CT-018654,Michael Cheruiyot,james.njoroge.delta2191@vg-eval.test,0715769086,KE,Nairobi,2026-03-27T23:38:58Z,active,false,,,KILELE,corrected in Sept export
CT-201309,Caroline Barasa,sarah.kimani.delta3810@vg-eval.test,025716218242,KE,Mombasa,2026-08-30T02:25:13Z,active,true,,,KILELE,
CT-065351,Yassine Bennani,fatima.vermeulen.delta710@vg-eval.test,0712409016,KE,Eldoret,2026-02-07T09:32:23Z,active,true,,,KILELE,corrected in Sept export
CT-200474,Esther Wanjiru,pieter.wafula.delta2975@vg-eval.test,+254 710 632 112,KE,Nakuru,2026-08-16T22:01:45Z,active,false,,,KILELE,
CT-008658,Ann Haddad,michael.mutua.delta91@vg-eval.test,0712735142,KE,Nakuru,2026-02-10T15:55:54Z,active,true,,,KILELE,corrected in Sept export
CT-201074,Amina Achieng,paul.tazi.delta3575@vg-eval.test,+254 729 787 533,KE,Nairobi,2026-08-24T06:16:22Z,active,false,,,KILELE,
CT-043890,Kevin Kimani,omar.okoth.delta1809@vg-eval.test,025722617835,KE,Nyeri,2026-02-08T02:51:33Z,active,false,,,KILELE,corrected in Sept export
CT-038655,Joan Achieng,david.elidrissi.delta919@vg-eval.test,025712000711,KE,Machakos,2026-01-01T20:19:32Z,active,false,,,KILELE,corrected in Sept export
CT-200905,Isaac Haddad,yassine.cheruiyot.delta3406@vg-eval.test,025715394470,KE,Nakuru,2026-08-05T21:19:34Z,active,true,,,KILELE,
CT-005925,Joan Alaoui,sarah.pretorius.delta2424@vg-eval.test,025719975352,KE,Machakos,2026-03-10T09:11:25Z,active,false,,,KILELE,corrected in Sept export
CT-201014,Joan Haddad,lucy.fassi.delta3515@vg-eval.test,+254 712 773 193,KE,Nairobi,2026-08-23T05:23:14Z,active,true,,,KILELE,
CT-031801,Grace Kiptoo,joan.haddad.delta382@vg-eval.test,0709480323,KE,Mombasa,2026-01-13T08:05:49Z,active,true,,,KILELE,corrected in Sept export
CT-001540,Peter Bennani,zanele.tazi.delta265@vg-eval.test,+254 705 592 227,KE,Malindi,2026-03-29T15:02:25Z,active,true,,,KILELE,corrected in Sept export
CT-058482,Rose Mwangi,james.cheruiyot.delta1459@vg-eval.test,+254 726 493 803,KE,Kericho,2026-03-12T20:15:16Z,active,false,,,KILELE,corrected in Sept export
CT-015101,Brian Achieng,daniel.otieno.delta1833@vg-eval.test,254-706-650365,KE,Kericho,2026-03-27T19:43:47Z,active,false,,,KILELE,corrected in Sept export
CT-051055,Ann Kimani,mary.vermeulen.delta1688@vg-eval.test,0739587432,KE,Kericho,2026-03-01T15:55:55Z,active,false,,,KILELE,corrected in Sept export
CT-201431,Nancy Kiptoo,faith.vermeulen.delta3932@vg-eval.test,254-739-824174,KE,Nakuru,2026-08-17T13:24:51Z,active,false,,,KILELE,
CT-064543,Nomsa Nkosi,johan.elidrissi.delta1482@vg-eval.test,+254 701 163 972,KE,Nairobi,2026-03-05T15:03:52Z,active,true,,,KILELE,corrected in Sept export
CT-047230,Karim Odhiambo,faith.achieng.delta348@vg-eval.test,0735550252,KE,Thika,2026-04-08T05:46:16Z,active,false,,,KILELE,corrected in Sept export
CT-201590,Grace Kimani,faith.wanjiru.delta4091@vg-eval.test,+254 731 453 967,KE,Nairobi,2026-08-03T03:31:43Z,active,true,,,KILELE,
CT-024224,Grace Naidoo,sarah.odhiambo.delta2381@vg-eval.test,+254 712 404 843,KE,Thika,2026-01-07T08:00:25Z,active,true,,,KILELE,corrected in Sept export
CT-077831,Michael Vermeulen,alice.barasa.delta747@vg-eval.test,025717581419,KE,Machakos,2026-01-06T00:21:31Z,active,true,,,KILELE,corrected in Sept export
CT-072660,Dennis Dlamini,sipho.odhiambo.delta108@vg-eval.test,0710588592,KE,Eldoret,2026-02-07T14:34:38Z,active,true,,,KILELE,corrected in Sept export
CT-200811,Thandi Mutua,ann.otieno.delta3312@vg-eval.test,254-739-203687,KE,Mombasa,2026-08-14T15:44:34Z,active,true,,,KILELE,
CT-200405,Sarah Alaoui,alice.mwangi.delta2906@vg-eval.test,025712414611,KE,Thika,2026-08-10T15:02:31Z,active,false,,,KILELE,
CT-056107,Ruth Kimani,omar.wanjiru.delta2185@vg-eval.test,0700190293,KE,Nyeri,2026-02-10T14:55:41Z,active,false,,,KILELE,corrected in Sept export
CT-200800,Paul Wafula,nancy.benali.delta3301@vg-eval.test,0737531666,KE,Nairobi,2026-08-24T00:39:44Z,active,false,,,KILELE,
CT-006462,Zanele Haddad,yassine.mwangi.delta1960@vg-eval.test,+254 726 219 689,KE,Mombasa,2026-04-15T11:01:33Z,active,false,,,KILELE,corrected in Sept export
CT-200326,Brian Odhiambo,ann.achieng.delta2827@vg-eval.test,+254 701 417 628,KE,Nairobi,2026-08-04T06:48:04Z,active,false,,,KILELE,
CT-056039,Nancy Okoth,alice.kimani.delta170@vg-eval.test,0724842541,KE,Nyeri,2026-03-12T01:08:30Z,active,true,,,KILELE,corrected in Sept export
CT-201279,Zanele Naidoo,salma.pretorius.delta3780@vg-eval.test,254-713-553387,KE,Malindi,2026-08-01T16:22:43Z,active,true,,,KILELE,
CT-037146,David Kimani,daniel.bennani.delta1916@vg-eval.test,+254 706 363 649,KE,Nairobi,2026-02-17T20:31:01Z,active,true,,,KILELE,corrected in Sept export
CT-058898,Victor Vermeulen,samuel.pretorius.delta1198@vg-eval.test,0727697049,KE,Mombasa,2026-04-02T00:39:35Z,active,false,,,KILELE,corrected in Sept export
CT-047528,Thandi Kiptoo,mercy.dlamini.delta2069@vg-eval.test,0701159904,KE,Mombasa,2026-04-08T23:57:28Z,active,false,,,KILELE,corrected in Sept export
CT-028653,Pieter Dlamini,isaac.zahra.delta973@vg-eval.test,0702997341,KE,Nakuru,2026-02-27T23:57:09Z,active,true,,,KILELE,corrected in Sept export
CT-010899,Victor Kiptoo,brian.tazi.delta1234@vg-eval.test,025702586882,KE,Machakos,2026-03-21T06:01:37Z,active,false,,,KILELE,corrected in Sept export
CT-058229,Salma Alaoui,yassine.naidoo.delta164@vg-eval.test,025700307686,KE,Mombasa,2026-01-22T20:56:13Z,active,false,,,KILELE,corrected in Sept export
CT-201311,Sarah Odhiambo,nancy.bennani.delta3812@vg-eval.test,254-723-703831,KE,Eldoret,2026-08-27T00:16:01Z,active,true,,,KILELE,
CT-068173,Rachid Njoroge,sarah.bennani.delta1196@vg-eval.test,0702868415,KE,Machakos,2026-03-14T16:52:33Z,active,true,,,KILELE,corrected in Sept export
CT-200336,Paul Alaoui,lucy.naidoo.delta2837@vg-eval.test,0718421511,KE,Eldoret,2026-08-17T02:39:26Z,active,false,,,KILELE,
CT-200371,Paul Njoroge,ann.pretorius.delta2872@vg-eval.test,254-723-639581,KE,Eldoret,2026-08-11T14:57:23Z,active,false,,,KILELE,
CT-075689,Lerato Cheruiyot,john.benali.delta2393@vg-eval.test,025737412460,KE,Thika,2026-02-03T02:57:43Z,active,true,,,KILELE,corrected in Sept export
CT-200700,Sarah Mutua,mary.zahra.delta3201@vg-eval.test,0710112643,KE,Malindi,2026-08-24T17:40:43Z,active,true,,,KILELE,
CT-201152,Thandi Kiptoo,alice.dlamini.delta3653@vg-eval.test,0733684640,KE,Machakos,2026-08-05T18:43:47Z,active,true,,,KILELE,
CT-201455,Sarah Barasa,dennis.mutua.delta3956@vg-eval.test,254-726-772045,KE,Mombasa,2026-08-18T07:41:10Z,active,false,,,KILELE,
CT-044513,Fatima Okoth,nomsa.pretorius.delta207@vg-eval.test,+254 712 366 303,KE,Nakuru,2026-02-03T06:12:16Z,active,false,,,KILELE,corrected in Sept export
CT-200516,Mercy Elidrissi,paul.wafula.delta3017@vg-eval.test,0735365836,KE,Machakos,2026-08-25T14:14:43Z,active,true,,,KILELE,
CT-200604,Ruth Benali,george.achieng.delta3105@vg-eval.test,0728081478,KE,Nyeri,2026-08-18T14:31:31Z,active,false,,,KILELE,
CT-039947,Esther Njoroge,esther.wanjiru.delta2419@vg-eval.test,+254 722 453 311,KE,Mombasa,2026-02-09T14:24:41Z,active,true,,,KILELE,corrected in Sept export
CT-055932,Brian Elidrissi,sipho.zahra.delta1145@vg-eval.test,+254 725 790 807,KE,Kisumu,2026-03-22T09:45:02Z,active,false,,,KILELE,corrected in Sept export
CT-071211,Layla Pretorius,diana.okoth.delta1473@vg-eval.test,254-726-449620,KE,Kericho,2026-02-21T08:07:00Z,active,false,,,KILELE,corrected in Sept export
CT-036945,Karim Kiptoo,rose.mokoena.delta1188@vg-eval.test,025733772127,KE,Nyeri,2026-03-31T02:25:41Z,active,false,,,KILELE,corrected in Sept export
CT-001751,Esther Okoth,david.tazi.delta1048@vg-eval.test,0728178857,KE,Thika,2026-03-02T18:35:03Z,active,false,,,KILELE,corrected in Sept export
CT-079398,Mary Nkosi,mercy.tazi.delta488@vg-eval.test,254-714-033133,KE,Thika,2026-03-29T06:56:44Z,active,true,,,KILELE,corrected in Sept export
CT-062582,Johan Zahra,ann.bennani.delta1020@vg-eval.test,025707120425,KE,Mombasa,2026-03-19T10:28:55Z,active,true,,,KILELE,corrected in Sept export
CT-054009,Sipho Odhiambo,james.otieno.delta285@vg-eval.test,254-721-714038,KE,Kericho,2026-03-26T12:41:29Z,active,true,,,KILELE,corrected in Sept export
CT-075734,Lerato Otieno,peter.barasa.delta690@vg-eval.test,0731556299,KE,Nyeri,2026-04-12T12:49:13Z,active,false,,,KILELE,corrected in Sept export
CT-022165,Omar Kiptoo,mary.dlamini.delta2208@vg-eval.test,0735163029,KE,Malindi,2026-03-13T10:17:45Z,active,false,,,KILELE,corrected in Sept export
CT-072210,Ruth Njoroge,joan.tazi.delta1912@vg-eval.test,025700863445,KE,Machakos,2026-02-07T13:57:29Z,active,false,,,KILELE,corrected in Sept export
CT-200674,Victor Njoroge,mercy.haddad.delta3175@vg-eval.test,+254 726 627 082,KE,Malindi,2026-08-06T10:38:50Z,active,true,,,KILELE,
CT-050141,Nancy Wafula,fatima.njenga.delta1528@vg-eval.test,0733537513,KE,Kericho,2026-03-25T16:38:47Z,active,true,,,KILELE,corrected in Sept export
CT-064770,Rose Okoth,esther.mokoena.delta1657@vg-eval.test,+254 733 930 013,KE,Nakuru,2026-03-22T03:16:00Z,active,true,,,KILELE,corrected in Sept export
CT-201029,Mercy Bennani,george.fassi.delta3530@vg-eval.test,025738581044,KE,Nakuru,2026-08-03T23:09:56Z,active,true,,,KILELE,
CT-201450,John Wanjiru,salma.tazi.delta3951@vg-eval.test,+254 708 625 277,KE,Mombasa,2026-08-09T16:21:26Z,active,true,,,KILELE,
CT-054066,Grace Achieng,david.naidoo.delta1066@vg-eval.test,025722424597,KE,Malindi,2026-04-05T15:39:37Z,active,true,,,KILELE,corrected in Sept export
CT-076879,Caroline Fassi,david.wanjiru.delta1312@vg-eval.test,0718541630,KE,Eldoret,2026-01-31T22:29:32Z,active,false,,,KILELE,corrected in Sept export
CT-201320,Amina Naidoo,sarah.njenga.delta3821@vg-eval.test,0736335581,KE,Kericho,2026-08-04T09:49:48Z,active,true,,,KILELE,
CT-071477,Lerato Mwangi,grace.tazi.delta1158@vg-eval.test,+254 736 552 527,KE,Nairobi,2026-03-01T16:28:37Z,active,true,,,KILELE,corrected in Sept export
CT-200143,Fatima Kimani,amina.barasa.delta2644@vg-eval.test,254-719-943333,KE,Kericho,2026-08-01T04:53:23Z,active,true,,,KILELE,
CT-200281,Pieter Berrada,karim.cheruiyot.delta2782@vg-eval.test,025717806089,KE,Nyeri,2026-08-09T07:55:17Z,active,false,,,KILELE,
CT-042224,Diana Njoroge,brian.pretorius.delta990@vg-eval.test,+254 702 258 988,KE,Thika,2026-02-13T21:57:44Z,active,true,,,KILELE,corrected in Sept export
CT-051129,Sarah Njenga,michael.elidrissi.delta1409@vg-eval.test,0739366255,KE,Eldoret,2026-01-27T11:26:56Z,active,true,,,KILELE,corrected in Sept export
CT-201298,Zanele Vermeulen,amina.mwangi.delta3799@vg-eval.test,+254 730 536 391,KE,Thika,2026-08-30T16:54:46Z,active,false,,,KILELE,
CT-079133,Alice Zahra,omar.mokoena.delta694@vg-eval.test,025734090950,KE,Nakuru,2026-03-14T02:48:37Z,active,true,,,KILELE,corrected in Sept export
CT-023187,Simon Wanjiru,nomsa.zahra.delta1637@vg-eval.test,+254 710 744 178,KE,Mombasa,2026-03-09T06:57:26Z,active,false,,,KILELE,corrected in Sept export
CT-009148,Thandi Mutua,pieter.bennani.delta1671@vg-eval.test,+254 717 753 170,KE,Malindi,2026-03-11T10:58:48Z,active,true,,,KILELE,corrected in Sept export
CT-200881,Thandi Pretorius,mary.odhiambo.delta3382@vg-eval.test,025716512172,KE,Machakos,2026-08-15T16:15:39Z,active,false,,,KILELE,
CT-034678,Simon Berrada,nancy.odhiambo.delta1932@vg-eval.test,025735766678,KE,Nairobi,2026-02-08T06:59:15Z,active,true,,,KILELE,corrected in Sept export
CT-073554,Ann Naidoo,lerato.pretorius.delta1324@vg-eval.test,025718656502,KE,Nairobi,2026-01-04T19:24:33Z,active,true,,,KILELE,corrected in Sept export
CT-063291,Rachid Zahra,brian.odhiambo.delta2113@vg-eval.test,254-721-390689,KE,Eldoret,2026-01-26T07:47:22Z,active,true,,,KILELE,corrected in Sept export
CT-019170,Simon Berrada,john.dlamini.delta1119@vg-eval.test,025726095816,KE,Nairobi,2026-02-28T21:44:02Z,active,false,,,KILELE,corrected in Sept export
CT-201553,Johan Tazi,john.kamau.delta4054@vg-eval.test,025706265540,KE,Nairobi,2026-08-21T10:11:28Z,active,true,,,KILELE,
CT-059853,Kevin Tazi,john.achieng.delta2265@vg-eval.test,025702494145,KE,Eldoret,2026-04-05T19:26:14Z,active,false,,,KILELE,corrected in Sept export
CT-201299,Ann Okoth,joan.kamau.delta3800@vg-eval.test,254-726-530931,KE,Nyeri,2026-08-25T22:44:03Z,active,false,,,KILELE,
CT-067639,Grace Nkosi,diana.cheruiyot.delta1436@vg-eval.test,025729211900,KE,Mombasa,2026-03-20T07:18:57Z,active,false,,,KILELE,corrected in Sept export
CT-200589,Rachid Mutua,rachid.wafula.delta3090@vg-eval.test,025703609498,KE,Nakuru,2026-08-18T07:52:58Z,active,false,,,KILELE,
CT-048500,Samuel Cheruiyot,lerato.naidoo.delta1953@vg-eval.test,0720999446,KE,Nyeri,2026-02-06T05:39:32Z,active,false,,,KILELE,corrected in Sept export
CT-200388,Sipho Nkosi,nomsa.mokoena.delta2889@vg-eval.test,0708761542,KE,Kisumu,2026-08-23T08:21:43Z,active,false,,,KILELE,
CT-200138,Lucy Tazi,simon.elidrissi.delta2639@vg-eval.test,+254 724 466 453,KE,Nairobi,2026-08-14T04:25:50Z,active,true,,,KILELE,
CT-076557,Caroline Wafula,simon.berrada.delta1036@vg-eval.test,254-710-839339,KE,Nairobi,2026-01-21T02:56:02Z,active,true,,,KILELE,corrected in Sept export
CT-058120,Omar Fassi,rose.kiptoo.delta748@vg-eval.test,+254 728 434 374,KE,Kisumu,2026-03-14T19:21:43Z,active,true,,,KILELE,corrected in Sept export
CT-011313,Caroline Naidoo,rachid.otieno.delta2472@vg-eval.test,254-720-005062,KE,Kericho,2026-01-31T18:26:37Z,active,true,,,KILELE,corrected in Sept export
CT-050441,Michael Kiptoo,daniel.njenga.delta1540@vg-eval.test,254-726-119491,KE,Eldoret,2026-03-09T20:39:57Z,active,false,,,KILELE,corrected in Sept export
CT-076783,Dennis Naidoo,michael.kimani.delta2471@vg-eval.test,0710486878,KE,Nyeri,2026-03-25T16:50:38Z,active,false,,,KILELE,corrected in Sept export
CT-200077,Daniel Benali,mercy.njenga.delta2578@vg-eval.test,025739990926,KE,Malindi,2026-08-08T12:27:57Z,active,true,,,KILELE,
CT-200415,Yassine Kimani,layla.haddad.delta2916@vg-eval.test,254-733-625919,KE,Kericho,2026-08-06T08:46:55Z,active,true,,,KILELE,
CT-053829,Peter Odhiambo,rachid.wanjiru.delta627@vg-eval.test,+254 702 194 011,KE,Machakos,2026-03-12T11:51:12Z,active,true,,,KILELE,corrected in Sept export
CT-200969,Layla Dlamini,nancy.mokoena.delta3470@vg-eval.test,025712676315,KE,Nairobi,2026-08-28T23:29:57Z,active,false,,,KILELE,
CT-200353,Caroline Njoroge,alice.berrada.delta2854@vg-eval.test,025708564437,KE,Nyeri,2026-08-26T18:34:09Z,active,true,,,KILELE,
CT-051280,Grace Okoth,victor.naidoo.delta1009@vg-eval.test,254-719-839489,KE,Machakos,2026-01-29T16:39:48Z,active,false,,,KILELE,corrected in Sept export
CT-200094,James Njoroge,faith.pretorius.delta2595@vg-eval.test,+254 730 600 885,KE,Kisumu,2026-08-22T20:21:06Z,active,false,,,KILELE,
CT-064904,Simon Odhiambo,yassine.berrada.delta1763@vg-eval.test,0720172923,KE,Kisumu,2026-03-16T14:20:47Z,active,true,,,KILELE,corrected in Sept export
CT-066112,Zanele Kamau,pieter.mwangi.delta2194@vg-eval.test,0710113327,KE,Thika,2026-02-05T06:18:29Z,active,false,,,KILELE,corrected in Sept export
CT-015920,Daniel Kimani,dennis.njenga.delta324@vg-eval.test,025718152072,KE,Mombasa,2026-02-08T12:06:57Z,active,true,,,KILELE,corrected in Sept export
CT-201606,Faith Wafula,caroline.cheruiyot.delta4107@vg-eval.test,+254 703 621 448,KE,Nairobi,2026-08-09T17:03:30Z,active,false,,,KILELE,
CT-051741,Brian Elidrissi,faith.mutua.delta473@vg-eval.test,025732160616,KE,Nairobi,2026-01-18T23:30:29Z,active,true,,,KILELE,corrected in Sept export
CT-200718,Zanele Haddad,kevin.kimani.delta3219@vg-eval.test,+254 735 080 283,KE,Nairobi,2026-08-05T22:43:44Z,active,true,,,KILELE,
CT-200784,George Kiptoo,ruth.mutua.delta3285@vg-eval.test,0706007876,KE,Nyeri,2026-08-13T15:38:05Z,active,true,,,KILELE,
CT-200059,Joan Mwangi,caroline.otieno.delta2560@vg-eval.test,254-707-055931,KE,Malindi,2026-08-17T16:04:02Z,active,false,,,KILELE,
CT-074087,Esther Haddad,simon.kiptoo.delta1488@vg-eval.test,025735580412,KE,Eldoret,2026-02-24T11:29:30Z,active,true,,,KILELE,corrected in Sept export
CT-200162,Brian Mokoena,victor.bennani.delta2663@vg-eval.test,+254 701 572 031,KE,Mombasa,2026-08-26T23:56:25Z,active,false,,,KILELE,
CT-200332,Rachid Njenga,salma.kimani.delta2833@vg-eval.test,0719193725,KE,Nakuru,2026-08-10T06:49:35Z,active,false,,,KILELE,
CT-057996,Pieter Mwangi,nancy.pretorius.delta161@vg-eval.test,+254 704 519 008,KE,Nakuru,2026-02-25T12:38:15Z,active,true,,,KILELE,corrected in Sept export
CT-026786,Alice Okoth,fatima.fassi.delta126@vg-eval.test,0708810161,KE,Kisumu,2026-01-17T04:57:53Z,active,true,,,KILELE,corrected in Sept export
CT-073316,Dennis Wanjiru,layla.vermeulen.delta2260@vg-eval.test,254-712-697666,KE,Eldoret,2026-02-07T14:34:09Z,active,true,,,KILELE,corrected in Sept export
CT-200366,Omar Zahra,george.nkosi.delta2867@vg-eval.test,+254 724 436 833,KE,Nyeri,2026-08-12T04:41:18Z,active,false,,,KILELE,
CT-201345,Ruth Kimani,simon.wanjiru.delta3846@vg-eval.test,025701232205,KE,Mombasa,2026-08-27T04:40:26Z,active,true,,,KILELE,
CT-007970,Mercy Kamau,rachid.kimani.delta34@vg-eval.test,254-734-194920,KE,Mombasa,2026-03-04T04:50:20Z,active,false,,,KILELE,corrected in Sept export
CT-069405,Diana Fassi,layla.naidoo.delta1537@vg-eval.test,025719159522,KE,Kisumu,2026-03-17T00:11:21Z,active,true,,,KILELE,corrected in Sept export
CT-201545,James Wafula,lerato.kimani.delta4046@vg-eval.test,025739458144,KE,Thika,2026-08-10T19:48:54Z,active,true,,,KILELE,
CT-066959,Pieter Cheruiyot,mercy.cheruiyot.delta637@vg-eval.test,0717559619,KE,Machakos,2026-04-10T12:05:34Z,active,false,,,KILELE,corrected in Sept export
CT-048725,Grace Barasa,paul.fassi.delta507@vg-eval.test,254-700-377654,KE,Kericho,2026-04-06T01:46:09Z,active,true,,,KILELE,corrected in Sept export
CT-201526,Caroline Kamau,peter.otieno.delta4027@vg-eval.test,+254 704 568 786,KE,Machakos,2026-08-07T16:23:45Z,active,true,,,KILELE,
CT-043009,Alice Mutua,nomsa.cheruiyot.delta2468@vg-eval.test,0710653905,KE,Thika,2026-02-10T23:56:54Z,active,false,,,KILELE,corrected in Sept export
CT-200179,Karim Pretorius,peter.alaoui.delta2680@vg-eval.test,254-724-894013,KE,Nakuru,2026-08-03T11:13:41Z,active,false,,,KILELE,
CT-201130,Victor Nkosi,paul.vermeulen.delta3631@vg-eval.test,+254 715 265 169,KE,Kericho,2026-08-19T18:40:25Z,active,true,,,KILELE,
CT-001530,Johan Okoth,alice.bennani.delta435@vg-eval.test,025730760836,KE,Mombasa,2026-01-19T11:14:40Z,active,false,,,KILELE,corrected in Sept export
CT-200070,Simon Cheruiyot,ruth.otieno.delta2571@vg-eval.test,+254 731 712 710,KE,Malindi,2026-08-23T11:42:22Z,active,false,,,KILELE,
CT-201572,Grace Wanjiru,pieter.dlamini.delta4073@vg-eval.test,0732273695,KE,Nairobi,2026-08-26T09:14:03Z,active,true,,,KILELE,
CT-033264,Johan Okoth,thandi.dlamini.delta687@vg-eval.test,025717483907,KE,Malindi,2026-02-14T13:50:50Z,active,true,,,KILELE,corrected in Sept export
CT-200183,Pieter Vermeulen,karim.tazi.delta2684@vg-eval.test,254-713-802991,KE,Mombasa,2026-08-06T23:12:48Z,active,true,,,KILELE,
CT-008879,Mercy Mokoena,peter.bennani.delta2213@vg-eval.test,0706586206,KE,Machakos,2026-04-17T10:39:16Z,active,false,,,KILELE,corrected in Sept export
CT-201307,Joan Mokoena,amina.kimani.delta3808@vg-eval.test,254-705-592400,KE,Machakos,2026-08-19T00:59:26Z,active,false,,,KILELE,
CT-200098,Samuel Achieng,salma.odhiambo.delta2599@vg-eval.test,+254 710 176 018,KE,Nairobi,2026-08-09T00:14:07Z,active,true,,,KILELE,
CT-200214,Victor Nkosi,brian.tazi.delta2715@vg-eval.test,+254 737 526 811,KE,Mombasa,2026-08-16T05:33:14Z,active,true,,,KILELE,
CT-079005,Paul Njenga,alice.cheruiyot.delta299@vg-eval.test,025700376550,KE,Nyeri,2026-01-18T22:47:35Z,active,false,,,KILELE,corrected in Sept export
CT-201010,Victor Berrada,nomsa.njenga.delta3511@vg-eval.test,+254 712 006 555,KE,Thika,2026-08-05T23:42:30Z,active,true,,,KILELE,
CT-200107,Salma Berrada,ruth.kimani.delta2608@vg-eval.test,254-720-677076,KE,Machakos,2026-08-14T20:54:55Z,active,false,,,KILELE,
CT-201438,Isaac Pretorius,amina.mwangi.delta3939@vg-eval.test,+254 729 286 014,KE,Eldoret,2026-08-19T10:06:15Z,active,true,,,KILELE,
CT-071522,Daniel Bennani,james.njenga.delta589@vg-eval.test,0719878240,KE,Kericho,2026-01-29T05:52:36Z,active,true,,,KILELE,corrected in Sept export
CT-200751,Kevin Tazi,david.vermeulen.delta3252@vg-eval.test,254-710-193862,KE,Nyeri,2026-08-16T15:33:36Z,active,false,,,KILELE,
CT-200145,Daniel Bennani,amina.kimani.delta2646@vg-eval.test,025705988590,KE,Eldoret,2026-08-02T18:45:30Z,active,false,,,KILELE,
CT-200703,Kevin Vermeulen,sarah.dlamini.delta3204@vg-eval.test,254-723-759947,KE,Thika,2026-08-13T21:28:38Z,active,false,,,KILELE,
CT-010613,Yassine Cheruiyot,victor.haddad.delta421@vg-eval.test,0719950367,KE,Nyeri,2026-01-12T15:35:30Z,active,false,,,KILELE,corrected in Sept export
CT-201600,Brian Odhiambo,dennis.kiptoo.delta4101@vg-eval.test,0735371728,KE,Nairobi,2026-08-17T09:12:02Z,active,false,,,KILELE,
CT-051239,Peter Mwangi,grace.berrada.delta811@vg-eval.test,025737298803,KE,Kericho,2026-03-31T11:33:38Z,active,true,,,KILELE,corrected in Sept export
CT-200930,Pieter Barasa,rose.achieng.delta3431@vg-eval.test,+254 737 019 590,KE,Machakos,2026-08-17T23:13:32Z,active,false,,,KILELE,
CT-050640,Brian Cheruiyot,amina.barasa.delta1177@vg-eval.test,+254 706 483 040,KE,Nakuru,2026-03-21T09:35:50Z,active,false,,,KILELE,corrected in Sept export
CT-080581,Joan Otieno,daniel.wafula.delta169@vg-eval.test,025734431684,KE,Nyeri,2026-02-22T06:43:08Z,active,false,,,KILELE,corrected in Sept export
CT-047396,Layla Vermeulen,nomsa.vermeulen.delta429@vg-eval.test,254-722-164654,KE,Kisumu,2026-02-22T03:25:45Z,active,true,,,KILELE,corrected in Sept export
CT-200356,Joan Mutua,yassine.elidrissi.delta2857@vg-eval.test,0720568518,KE,Nyeri,2026-08-20T03:30:45Z,active,false,,,KILELE,
CT-004763,Grace Nkosi,dennis.kamau.delta303@vg-eval.test,025721046174,KE,Malindi,2026-01-23T08:34:34Z,active,true,,,KILELE,corrected in Sept export
CT-200783,Rachid Wanjiru,rose.haddad.delta3284@vg-eval.test,254-721-397946,KE,Malindi,2026-08-13T16:05:58Z,active,false,,,KILELE,
CT-201257,Fatima Kimani,omar.mutua.delta3758@vg-eval.test,025710037207,KE,Nairobi,2026-08-20T12:47:20Z,active,true,,,KILELE,
CT-200886,Zanele Fassi,faith.alaoui.delta3387@vg-eval.test,+254 728 330 623,KE,Nairobi,2026-08-21T09:09:10Z,active,false,,,KILELE,
CT-200086,Sipho Mwangi,esther.cheruiyot.delta2587@vg-eval.test,+254 729 098 715,KE,Nakuru,2026-08-12T02:20:15Z,active,true,,,KILELE,
CT-073887,Caroline Cheruiyot,isaac.fassi.delta1433@vg-eval.test,0724074574,KE,Malindi,2026-02-23T04:47:32Z,active,false,,,KILELE,corrected in Sept export
CT-200485,Zanele Barasa,isaac.achieng.delta2986@vg-eval.test,025730509818,KE,Malindi,2026-08-16T20:18:24Z,active,true,,,KILELE,
CT-200481,Daniel Okoth,salma.naidoo.delta2982@vg-eval.test,025724646215,KE,Nakuru,2026-08-01T16:54:58Z,active,false,,,KILELE,
CT-024129,Simon Njenga,faith.cheruiyot.delta2379@vg-eval.test,025715159091,KE,Nyeri,2026-03-12T20:51:31Z,active,false,,,KILELE,corrected in Sept export
CT-080411,Pieter Mutua,ruth.wafula.delta1726@vg-eval.test,254-718-898062,KE,Thika,2026-01-25T23:06:05Z,active,false,,,KILELE,corrected in Sept export
CT-041675,Mary Njoroge,esther.bennani.delta1@vg-eval.test,0717550715,KE,Kericho,2026-01-16T00:37:51Z,active,false,,,KILELE,corrected in Sept export
CT-201537,Victor Kimani,isaac.nkosi.delta4038@vg-eval.test,025701205008,KE,Nakuru,2026-08-18T14:38:07Z,active,true,,,KILELE,
CT-009279,Grace Dlamini,samuel.njenga.delta1342@vg-eval.test,025720766243,KE,Kisumu,2026-03-17T13:48:40Z,active,false,,,KILELE,corrected in Sept export
CT-200737,Rachid Tazi,sarah.bennani.delta3238@vg-eval.test,025730711047,KE,Mombasa,2026-08-19T03:14:01Z,active,true,,,KILELE,
CT-070960,Karim Vermeulen,isaac.vermeulen.delta671@vg-eval.test,0714246609,KE,Nairobi,2026-03-01T05:29:35Z,active,true,,,KILELE,corrected in Sept export
CT-045975,Zanele Fassi,nomsa.kiptoo.delta1292@vg-eval.test,0708507220,KE,Mombasa,2026-04-09T22:07:08Z,active,false,,,KILELE,corrected in Sept export
CT-008709,Yassine Mokoena,rachid.wafula.delta1142@vg-eval.test,0735701417,KE,Nyeri,2026-01-19T12:29:40Z,active,true,,,KILELE,corrected in Sept export
CT-045216,Victor Vermeulen,james.naidoo.delta351@vg-eval.test,0727691732,KE,Nyeri,2026-01-29T14:34:09Z,active,true,,,KILELE,corrected in Sept export
CT-200925,Lucy Wanjiru,diana.njenga.delta3426@vg-eval.test,025720560074,KE,Machakos,2026-08-31T07:05:36Z,active,false,,,KILELE,
CT-062105,Samuel Elidrissi,sipho.otieno.delta62@vg-eval.test,254-701-793646,KE,Nakuru,2026-01-30T17:55:48Z,active,true,,,KILELE,corrected in Sept export
CT-023885,Rose Zahra,michael.alaoui.delta394@vg-eval.test,025709889516,KE,Nakuru,2026-04-07T10:45:22Z,active,true,,,KILELE,corrected in Sept export
CT-064413,Simon Haddad,esther.okoth.delta1668@vg-eval.test,0731628762,KE,Nakuru,2026-02-19T11:31:17Z,active,true,,,KILELE,corrected in Sept export
CT-057375,Sipho Wanjiru,rachid.wanjiru.delta1914@vg-eval.test,0722609225,KE,Eldoret,2026-01-14T18:35:00Z,active,true,,,KILELE,corrected in Sept export
CT-200238,Thandi Njenga,karim.dlamini.delta2739@vg-eval.test,+254 708 918 988,KE,Machakos,2026-08-08T04:57:48Z,active,true,,,KILELE,
CT-037310,David Bennani,pieter.kimani.delta907@vg-eval.test,025729033211,KE,Mombasa,2026-04-10T21:24:02Z,active,true,,,KILELE,corrected in Sept export
CT-055590,David Naidoo,pieter.okoth.delta1672@vg-eval.test,254-739-965930,KE,Thika,2026-01-01T07:15:44Z,active,true,,,KILELE,corrected in Sept export
CT-074042,Johan Wafula,pieter.mutua.delta1535@vg-eval.test,+254 721 439 641,KE,Kisumu,2026-04-03T07:24:10Z,active,true,,,KILELE,corrected in Sept export
CT-025443,Faith Berrada,caroline.zahra.delta1373@vg-eval.test,254-701-007739,KE,Machakos,2026-01-18T11:55:53Z,active,true,,,KILELE,corrected in Sept export
CT-201234,Michael Wafula,victor.benali.delta3735@vg-eval.test,+254 731 927 881,KE,Malindi,2026-08-14T13:27:25Z,active,false,,,KILELE,
CT-201647,Victor Elidrissi,kevin.kamau.delta4148@vg-eval.test,254-720-137469,KE,Nakuru,2026-08-28T04:12:46Z,active,true,,,KILELE,
CT-008505,Peter Mutua,david.wafula.delta1950@vg-eval.test,254-708-437821,KE,Thika,2026-03-09T06:46:37Z,active,true,,,KILELE,corrected in Sept export
CT-066749,Mercy Dlamini,david.achieng.delta14@vg-eval.test,025718470591,KE,Mombasa,2026-03-20T18:40:39Z,active,false,,,KILELE,corrected in Sept export
CT-201146,Sipho Njenga,layla.dlamini.delta3647@vg-eval.test,+254 733 157 594,KE,Malindi,2026-08-20T06:05:24Z,active,false,,,KILELE,
CT-015443,Karim Wafula,thandi.wafula.delta578@vg-eval.test,0707593769,KE,Machakos,2026-01-22T03:44:52Z,active,false,,,KILELE,corrected in Sept export
CT-201437,Samuel Haddad,kevin.mokoena.delta3938@vg-eval.test,025723401534,KE,Eldoret,2026-08-31T11:29:49Z,active,false,,,KILELE,
CT-072255,Peter Okoth,thandi.zahra.delta2059@vg-eval.test,254-723-132988,KE,Malindi,2026-01-02T04:32:58Z,active,false,,,KILELE,corrected in Sept export
CT-011775,Simon Cheruiyot,lerato.nkosi.delta893@vg-eval.test,0737902998,KE,Eldoret,2026-04-01T03:42:23Z,active,false,,,KILELE,corrected in Sept export
CT-047593,Caroline Okoth,karim.okoth.delta1866@vg-eval.test,+254 705 734 810,KE,Thika,2026-03-25T15:36:43Z,active,true,,,KILELE,corrected in Sept export
CT-034619,Alice Kiptoo,karim.fassi.delta1820@vg-eval.test,254-704-354894,KE,Nakuru,2026-01-20T06:41:59Z,active,false,,,KILELE,corrected in Sept export
CT-007110,Ann Zahra,esther.mutua.delta1146@vg-eval.test,254-729-853872,KE,Malindi,2026-01-25T21:30:49Z,active,false,,,KILELE,corrected in Sept export
CT-201231,Sarah Pretorius,alice.kimani.delta3732@vg-eval.test,254-726-864708,KE,Machakos,2026-08-24T20:09:17Z,active,false,,,KILELE,
CT-200995,Amina Tazi,david.bennani.delta3496@vg-eval.test,254-733-795643,KE,Kisumu,2026-08-09T18:18:09Z,active,false,,,KILELE,
CT-200157,Salma Berrada,lerato.zahra.delta2658@vg-eval.test,025708002560,KE,Nakuru,2026-08-11T17:39:38Z,active,true,,,KILELE,
CT-200920,David Barasa,david.otieno.delta3421@vg-eval.test,0700351749,KE,Nairobi,2026-08-09T22:51:58Z,active,false,,,KILELE,
CT-015288,Brian Bennani,george.mwangi.delta949@vg-eval.test,254-737-499160,KE,Machakos,2026-03-21T23:24:24Z,active,true,,,KILELE,corrected in Sept export
CT-034344,Victor Kiptoo,joan.bennani.delta305@vg-eval.test,254-701-590504,KE,Mombasa,2026-03-14T04:29:52Z,active,true,,,KILELE,corrected in Sept export
CT-201053,Caroline Wafula,simon.tazi.delta3554@vg-eval.test,025721984144,KE,Thika,2026-08-01T11:11:19Z,active,false,,,KILELE,
CT-004485,Daniel Vermeulen,caroline.achieng.delta328@vg-eval.test,254-732-390092,KE,Kisumu,2026-01-20T20:44:35Z,active,true,,,KILELE,corrected in Sept export
CT-201373,Alice Bennani,isaac.achieng.delta3874@vg-eval.test,025738685759,KE,Kisumu,2026-08-05T15:47:29Z,active,false,,,KILELE,
CT-006673,Yassine Dlamini,alice.okoth.delta818@vg-eval.test,025736438456,KE,Malindi,2026-01-10T07:10:16Z,active,false,,,KILELE,corrected in Sept export
CT-200842,Nomsa Berrada,ann.cheruiyot.delta3343@vg-eval.test,+254 720 580 913,KE,Malindi,2026-08-22T20:46:22Z,active,true,,,KILELE,
CT-200860,Diana Mwangi,lucy.mwangi.delta3361@vg-eval.test,0724870660,KE,Nairobi,2026-08-14T11:19:25Z,active,false,,,KILELE,
CT-080271,Joan Kamau,nomsa.alaoui.delta1689@vg-eval.test,254-739-061618,KE,Eldoret,2026-04-03T20:38:52Z,active,false,,,KILELE,corrected in Sept export
CT-201471,Zanele Vermeulen,rose.wanjiru.delta3972@vg-eval.test,254-735-162020,KE,Kisumu,2026-08-28T04:14:27Z,active,true,,,KILELE,
CT-200203,Brian Mutua,victor.naidoo.delta2704@vg-eval.test,254-717-079958,KE,Nairobi,2026-08-09T12:58:37Z,active,true,,,KILELE,
CT-031583,Karim Mokoena,joan.mwangi.delta628@vg-eval.test,0725898991,KE,Malindi,2026-02-07T10:45:34Z,active,true,,,KILELE,corrected in Sept export
CT-043723,Rose Okoth,nancy.otieno.delta2186@vg-eval.test,254-715-887466,KE,Malindi,2026-01-21T20:11:46Z,active,false,,,KILELE,corrected in Sept export
CT-200480,Karim Odhiambo,alice.njoroge.delta2981@vg-eval.test,0723830134,KE,Nairobi,2026-08-24T06:27:20Z,active,false,,,KILELE,
CT-200019,Mercy Mutua,esther.nkosi.delta2520@vg-eval.test,254-704-227464,KE,Nyeri,2026-08-16T01:17:26Z,active,false,,,KILELE,
CT-027263,Lerato Nkosi,ann.cheruiyot.delta2403@vg-eval.test,0722404044,KE,Eldoret,2026-03-27T01:48:44Z,active,false,,,KILELE,corrected in Sept export
CT-031143,Rachid Fassi,samuel.kiptoo.delta2053@vg-eval.test,0708993802,KE,Nairobi,2026-04-08T04:05:41Z,active,true,,,KILELE,corrected in Sept export
CT-200023,David Naidoo,brian.kiptoo.delta2524@vg-eval.test,254-729-094360,KE,Machakos,2026-08-21T11:15:54Z,active,false,,,KILELE,
CT-200514,Thandi Alaoui,alice.odhiambo.delta3015@vg-eval.test,+254 725 955 384,KE,Nakuru,2026-08-27T10:47:13Z,active,true,,,KILELE,
CT-025940,Sipho Fassi,dennis.achieng.delta1822@vg-eval.test,0709936405,KE,Eldoret,2026-01-29T02:33:38Z,active,false,,,KILELE,corrected in Sept export
CT-201574,Nancy Njoroge,rose.otieno.delta4075@vg-eval.test,+254 708 115 292,KE,Nairobi,2026-08-04T20:44:13Z,active,false,,,KILELE,
CT-013735,Esther Mutua,karim.cheruiyot.delta1012@vg-eval.test,254-735-611609,KE,Kisumu,2026-03-12T10:31:49Z,active,true,,,KILELE,corrected in Sept export
CT-200256,Karim Njoroge,yassine.nkosi.delta2757@vg-eval.test,0733785285,KE,Nakuru,2026-08-21T13:08:09Z,active,false,,,KILELE,
CT-200441,Ruth Alaoui,james.berrada.delta2942@vg-eval.test,025710427726,KE,Eldoret,2026-08-16T14:38:49Z,active,false,,,KILELE,
CT-039958,Zanele Nkosi,peter.kimani.delta146@vg-eval.test,025732771056,KE,Kisumu,2026-02-21T16:58:34Z,active,true,,,KILELE,corrected in Sept export
CT-018310,Zanele Otieno,pieter.achieng.delta903@vg-eval.test,0730642232,KE,Mombasa,2026-04-16T18:43:28Z,active,true,,,KILELE,corrected in Sept export
CT-011370,Kevin Cheruiyot,thandi.naidoo.delta2250@vg-eval.test,0733949311,KE,Thika,2026-04-10T19:47:10Z,active,false,,,KILELE,corrected in Sept export
CT-028791,Mercy Benali,kevin.dlamini.delta2074@vg-eval.test,254-726-588396,KE,Nakuru,2026-01-18T15:29:40Z,active,true,,,KILELE,corrected in Sept export
CT-200472,Amina Benali,paul.tazi.delta2973@vg-eval.test,0724802841,KE,Nyeri,2026-08-19T13:31:03Z,active,true,,,KILELE,
CT-005206,Sarah Naidoo,mercy.naidoo.delta880@vg-eval.test,025729053096,KE,Nairobi,2026-04-02T06:38:38Z,active,false,,,KILELE,corrected in Sept export
CT-061950,David Vermeulen,paul.mwangi.delta986@vg-eval.test,254-733-632923,KE,Eldoret,2026-01-07T10:08:06Z,active,true,,,KILELE,corrected in Sept export
CT-032626,Caroline Kiptoo,nomsa.kamau.delta159@vg-eval.test,025731754265,KE,Nairobi,2026-04-16T23:09:09Z,active,false,,,KILELE,corrected in Sept export
CT-060049,Fatima Pretorius,victor.elidrissi.delta1811@vg-eval.test,+254 726 097 962,KE,Kericho,2026-04-01T20:50:23Z,active,true,,,KILELE,corrected in Sept export
CT-079469,Karim Kamau,mary.bennani.delta836@vg-eval.test,254-728-666784,KE,Eldoret,2026-02-16T17:59:44Z,active,false,,,KILELE,corrected in Sept export
CT-014390,Paul Cheruiyot,kevin.achieng.delta288@vg-eval.test,0708537648,KE,Kisumu,2026-03-05T02:28:26Z,active,false,,,KILELE,corrected in Sept export
CT-201392,Layla Njenga,victor.haddad.delta3893@vg-eval.test,0710380026,KE,Kericho,2026-08-14T20:42:32Z,active,true,,,KILELE,
CT-201228,Brian Odhiambo,rose.elidrissi.delta3729@vg-eval.test,0715550722,KE,Mombasa,2026-08-29T08:28:18Z,active,true,,,KILELE,
CT-004329,James Elidrissi,johan.elidrissi.delta125@vg-eval.test,0709923876,KE,Malindi,2026-02-15T14:50:46Z,active,false,,,KILELE,corrected in Sept export
CT-030540,Diana Barasa,pieter.fassi.delta845@vg-eval.test,025727934538,KE,Thika,2026-01-04T10:50:36Z,active,false,,,KILELE,corrected in Sept export
CT-201514,Samuel Bennani,peter.kiptoo.delta4015@vg-eval.test,+254 723 494 474,KE,Nyeri,2026-08-27T17:38:30Z,active,true,,,KILELE,
CT-201622,Alice Berrada,kevin.elidrissi.delta4123@vg-eval.test,+254 700 306 247,KE,Kisumu,2026-08-25T07:10:06Z,active,false,,,KILELE,
CT-017521,Karim Bennani,george.tazi.delta1884@vg-eval.test,254-726-789608,KE,Kisumu,2026-02-25T08:24:16Z,active,false,,,KILELE,corrected in Sept export
CT-041264,Fatima Tazi,layla.odhiambo.delta737@vg-eval.test,0707223312,KE,Nyeri,2026-02-10T07:01:47Z,active,false,,,KILELE,corrected in Sept export
CT-201275,Brian Njenga,lerato.haddad.delta3776@vg-eval.test,254-729-841380,KE,Malindi,2026-08-12T03:19:49Z,active,true,,,KILELE,
CT-076747,Isaac Kiptoo,thandi.naidoo.delta1357@vg-eval.test,0713707031,KE,Nyeri,2026-01-21T16:58:37Z,active,true,,,KILELE,corrected in Sept export
CT-072661,Brian Mutua,dennis.mutua.delta2075@vg-eval.test,025739875672,KE,Malindi,2026-04-13T15:31:32Z,active,true,,,KILELE,corrected in Sept export
CT-074573,Mercy Achieng,samuel.kamau.delta88@vg-eval.test,0702492712,KE,Nairobi,2026-03-08T14:17:57Z,active,false,,,KILELE,corrected in Sept export
CT-040327,Nancy Berrada,michael.haddad.delta2178@vg-eval.test,025711883851,KE,Nairobi,2026-04-05T17:20:30Z,active,false,,,KILELE,corrected in Sept export
CT-019965,George Cheruiyot,simon.njoroge.delta2031@vg-eval.test,025707668699,KE,Kericho,2026-02-08T05:31:48Z,active,false,,,KILELE,corrected in Sept export
CT-200812,Layla Vermeulen,isaac.fassi.delta3313@vg-eval.test,0724240198,KE,Kisumu,2026-08-09T16:35:21Z,active,false,,,KILELE,
CT-007075,Esther Benali,thandi.dlamini.delta842@vg-eval.test,+254 718 190 750,KE,Nyeri,2026-02-24T22:05:20Z,active,false,,,KILELE,corrected in Sept export
CT-018783,Simon Elidrissi,david.zahra.delta1439@vg-eval.test,+254 732 898 364,KE,Thika,2026-03-11T05:54:44Z,active,false,,,KILELE,corrected in Sept export
CT-011453,Zanele Odhiambo,victor.mwangi.delta1897@vg-eval.test,254-705-519220,KE,Malindi,2026-01-24T11:43:03Z,active,true,,,KILELE,corrected in Sept export
CT-070466,Pieter Wanjiru,mercy.benali.delta475@vg-eval.test,0726718850,KE,Machakos,2026-01-31T15:59:07Z,active,true,,,KILELE,corrected in Sept export
CT-069271,Faith Pretorius,michael.vermeulen.delta412@vg-eval.test,025716911650,KE,Nairobi,2026-01-04T09:58:18Z,active,true,,,KILELE,corrected in Sept export
CT-200917,David Vermeulen,layla.mwangi.delta3418@vg-eval.test,025726197224,KE,Nakuru,2026-08-06T20:53:04Z,active,true,,,KILELE,
CT-200092,Sipho Mokoena,rose.odhiambo.delta2593@vg-eval.test,0711283159,KE,Machakos,2026-08-21T10:52:15Z,active,true,,,KILELE,
CT-200613,Daniel Wanjiru,kevin.kamau.delta3114@vg-eval.test,025708813994,KE,Mombasa,2026-08-24T22:10:43Z,active,true,,,KILELE,
CT-062485,Yassine Wafula,brian.naidoo.delta1593@vg-eval.test,254-709-605922,KE,Malindi,2026-02-18T02:39:40Z,active,false,,,KILELE,corrected in Sept export
CT-200664,Pieter Kimani,diana.njenga.delta3165@vg-eval.test,0715479861,KE,Nairobi,2026-08-17T05:18:50Z,active,true,,,KILELE,
CT-067061,Daniel Wafula,rachid.vermeulen.delta447@vg-eval.test,0706342370,KE,Eldoret,2026-02-28T21:57:46Z,active,false,,,KILELE,corrected in Sept export
CT-075738,George Vermeulen,peter.njenga.delta730@vg-eval.test,+254 721 701 076,KE,Kericho,2026-03-25T16:23:32Z,active,false,,,KILELE,corrected in Sept export
CT-072656,Karim Wanjiru,layla.wanjiru.delta2354@vg-eval.test,254-737-030872,KE,Malindi,2026-03-06T14:01:33Z,active,true,,,KILELE,corrected in Sept export
CT-201328,Omar Mokoena,george.kimani.delta3829@vg-eval.test,0726173308,KE,Thika,2026-08-29T17:18:59Z,active,true,,,KILELE,
CT-201176,Fatima Njenga,sarah.alaoui.delta3677@vg-eval.test,0702431118,KE,Kericho,2026-08-05T17:05:30Z,active,false,,,KILELE,
CT-008015,Daniel Mutua,alice.naidoo.delta1742@vg-eval.test,0734619253,KE,Nakuru,2026-04-17T02:47:42Z,active,true,,,KILELE,corrected in Sept export
CT-200552,Victor Otieno,faith.odhiambo.delta3053@vg-eval.test,0712425108,KE,Thika,2026-08-12T23:30:40Z,active,true,,,KILELE,
CT-200790,Fatima Fassi,zanele.otieno.delta3291@vg-eval.test,+254 722 010 592,KE,Nairobi,2026-08-18T18:02:37Z,active,true,,,KILELE,
CT-200357,Amina Odhiambo,mary.haddad.delta2858@vg-eval.test,025722018203,KE,Nyeri,2026-08-16T19:38:39Z,active,false,,,KILELE,
CT-059416,Amina Mwangi,dennis.kimani.delta1248@vg-eval.test,025713482577,KE,Nakuru,2026-02-18T05:35:00Z,active,true,,,KILELE,corrected in Sept export
CT-200031,Nancy Pretorius,lerato.naidoo.delta2532@vg-eval.test,254-717-547211,KE,Kericho,2026-08-04T18:26:17Z,active,false,,,KILELE,
CT-200985,Fatima Tazi,omar.fassi.delta3486@vg-eval.test,025727596203,KE,Mombasa,2026-08-04T02:16:30Z,active,true,,,KILELE,
CT-200524,David Achieng,fatima.mwangi.delta3025@vg-eval.test,0723358604,KE,Malindi,2026-08-05T03:19:39Z,active,true,,,KILELE,
CT-009807,Caroline Pretorius,mercy.zahra.delta1840@vg-eval.test,0732903645,KE,Nyeri,2026-03-01T02:47:55Z,active,false,,,KILELE,corrected in Sept export
CT-200069,Paul Elidrissi,nancy.njenga.delta2570@vg-eval.test,025705747999,KE,Nakuru,2026-08-18T04:20:01Z,active,true,,,KILELE,
CT-034085,James Bennani,diana.mokoena.delta2008@vg-eval.test,0733035457,KE,Machakos,2026-02-02T10:55:10Z,active,false,,,KILELE,corrected in Sept export
CT-066971,Sarah Kiptoo,mercy.vermeulen.delta1564@vg-eval.test,0731753205,KE,Thika,2026-03-21T15:18:09Z,active,true,,,KILELE,corrected in Sept export
CT-014033,Dennis Kiptoo,omar.mwangi.delta913@vg-eval.test,0730136937,KE,Machakos,2026-01-01T14:48:38Z,active,false,,,KILELE,corrected in Sept export
CT-201388,Thandi Kimani,diana.achieng.delta3889@vg-eval.test,0739780048,KE,Thika,2026-08-14T16:51:16Z,active,true,,,KILELE,
CT-053693,Fatima Alaoui,ann.elidrissi.delta1008@vg-eval.test,025701784374,KE,Kericho,2026-03-03T14:54:05Z,active,true,,,KILELE,corrected in Sept export
CT-079642,Lerato Dlamini,paul.kiptoo.delta660@vg-eval.test,254-728-571906,KE,Kisumu,2026-02-12T11:27:18Z,active,false,,,KILELE,corrected in Sept export
CT-030954,George Zahra,george.wanjiru.delta388@vg-eval.test,254-739-015463,KE,Machakos,2026-01-04T22:37:49Z,active,true,,,KILELE,corrected in Sept export
CT-201374,Peter Odhiambo,diana.odhiambo.delta3875@vg-eval.test,+254 731 857 611,KE,Kericho,2026-08-07T00:15:14Z,active,true,,,KILELE,
CT-021074,Faith Kiptoo,caroline.vermeulen.delta2081@vg-eval.test,025712057343,KE,Mombasa,2026-03-15T11:51:29Z,active,true,,,KILELE,corrected in Sept export
CT-031129,Nomsa Odhiambo,karim.alaoui.delta1633@vg-eval.test,025707207797,KE,Mombasa,2026-02-17T12:09:21Z,active,false,,,KILELE,corrected in Sept export
CT-200252,Paul Nkosi,victor.kamau.delta2753@vg-eval.test,0713858046,KE,Eldoret,2026-08-31T05:08:57Z,active,false,,,KILELE,
CT-201286,Alice Kamau,johan.tazi.delta3787@vg-eval.test,+254 722 890 247,KE,Thika,2026-08-16T17:30:13Z,active,false,,,KILELE,
CT-021738,Daniel Kiptoo,pieter.vermeulen.delta1703@vg-eval.test,+254 724 396 775,KE,Mombasa,2026-03-29T00:38:15Z,active,false,,,KILELE,corrected in Sept export
CT-200136,Zanele Wafula,johan.dlamini.delta2637@vg-eval.test,0716986051,KE,Thika,2026-08-03T08:12:10Z,active,false,,,KILELE,
CT-200636,Rachid Bennani,john.benali.delta3137@vg-eval.test,0725986176,KE,Eldoret,2026-08-24T07:58:46Z,active,true,,,KILELE,
CT-200452,Karim Bennani,ruth.kimani.delta2953@vg-eval.test,0716764642,KE,Kisumu,2026-08-27T21:08:23Z,active,true,,,KILELE,
CT-014320,Simon Alaoui,caroline.njoroge.delta1708@vg-eval.test,0707861656,KE,Nakuru,2026-02-28T17:07:16Z,active,false,,,KILELE,corrected in Sept export
CT-200683,Rose Alaoui,ruth.kamau.delta3184@vg-eval.test,254-700-724824,KE,Kisumu,2026-08-17T22:52:13Z,active,true,,,KILELE,
CT-201124,John Naidoo,diana.njoroge.delta3625@vg-eval.test,0729835295,KE,Nyeri,2026-08-17T17:49:49Z,active,true,,,KILELE,
CT-201667,Omar Berrada,brian.njenga.delta4168@vg-eval.test,254-718-576674,KE,Machakos,2026-08-14T12:52:18Z,active,true,,,KILELE,
CT-055656,Caroline Mokoena,grace.vermeulen.delta1939@vg-eval.test,+254 709 404 240,KE,Kericho,2026-03-23T15:28:21Z,active,true,,,KILELE,corrected in Sept export
CT-080137,Layla Benali,samuel.kamau.delta2489@vg-eval.test,+254 706 356 382,KE,Nairobi,2026-02-05T13:12:57Z,active,true,,,KILELE,corrected in Sept export
CT-009628,Fatima Otieno,alice.mokoena.delta1350@vg-eval.test,254-732-059618,KE,Kericho,2026-01-25T07:59:27Z,active,false,,,KILELE,corrected in Sept export
CT-200832,Alice Mutua,yassine.tazi.delta3333@vg-eval.test,0724520768,KE,Eldoret,2026-08-04T18:39:37Z,active,true,,,KILELE,
CT-057399,Isaac Njoroge,thandi.otieno.delta1017@vg-eval.test,025701335639,KE,Eldoret,2026-01-27T04:48:07Z,active,true,,,KILELE,corrected in Sept export
CT-200192,Johan Berrada,dennis.kimani.delta2693@vg-eval.test,0733649646,KE,Nakuru,2026-08-21T01:02:59Z,active,false,,,KILELE,
CT-201482,Rachid Elidrissi,michael.achieng.delta3983@vg-eval.test,+254 738 622 694,KE,Nakuru,2026-08-16T04:50:53Z,active,true,,,KILELE,
CT-036891,Amina Otieno,sipho.njoroge.delta1369@vg-eval.test,+254 738 259 260,KE,Nakuru,2026-01-29T06:49:54Z,active,true,,,KILELE,corrected in Sept export
CT-200064,Grace Naidoo,grace.pretorius.delta2565@vg-eval.test,0731366761,KE,Machakos,2026-08-08T08:02:48Z,active,false,,,KILELE,
CT-014109,Amina Bennani,faith.cheruiyot.delta1173@vg-eval.test,0714846824,KE,Eldoret,2026-01-06T04:20:36Z,active,true,,,KILELE,corrected in Sept export
CT-078411,Pieter Kimani,daniel.cheruiyot.delta260@vg-eval.test,0701052161,KE,Machakos,2026-01-26T01:11:49Z,active,false,,,KILELE,corrected in Sept export
CT-043203,Mercy Barasa,david.kiptoo.delta23@vg-eval.test,0728782949,KE,Nairobi,2026-02-23T12:53:46Z,active,false,,,KILELE,corrected in Sept export
CT-200669,Simon Kimani,layla.cheruiyot.delta3170@vg-eval.test,025721235859,KE,Malindi,2026-08-15T08:18:47Z,active,true,,,KILELE,
CT-057590,Nomsa Mokoena,diana.fassi.delta895@vg-eval.test,+254 701 527 336,KE,Mombasa,2026-01-22T06:08:42Z,active,true,,,KILELE,corrected in Sept export
CT-201668,Yassine Fassi,sipho.nkosi.delta4169@vg-eval.test,0713795329,KE,Mombasa,2026-08-14T20:45:18Z,active,false,,,KILELE,
CT-028972,Omar Pretorius,sipho.pretorius.delta148@vg-eval.test,0709142790,KE,Nakuru,2026-04-07T20:51:58Z,active,true,,,KILELE,corrected in Sept export
CT-201035,Caroline Pretorius,daniel.vermeulen.delta3536@vg-eval.test,254-716-120980,KE,Nyeri,2026-08-05T05:58:50Z,active,true,,,KILELE,
CT-045904,Michael Nkosi,rachid.wafula.delta1876@vg-eval.test,254-736-958803,KE,Malindi,2026-03-12T12:06:50Z,active,false,,,KILELE,corrected in Sept export
CT-201570,Yassine Haddad,peter.mokoena.delta4071@vg-eval.test,+254 709 684 527,KE,Thika,2026-08-29T06:42:00Z,active,false,,,KILELE,
CT-059826,Diana Fassi,brian.otieno.delta976@vg-eval.test,254-704-694116,KE,Eldoret,2026-01-15T06:24:07Z,active,true,,,KILELE,corrected in Sept export
CT-069344,Michael Wafula,karim.kimani.delta1942@vg-eval.test,+254 733 237 625,KE,Eldoret,2026-02-17T19:19:52Z,active,false,,,KILELE,corrected in Sept export
CT-012567,Isaac Alaoui,daniel.alaoui.delta826@vg-eval.test,254-703-282449,KE,Nairobi,2026-04-05T21:31:43Z,active,false,,,KILELE,corrected in Sept export
CT-062558,Paul Bennani,dennis.haddad.delta70@vg-eval.test,0737469641,KE,Mombasa,2026-03-08T13:31:50Z,active,true,,,KILELE,corrected in Sept export
CT-200185,Fatima Mutua,esther.tazi.delta2686@vg-eval.test,025706009626,KE,Malindi,2026-08-23T02:24:36Z,active,true,,,KILELE,
CT-052761,Lucy Dlamini,nomsa.mwangi.delta697@vg-eval.test,254-723-563019,KE,Malindi,2026-02-19T23:13:39Z,active,false,,,KILELE,corrected in Sept export
CT-064668,Omar Cheruiyot,layla.wafula.delta1162@vg-eval.test,0721641533,KE,Malindi,2026-01-18T09:45:44Z,active,false,,,KILELE,corrected in Sept export
CT-024647,Joan Wanjiru,alice.pretorius.delta1629@vg-eval.test,025707577004,KE,Kisumu,2026-01-09T16:38:01Z,active,false,,,KILELE,corrected in Sept export
CT-200377,Michael Cheruiyot,nomsa.okoth.delta2878@vg-eval.test,025702337404,KE,Nairobi,2026-08-24T06:21:08Z,active,false,,,KILELE,
CT-000104,Rose Vermeulen,lucy.naidoo.delta611@vg-eval.test,+254 727 446 665,KE,Nairobi,2026-04-07T13:26:04Z,active,false,,,KILELE,corrected in Sept export
CT-201424,Ann Otieno,james.berrada.delta3925@vg-eval.test,0704078248,KE,Nakuru,2026-08-05T10:34:49Z,active,true,,,KILELE,
CT-200198,Diana Njoroge,dennis.odhiambo.delta2699@vg-eval.test,+254 706 554 327,KE,Kisumu,2026-08-06T09:47:27Z,active,false,,,KILELE,
CT-201405,Nomsa Haddad,isaac.kimani.delta3906@vg-eval.test,025710318274,KE,Kericho,2026-08-04T05:37:01Z,active,false,,,KILELE,
CT-200885,John Kimani,esther.pretorius.delta3386@vg-eval.test,025704328452,KE,Thika,2026-08-05T19:26:27Z,active,false,,,KILELE,
CT-075157,Joan Njenga,salma.benali.delta680@vg-eval.test,0739687076,KE,Malindi,2026-01-08T09:49:26Z,active,false,,,KILELE,corrected in Sept export
CT-200442,George Zahra,sarah.barasa.delta2943@vg-eval.test,+254 718 709 757,KE,Mombasa,2026-08-30T14:02:23Z,active,true,,,KILELE,
CT-042150,Rose Kiptoo,salma.kiptoo.delta1228@vg-eval.test,254-733-061622,KE,Thika,2026-04-12T14:34:32Z,active,false,,,KILELE,corrected in Sept export
CT-200429,Lucy Pretorius,samuel.njenga.delta2930@vg-eval.test,025713938166,KE,Nairobi,2026-08-01T18:52:56Z,active,true,,,KILELE,
CT-023998,Dennis Elidrissi,johan.haddad.delta157@vg-eval.test,0732503107,KE,Machakos,2026-04-01T17:45:32Z,active,true,,,KILELE,corrected in Sept export
CT-061440,Lucy Kamau,yassine.vermeulen.delta1190@vg-eval.test,254-726-341499,KE,Eldoret,2026-02-22T22:45:35Z,active,true,,,KILELE,corrected in Sept export
CT-052750,Layla Nkosi,johan.tazi.delta942@vg-eval.test,025703554701,KE,Eldoret,2026-03-25T10:32:19Z,active,false,,,KILELE,corrected in Sept export
CT-201160,John Naidoo,sarah.kiptoo.delta3661@vg-eval.test,0726393827,KE,Nairobi,2026-08-05T15:56:45Z,active,true,,,KILELE,
CT-006716,Peter Otieno,layla.mwangi.delta104@vg-eval.test,0707871333,KE,Kericho,2026-01-16T17:07:11Z,active,true,,,KILELE,corrected in Sept export
CT-045139,Mary Berrada,esther.wafula.delta2138@vg-eval.test,254-710-988174,KE,Nairobi,2026-03-11T13:42:11Z,active,false,,,KILELE,corrected in Sept export
CT-201343,Ruth Wanjiru,lerato.kamau.delta3844@vg-eval.test,254-715-274477,KE,Thika,2026-08-31T17:52:40Z,active,false,,,KILELE,
CT-058680,Mary Nkosi,victor.kiptoo.delta1729@vg-eval.test,025715558199,KE,Eldoret,2026-02-21T03:11:26Z,active,false,,,KILELE,corrected in Sept export
CT-201044,Fatima Mokoena,rose.alaoui.delta3545@vg-eval.test,0727131968,KE,Nairobi,2026-08-18T18:57:03Z,active,false,,,KILELE,
CT-070241,Rachid Wanjiru,alice.wafula.delta1341@vg-eval.test,025726465203,KE,Eldoret,2026-01-31T11:43:34Z,active,false,,,KILELE,corrected in Sept export
CT-000243,Victor Otieno,rachid.mutua.delta1336@vg-eval.test,0722584307,KE,Mombasa,2026-04-15T03:29:25Z,active,true,,,KILELE,corrected in Sept export
CT-200338,James Benali,esther.mwangi.delta2839@vg-eval.test,+254 715 561 703,KE,Nakuru,2026-08-03T15:00:57Z,active,false,,,KILELE,
CT-064295,Kevin Tazi,ann.alaoui.delta2290@vg-eval.test,0718225090,KE,Eldoret,2026-03-09T23:42:14Z,active,true,,,KILELE,corrected in Sept export
CT-023002,Isaac Nkosi,grace.odhiambo.delta479@vg-eval.test,+254 711 458 863,KE,Kisumu,2026-01-01T01:44:39Z,active,false,,,KILELE,corrected in Sept export
CT-039389,Zanele Kimani,alice.pretorius.delta1182@vg-eval.test,025701552499,KE,Eldoret,2026-04-12T20:45:13Z,active,true,,,KILELE,corrected in Sept export
CT-039297,Zanele Elidrissi,brian.mokoena.delta1430@vg-eval.test,0704149700,KE,Nairobi,2026-03-29T03:31:54Z,active,false,,,KILELE,corrected in Sept export
CT-030408,Dennis Elidrissi,fatima.tazi.delta312@vg-eval.test,+254 717 728 948,KE,Machakos,2026-03-19T17:42:43Z,active,false,,,KILELE,corrected in Sept export
CT-017151,Fatima Kiptoo,george.achieng.delta1463@vg-eval.test,+254 727 757 745,KE,Thika,2026-02-25T23:55:27Z,active,true,,,KILELE,corrected in Sept export
CT-200007,Pieter Tazi,johan.dlamini.delta2508@vg-eval.test,254-727-708771,KE,Nyeri,2026-08-18T02:13:06Z,active,false,,,KILELE,
CT-200561,Joan Alaoui,fatima.zahra.delta3062@vg-eval.test,025712338732,KE,Nakuru,2026-08-31T07:10:41Z,active,false,,,KILELE,
CT-027294,Amina Njenga,daniel.cheruiyot.delta1402@vg-eval.test,254-731-014773,KE,Nairobi,2026-04-16T10:22:57Z,active,false,,,KILELE,corrected in Sept export
CT-050670,Grace Dlamini,layla.zahra.delta2228@vg-eval.test,025717526287,KE,Nakuru,2026-01-24T05:07:46Z,active,true,,,KILELE,corrected in Sept export
CT-024065,Ann Kimani,sipho.benali.delta232@vg-eval.test,+254 730 525 333,KE,Thika,2026-04-17T12:19:50Z,active,true,,,KILELE,corrected in Sept export
CT-200620,Ann Berrada,pieter.haddad.delta3121@vg-eval.test,0702752756,KE,Kericho,2026-08-12T05:49:08Z,active,false,,,KILELE,
CT-049704,Joan Cheruiyot,paul.okoth.delta1037@vg-eval.test,+254 700 215 536,KE,Malindi,2026-03-23T05:46:53Z,active,false,,,KILELE,corrected in Sept export
CT-009566,Zanele Achieng,james.zahra.delta1838@vg-eval.test,025722030469,KE,Machakos,2026-01-07T21:16:55Z,active,true,,,KILELE,corrected in Sept export
CT-200801,David Mokoena,amina.cheruiyot.delta3302@vg-eval.test,025700096494,KE,Thika,2026-08-23T00:54:27Z,active,true,,,KILELE,
CT-079277,Mary Alaoui,diana.fassi.delta467@vg-eval.test,0729659018,KE,Malindi,2026-01-30T16:56:49Z,active,false,,,KILELE,corrected in Sept export
CT-200542,Lucy Naidoo,pieter.elidrissi.delta3043@vg-eval.test,+254 718 074 571,KE,Nairobi,2026-08-18T02:24:48Z,active,false,,,KILELE,
CT-019437,Mary Pretorius,david.pretorius.delta952@vg-eval.test,025712738091,KE,Machakos,2026-03-19T12:11:51Z,active,true,,,KILELE,corrected in Sept export
CT-200894,Victor Dlamini,peter.kimani.delta3395@vg-eval.test,+254 716 865 869,KE,Thika,2026-08-02T19:52:28Z,active,true,,,KILELE,
CT-058953,Peter Wanjiru,nancy.cheruiyot.delta1864@vg-eval.test,0714840252,KE,Nairobi,2026-03-13T19:24:06Z,active,true,,,KILELE,corrected in Sept export
CT-200372,John Kimani,victor.okoth.delta2873@vg-eval.test,0700713132,KE,Eldoret,2026-08-04T04:39:34Z,active,true,,,KILELE,
CT-201091,Faith Kimani,john.kiptoo.delta3592@vg-eval.test,254-708-847950,KE,Kisumu,2026-08-17T08:30:38Z,active,true,,,KILELE,
CT-200167,Alice Mutua,lucy.kamau.delta2668@vg-eval.test,254-729-717420,KE,Thika,2026-08-24T17:30:49Z,active,true,,,KILELE,
CT-018785,Layla Berrada,karim.mokoena.delta741@vg-eval.test,0706805156,KE,Mombasa,2026-04-17T10:32:51Z,active,false,,,KILELE,corrected in Sept export
CT-004614,David Dlamini,daniel.wafula.delta1370@vg-eval.test,025712395278,KE,Eldoret,2026-03-05T22:19:26Z,active,false,,,KILELE,corrected in Sept export
CT-023352,Layla Njoroge,caroline.wanjiru.delta240@vg-eval.test,025726564109,KE,Eldoret,2026-03-15T02:19:01Z,active,false,,,KILELE,corrected in Sept export
CT-023569,Caroline Wafula,victor.kamau.delta2321@vg-eval.test,254-718-426865,KE,Mombasa,2026-04-10T21:18:22Z,active,false,,,KILELE,corrected in Sept export
CT-067339,Caroline Naidoo,yassine.barasa.delta2270@vg-eval.test,254-711-579961,KE,Nairobi,2026-01-08T23:01:36Z,active,false,,,KILELE,corrected in Sept export
CT-201093,Sipho Mokoena,karim.fassi.delta3594@vg-eval.test,025702522277,KE,Nakuru,2026-08-04T08:46:24Z,active,false,,,KILELE,
CT-007569,Diana Otieno,mary.achieng.delta1241@vg-eval.test,025707904781,KE,Nairobi,2026-03-26T20:19:53Z,active,false,,,KILELE,corrected in Sept export
CT-055317,James Fassi,james.wafula.delta902@vg-eval.test,+254 720 477 676,KE,Nakuru,2026-01-20T01:57:26Z,active,true,,,KILELE,corrected in Sept export
CT-201444,Joan Elidrissi,zanele.wafula.delta3945@vg-eval.test,0701326605,KE,Nairobi,2026-08-10T11:13:56Z,active,true,,,KILELE,
CT-200144,Dennis Mutua,kevin.pretorius.delta2645@vg-eval.test,0732322255,KE,Nyeri,2026-08-09T20:15:39Z,active,true,,,KILELE,
CT-200434,Paul Wanjiru,mary.kamau.delta2935@vg-eval.test,+254 714 764 037,KE,Machakos,2026-08-19T09:32:13Z,active,true,,,KILELE,
CT-032938,Yassine Fassi,rose.alaoui.delta1420@vg-eval.test,254-709-261338,KE,Nyeri,2026-03-24T10:40:41Z,active,false,,,KILELE,corrected in Sept export
CT-070734,Isaac Bennani,fatima.alaoui.delta1494@vg-eval.test,254-733-649611,KE,Nairobi,2026-03-11T08:33:06Z,active,false,,,KILELE,corrected in Sept export
CT-032264,Joan Dlamini,joan.njenga.delta1387@vg-eval.test,0709059530,KE,Thika,2026-03-04T23:45:36Z,active,false,,,KILELE,corrected in Sept export
CT-201494,Yassine Nkosi,paul.otieno.delta3995@vg-eval.test,+254 729 645 103,KE,Kisumu,2026-08-10T02:06:01Z,active,false,,,KILELE,
CT-010961,George Njoroge,esther.zahra.delta1614@vg-eval.test,025700156301,KE,Machakos,2026-02-25T17:05:41Z,active,false,,,KILELE,corrected in Sept export
CT-052500,Daniel Elidrissi,zanele.cheruiyot.delta119@vg-eval.test,254-707-166785,KE,Thika,2026-03-10T01:44:05Z,active,false,,,KILELE,corrected in Sept export
CT-036627,Omar Vermeulen,amina.njoroge.delta1804@vg-eval.test,+254 727 750 501,KE,Nakuru,2026-02-19T19:25:55Z,active,false,,,KILELE,corrected in Sept export
CT-032251,Kevin Kamau,omar.njenga.delta1274@vg-eval.test,0733996691,KE,Nairobi,2026-01-05T07:46:38Z,active,false,,,KILELE,corrected in Sept export
CT-012008,Alice Elidrissi,brian.elidrissi.delta276@vg-eval.test,+254 722 401 866,KE,Mombasa,2026-01-28T18:15:51Z,active,true,,,KILELE,corrected in Sept export
CT-068171,Thandi Elidrissi,ruth.mutua.delta1466@vg-eval.test,025702238589,KE,Kericho,2026-02-07T07:32:43Z,active,true,,,KILELE,corrected in Sept export
CT-200190,Omar Njoroge,faith.odhiambo.delta2691@vg-eval.test,+254 737 717 762,KE,Thika,2026-08-16T12:01:10Z,active,true,,,KILELE,
CT-201312,Layla Cheruiyot,pieter.kamau.delta3813@vg-eval.test,0734009710,KE,Mombasa,2026-08-26T23:01:53Z,active,false,,,KILELE,
CT-200719,David Mutua,pieter.berrada.delta3220@vg-eval.test,254-711-203417,KE,Nakuru,2026-08-01T00:53:55Z,active,false,,,KILELE,
CT-054038,Lerato Wanjiru,rose.naidoo.delta415@vg-eval.test,025711086171,KE,Malindi,2026-03-25T09:41:25Z,active,true,,,KILELE,corrected in Sept export
CT-200862,Sipho Haddad,pieter.haddad.delta3363@vg-eval.test,+254 708 448 667,KE,Nakuru,2026-08-02T19:20:30Z,active,false,,,KILELE,
CT-032647,Rose Dlamini,peter.mokoena.delta1060@vg-eval.test,0708142998,KE,Eldoret,2026-02-05T05:47:21Z,active,false,,,KILELE,corrected in Sept export
CT-067863,Rose Njoroge,david.kimani.delta1309@vg-eval.test,025714677359,KE,Mombasa,2026-03-23T06:55:42Z,active,false,,,KILELE,corrected in Sept export
CT-200137,Mary Wanjiru,thandi.haddad.delta2638@vg-eval.test,025727541284,KE,Nyeri,2026-08-30T12:21:20Z,active,true,,,KILELE,
CT-051374,Lucy Berrada,lerato.cheruiyot.delta1516@vg-eval.test,0706961978,KE,Nairobi,2026-01-20T08:31:21Z,active,false,,,KILELE,corrected in Sept export
CT-201360,Isaac Bennani,diana.dlamini.delta3861@vg-eval.test,0702939858,KE,Machakos,2026-08-18T15:13:57Z,active,true,,,KILELE,
CT-200625,Michael Benali,johan.tazi.delta3126@vg-eval.test,025711854665,KE,Kericho,2026-08-30T10:48:26Z,active,true,,,KILELE,
CT-011720,George Haddad,omar.benali.delta1428@vg-eval.test,0728788269,KE,Nyeri,2026-03-21T18:42:19Z,active,false,,,KILELE,corrected in Sept export
CT-001850,Johan Vermeulen,rose.nkosi.delta384@vg-eval.test,+254 716 193 078,KE,Nairobi,2026-03-25T01:55:07Z,active,false,,,KILELE,corrected in Sept export
CT-025296,Zanele Cheruiyot,david.otieno.delta1403@vg-eval.test,0714299386,KE,Mombasa,2026-04-13T12:43:56Z,active,true,,,KILELE,corrected in Sept export
CT-077869,George Benali,peter.alaoui.delta1250@vg-eval.test,0706098056,KE,Nairobi,2026-02-09T03:01:58Z,active,false,,,KILELE,corrected in Sept export
CT-031020,Lucy Haddad,ruth.kimani.delta1553@vg-eval.test,025733802660,KE,Eldoret,2026-03-11T14:09:11Z,active,true,,,KILELE,corrected in Sept export
CT-017782,Omar Mutua,lerato.wanjiru.delta2128@vg-eval.test,0712546264,KE,Nyeri,2026-01-22T02:19:19Z,active,false,,,KILELE,corrected in Sept export
CT-058664,James Okoth,fatima.haddad.delta2457@vg-eval.test,025733736736,KE,Mombasa,2026-03-26T04:25:38Z,active,true,,,KILELE,corrected in Sept export
CT-039793,Sarah Pretorius,salma.vermeulen.delta441@vg-eval.test,254-739-915633,KE,Mombasa,2026-03-19T19:40:05Z,active,true,,,KILELE,corrected in Sept export
CT-040337,Daniel Mokoena,john.achieng.delta150@vg-eval.test,025705935439,KE,Nakuru,2026-01-28T20:03:57Z,active,false,,,KILELE,corrected in Sept export
CT-201557,Lucy Elidrissi,grace.achieng.delta4058@vg-eval.test,025735700177,KE,Nairobi,2026-08-01T07:59:34Z,active,false,,,KILELE,
CT-200253,Karim Elidrissi,brian.berrada.delta2754@vg-eval.test,025729752120,KE,Malindi,2026-08-19T16:39:59Z,active,false,,,KILELE,
CT-200189,Mary Bennani,alice.vermeulen.delta2690@vg-eval.test,025700656820,KE,Nairobi,2026-08-19T14:44:01Z,active,false,,,KILELE,
CT-007209,Sarah Bennani,caroline.nkosi.delta139@vg-eval.test,0719379502,KE,Kisumu,2026-02-11T18:49:43Z,active,true,,,KILELE,corrected in Sept export
CT-000291,Layla Wafula,george.njenga.delta280@vg-eval.test,025718435819,KE,Nairobi,2026-03-08T11:18:03Z,active,true,,,KILELE,corrected in Sept export
CT-016372,Nancy Dlamini,yassine.mwangi.delta1443@vg-eval.test,+254 736 188 671,KE,Nairobi,2026-03-05T22:11:59Z,active,false,,,KILELE,corrected in Sept export
CT-200804,Peter Dlamini,pieter.mutua.delta3305@vg-eval.test,0704857608,KE,Nairobi,2026-08-08T00:06:16Z,active,true,,,KILELE,
CT-201463,Joan Alaoui,omar.pretorius.delta3964@vg-eval.test,254-729-095907,KE,Thika,2026-08-30T09:41:16Z,active,true,,,KILELE,
CT-069168,Daniel Nkosi,fatima.kiptoo.delta352@vg-eval.test,+254 722 164 916,KE,Mombasa,2026-01-04T23:34:28Z,active,false,,,KILELE,corrected in Sept export
CT-078523,Esther Mutua,diana.haddad.delta1622@vg-eval.test,+254 703 271 831,KE,Nakuru,2026-02-24T20:25:41Z,active,true,,,KILELE,corrected in Sept export
CT-200869,Esther Alaoui,faith.achieng.delta3370@vg-eval.test,025720065220,KE,Kericho,2026-08-23T19:16:09Z,active,false,,,KILELE,
CT-044136,Layla Pretorius,nancy.odhiambo.delta1929@vg-eval.test,+254 731 576 987,KE,Nakuru,2026-01-31T12:14:07Z,active,true,,,KILELE,corrected in Sept export
CT-037394,Victor Mwangi,brian.wanjiru.delta1849@vg-eval.test,025709472821,KE,Malindi,2026-04-11T18:32:25Z,active,false,,,KILELE,corrected in Sept export
CT-200642,Dennis Barasa,dennis.bennani.delta3143@vg-eval.test,+254 709 617 648,KE,Eldoret,2026-08-27T08:50:19Z,active,true,,,KILELE,
CT-044861,Lucy Mokoena,lucy.tazi.delta900@vg-eval.test,+254 707 660 108,KE,Kericho,2026-01-16T09:23:41Z,active,true,,,KILELE,corrected in Sept export
CT-022732,Grace Mutua,rachid.zahra.delta1701@vg-eval.test,+254 708 453 292,KE,Kisumu,2026-01-14T21:22:36Z,active,false,,,KILELE,corrected in Sept export
CT-200951,Caroline Njoroge,mary.wafula.delta3452@vg-eval.test,254-726-233777,KE,Eldoret,2026-08-03T13:02:46Z,active,true,,,KILELE,
CT-201104,Amina Mokoena,caroline.mutua.delta3605@vg-eval.test,0707633980,KE,Mombasa,2026-08-25T18:12:07Z,active,true,,,KILELE,
CT-200118,Daniel Kiptoo,johan.fassi.delta2619@vg-eval.test,+254 736 387 194,KE,Machakos,2026-08-02T17:02:07Z,active,true,,,KILELE,
CT-018623,Peter Alaoui,victor.kiptoo.delta1192@vg-eval.test,254-728-237529,KE,Nyeri,2026-03-16T07:38:26Z,active,false,,,KILELE,corrected in Sept export
CT-200001,Faith Benali,ruth.naidoo.delta2502@vg-eval.test,025715789355,KE,Machakos,2026-08-25T01:46:41Z,active,true,,,KILELE,
CT-066239,James Kiptoo,ruth.benali.delta2423@vg-eval.test,0726257775,KE,Thika,2026-04-06T11:07:27Z,active,false,,,KILELE,corrected in Sept export
CT-200347,Alice Kamau,michael.wanjiru.delta2848@vg-eval.test,254-724-491302,KE,Machakos,2026-08-08T08:53:16Z,active,false,,,KILELE,
CT-077333,Caroline Njenga,alice.mwangi.delta1843@vg-eval.test,0711915621,KE,Thika,2026-02-21T09:58:25Z,active,true,,,KILELE,corrected in Sept export
CT-061690,Zanele Mwangi,fatima.cheruiyot.delta1165@vg-eval.test,025707724085,KE,Eldoret,2026-01-13T19:33:15Z,active,true,,,KILELE,corrected in Sept export
CT-003767,Grace Achieng,pieter.okoth.delta961@vg-eval.test,254-729-832992,KE,Machakos,2026-03-31T00:18:30Z,active,false,,,KILELE,corrected in Sept export
CT-200647,Peter Wanjiru,paul.tazi.delta3148@vg-eval.test,254-701-392733,KE,Thika,2026-08-24T13:55:33Z,active,false,,,KILELE,
CT-040263,Paul Wafula,grace.alaoui.delta547@vg-eval.test,+254 721 097 514,KE,Thika,2026-03-16T08:48:36Z,active,false,,,KILELE,corrected in Sept export
CT-002554,Brian Mutua,peter.benali.delta686@vg-eval.test,0736285525,KE,Thika,2026-03-29T03:27:14Z,active,true,,,KILELE,corrected in Sept export
CT-064580,Grace Kiptoo,lucy.berrada.delta298@vg-eval.test,254-724-580342,KE,Thika,2026-04-17T16:42:38Z,active,true,,,KILELE,corrected in Sept export
CT-200883,Daniel Berrada,david.njoroge.delta3384@vg-eval.test,254-717-407357,KE,Nyeri,2026-08-24T02:03:58Z,active,false,,,KILELE,
CT-073527,Ruth Alaoui,thandi.vermeulen.delta763@vg-eval.test,+254 716 731 958,KE,Nakuru,2026-03-27T17:24:11Z,active,false,,,KILELE,corrected in Sept export
CT-200199,Karim Fassi,alice.dlamini.delta2700@vg-eval.test,254-724-884669,KE,Nairobi,2026-08-20T09:06:24Z,active,false,,,KILELE,
CT-200596,Ann Kiptoo,thandi.barasa.delta3097@vg-eval.test,0728025218,KE,Nairobi,2026-08-29T09:44:11Z,active,false,,,KILELE,
CT-201143,Isaac Njoroge,johan.kamau.delta3644@vg-eval.test,254-722-084039,KE,Eldoret,2026-08-22T01:51:35Z,active,true,,,KILELE,
CT-029027,Brian Mwangi,diana.mutua.delta1287@vg-eval.test,025736311704,KE,Nyeri,2026-03-05T22:44:47Z,active,false,,,KILELE,corrected in Sept export
CT-026469,Zanele Berrada,johan.dlamini.delta1254@vg-eval.test,025702931991,KE,Machakos,2026-03-23T10:59:50Z,active,true,,,KILELE,corrected in Sept export
CT-068181,Dennis Njoroge,mercy.zahra.delta1140@vg-eval.test,025724755215,KE,Eldoret,2026-01-26T21:03:58Z,active,true,,,KILELE,corrected in Sept export
CT-036607,Samuel Wafula,david.odhiambo.delta379@vg-eval.test,025736621698,KE,Kisumu,2026-04-13T16:31:53Z,active,false,,,KILELE,corrected in Sept export
CT-200806,Lerato Wafula,john.haddad.delta3307@vg-eval.test,+254 739 032 177,KE,Thika,2026-08-22T13:53:05Z,active,true,,,KILELE,
CT-200964,Joan Otieno,thandi.mokoena.delta3465@vg-eval.test,0715939372,KE,Thika,2026-08-15T12:49:10Z,active,false,,,KILELE,
CT-077566,Fatima Mokoena,sipho.njenga.delta43@vg-eval.test,0711456763,KE,Mombasa,2026-02-24T18:49:19Z,active,true,,,KILELE,corrected in Sept export
CT-201454,Victor Mwangi,simon.bennani.delta3955@vg-eval.test,+254 728 021 826,KE,Mombasa,2026-08-03T03:09:25Z,active,true,,,KILELE,
CT-031213,Karim Barasa,layla.benali.delta2344@vg-eval.test,025737648454,KE,Kericho,2026-01-19T05:02:53Z,active,false,,,KILELE,corrected in Sept export
CT-026403,Lerato Vermeulen,faith.wafula.delta97@vg-eval.test,254-707-681808,KE,Nakuru,2026-01-25T00:36:16Z,active,true,,,KILELE,corrected in Sept export
CT-054894,Pieter Achieng,dennis.odhiambo.delta1515@vg-eval.test,0722999191,KE,Kericho,2026-02-25T11:59:42Z,active,true,,,KILELE,corrected in Sept export
CT-200797,Lerato Mokoena,michael.cheruiyot.delta3298@vg-eval.test,025725954864,KE,Nakuru,2026-08-21T05:44:12Z,active,false,,,KILELE,
CT-200622,Mercy Mutua,dennis.otieno.delta3123@vg-eval.test,+254 707 176 809,KE,Malindi,2026-08-31T06:42:10Z,active,false,,,KILELE,
CT-018847,Ann Kiptoo,ruth.okoth.delta35@vg-eval.test,254-707-241014,KE,Mombasa,2026-03-21T11:54:45Z,active,true,,,KILELE,corrected in Sept export
CT-200607,Sarah Kimani,zanele.otieno.delta3108@vg-eval.test,254-714-888804,KE,Kericho,2026-08-26T14:45:07Z,active,true,,,KILELE,
CT-200947,Ann Kamau,omar.elidrissi.delta3448@vg-eval.test,254-732-248438,KE,Eldoret,2026-08-20T06:26:03Z,active,true,,,KILELE,
CT-048808,Faith Wanjiru,rose.bennani.delta760@vg-eval.test,0735875347,KE,Malindi,2026-04-16T05:28:43Z,active,true,,,KILELE,corrected in Sept export
CT-075927,Lerato Kiptoo,sarah.achieng.delta171@vg-eval.test,254-723-587292,KE,Kisumu,2026-03-19T07:13:17Z,active,false,,,KILELE,corrected in Sept export
CT-200854,John Cheruiyot,esther.mokoena.delta3355@vg-eval.test,+254 711 325 090,KE,Mombasa,2026-08-06T23:37:40Z,active,false,,,KILELE,
CT-200608,Lerato Bennani,ruth.nkosi.delta3109@vg-eval.test,0728725280,KE,Mombasa,2026-08-31T05:36:51Z,active,false,,,KILELE,
CT-201085,Rose Fassi,amina.berrada.delta3586@vg-eval.test,025725819883,KE,Mombasa,2026-08-08T15:38:49Z,active,true,,,KILELE,
CT-037251,Nancy Elidrissi,samuel.wanjiru.delta1041@vg-eval.test,0724448044,KE,Kisumu,2026-02-01T02:19:28Z,active,false,,,KILELE,corrected in Sept export
CT-042189,George Vermeulen,john.elidrissi.delta1925@vg-eval.test,254-715-168154,KE,Kisumu,2026-04-13T08:31:43Z,active,false,,,KILELE,corrected in Sept export
CT-201416,Zanele Cheruiyot,dennis.wafula.delta3917@vg-eval.test,0721626160,KE,Malindi,2026-08-29T00:56:22Z,active,true,,,KILELE,
CT-056651,Faith Kimani,rose.wafula.delta675@vg-eval.test,0737339448,KE,Machakos,2026-04-07T07:11:31Z,active,false,,,KILELE,corrected in Sept export
CT-042931,Sarah Tazi,nancy.fassi.delta872@vg-eval.test,+254 714 929 285,KE,Kisumu,2026-03-29T19:48:30Z,active,true,,,KILELE,corrected in Sept export
CT-201619,Simon Wafula,lucy.naidoo.delta4120@vg-eval.test,254-724-324038,KE,Nairobi,2026-08-08T03:03:01Z,active,true,,,KILELE,
CT-039186,Thandi Mwangi,simon.vermeulen.delta326@vg-eval.test,025712322429,KE,Nairobi,2026-03-10T03:48:36Z,active,true,,,KILELE,corrected in Sept export
CT-062964,Isaac Alaoui,karim.benali.delta458@vg-eval.test,254-700-420825,KE,Nyeri,2026-02-12T05:54:13Z,active,true,,,KILELE,corrected in Sept export
CT-200994,Yassine Achieng,victor.zahra.delta3495@vg-eval.test,+254 713 994 275,KE,Eldoret,2026-08-16T16:34:41Z,active,true,,,KILELE,
CT-201069,Brian Barasa,layla.zahra.delta3570@vg-eval.test,025715696931,KE,Nakuru,2026-08-08T05:41:07Z,active,false,,,KILELE,
CT-200830,Zanele Zahra,dennis.pretorius.delta3331@vg-eval.test,+254 739 899 064,KE,Thika,2026-08-15T08:44:13Z,active,false,,,KILELE,
CT-200767,Ruth Berrada,paul.wanjiru.delta3268@vg-eval.test,254-707-163307,KE,Nakuru,2026-08-08T08:01:05Z,active,false,,,KILELE,
CT-200028,Sipho Elidrissi,lerato.mwangi.delta2529@vg-eval.test,0724699298,KE,Thika,2026-08-15T05:48:28Z,active,false,,,KILELE,
CT-075810,Sipho Wanjiru,johan.barasa.delta643@vg-eval.test,0714326741,KE,Nakuru,2026-03-14T05:45:06Z,active,false,,,KILELE,corrected in Sept export
CT-007273,Lerato Naidoo,karim.mokoena.delta693@vg-eval.test,+254 722 357 358,KE,Machakos,2026-03-06T12:44:51Z,active,false,,,KILELE,corrected in Sept export
CT-029167,Thandi Njoroge,simon.mutua.delta1438@vg-eval.test,+254 720 875 259,KE,Kericho,2026-03-07T05:41:02Z,active,true,,,KILELE,corrected in Sept export
CT-009347,Grace Kimani,john.mutua.delta609@vg-eval.test,0719558998,KE,Kericho,2026-03-13T03:38:52Z,active,false,,,KILELE,corrected in Sept export
CT-201637,Johan Wanjiru,george.elidrissi.delta4138@vg-eval.test,025736159488,KE,Malindi,2026-08-15T00:33:11Z,active,true,,,KILELE,
CT-047624,Victor Wanjiru,james.pretorius.delta349@vg-eval.test,025719076232,KE,Eldoret,2026-04-02T10:22:59Z,active,true,,,KILELE,corrected in Sept export
CT-021944,Mercy Odhiambo,dennis.kimani.delta1549@vg-eval.test,254-711-185140,KE,Kisumu,2026-01-04T08:52:58Z,active,false,,,KILELE,corrected in Sept export
CT-029339,Karim Njenga,rose.njenga.delta1669@vg-eval.test,254-710-016415,KE,Mombasa,2026-01-11T05:38:19Z,active,true,,,KILELE,corrected in Sept export
CT-034557,Isaac Kiptoo,zanele.barasa.delta1419@vg-eval.test,0703547335,KE,Kericho,2026-01-09T05:07:57Z,active,false,,,KILELE,corrected in Sept export
CT-201113,Rose Njenga,johan.dlamini.delta3614@vg-eval.test,025737074042,KE,Mombasa,2026-08-26T07:06:08Z,active,true,,,KILELE,
CT-046002,Sarah Mwangi,alice.mwangi.delta200@vg-eval.test,+254 727 575 932,KE,Nyeri,2026-02-06T23:13:24Z,active,false,,,KILELE,corrected in Sept export
CT-201244,Mercy Wanjiru,fatima.kamau.delta3745@vg-eval.test,0722652845,KE,Kericho,2026-08-13T20:51:59Z,active,true,,,KILELE,
CT-028374,Lerato Vermeulen,lerato.kiptoo.delta2200@vg-eval.test,0711408297,KE,Kisumu,2026-01-06T12:29:29Z,active,false,,,KILELE,corrected in Sept export
CT-200909,Ann Vermeulen,peter.dlamini.delta3410@vg-eval.test,025711372311,KE,Eldoret,2026-08-03T05:48:10Z,active,true,,,KILELE,
CT-200446,Samuel Kimani,karim.haddad.delta2947@vg-eval.test,+254 728 798 649,KE,Nakuru,2026-08-20T03:45:07Z,active,true,,,KILELE,
CT-200392,Rachid Odhiambo,lerato.njoroge.delta2893@vg-eval.test,0705669815,KE,Nairobi,2026-08-31T04:57:02Z,active,false,,,KILELE,
CT-200195,Karim Zahra,paul.alaoui.delta2696@vg-eval.test,254-721-456921,KE,Eldoret,2026-08-20T16:55:36Z,active,false,,,KILELE,
CT-045158,Michael Bennani,faith.kiptoo.delta1172@vg-eval.test,254-738-466559,KE,Eldoret,2026-02-28T09:57:35Z,active,false,,,KILELE,corrected in Sept export
CT-033785,Esther Haddad,thandi.achieng.delta505@vg-eval.test,0736599979,KE,Eldoret,2026-01-18T11:21:41Z,active,true,,,KILELE,corrected in Sept export
CT-200764,John Njenga,lucy.fassi.delta3265@vg-eval.test,0709710005,KE,Nyeri,2026-08-02T18:12:35Z,active,false,,,KILELE,
CT-200168,Esther Alaoui,pieter.haddad.delta2669@vg-eval.test,0714114508,KE,Nairobi,2026-08-11T11:24:17Z,active,false,,,KILELE,
CT-201052,Ann Barasa,esther.kimani.delta3553@vg-eval.test,0730231719,KE,Machakos,2026-08-24T06:32:29Z,active,false,,,KILELE,
CT-075309,Lucy Vermeulen,alice.kimani.delta287@vg-eval.test,0714404355,KE,Machakos,2026-03-21T12:06:23Z,active,true,,,KILELE,corrected in Sept export
CT-024930,Sarah Kamau,ann.benali.delta342@vg-eval.test,025738086335,KE,Eldoret,2026-03-23T19:51:56Z,active,true,,,KILELE,corrected in Sept export
CT-073642,Victor Vermeulen,thandi.achieng.delta2404@vg-eval.test,254-728-956648,KE,Malindi,2026-02-28T21:54:55Z,active,false,,,KILELE,corrected in Sept export
CT-200834,Esther Njoroge,victor.naidoo.delta3335@vg-eval.test,+254 714 828 612,KE,Kericho,2026-08-25T06:08:26Z,active,false,,,KILELE,
CT-080580,Kevin Elidrissi,omar.naidoo.delta514@vg-eval.test,0706479297,KE,Kisumu,2026-01-07T03:24:27Z,active,true,,,KILELE,corrected in Sept export
CT-038891,Mercy Bennani,simon.benali.delta2232@vg-eval.test,+254 725 744 203,KE,Thika,2026-02-13T07:21:59Z,active,true,,,KILELE,corrected in Sept export
CT-053417,Mary Berrada,layla.zahra.delta1148@vg-eval.test,0710671207,KE,Nairobi,2026-02-01T19:28:29Z,active,false,,,KILELE,corrected in Sept export
CT-037324,Sarah Achieng,george.bennani.delta424@vg-eval.test,254-705-503909,KE,Nairobi,2026-04-03T16:43:07Z,active,false,,,KILELE,corrected in Sept export
CT-201120,Yassine Zahra,isaac.benali.delta3621@vg-eval.test,0735992265,KE,Machakos,2026-08-27T03:58:01Z,active,true,,,KILELE,
CT-002063,Caroline Haddad,brian.tazi.delta925@vg-eval.test,+254 733 888 875,KE,Nyeri,2026-03-10T07:01:52Z,active,true,,,KILELE,corrected in Sept export
CT-201434,Michael Njoroge,john.wafula.delta3935@vg-eval.test,+254 716 490 323,KE,Eldoret,2026-08-09T02:15:59Z,active,false,,,KILELE,
CT-200057,Nancy Fassi,thandi.okoth.delta2558@vg-eval.test,025708623114,KE,Nyeri,2026-08-26T01:44:38Z,active,true,,,KILELE,
CT-069572,Esther Tazi,yassine.kamau.delta1684@vg-eval.test,0739626443,KE,Eldoret,2026-03-04T12:32:34Z,active,true,,,KILELE,corrected in Sept export
CT-200573,Yassine Wafula,alice.tazi.delta3074@vg-eval.test,025725129068,KE,Mombasa,2026-08-03T09:57:38Z,active,false,,,KILELE,
CT-200155,Lucy Odhiambo,omar.achieng.delta2656@vg-eval.test,254-706-568026,KE,Eldoret,2026-08-19T22:23:02Z,active,true,,,KILELE,
CT-201098,Paul Fassi,layla.pretorius.delta3599@vg-eval.test,+254 730 757 545,KE,Eldoret,2026-08-17T20:43:58Z,active,true,,,KILELE,
CT-200822,Simon Barasa,karim.mutua.delta3323@vg-eval.test,+254 721 162 122,KE,Malindi,2026-08-20T06:51:14Z,active,false,,,KILELE,
CT-049208,Michael Achieng,daniel.naidoo.delta16@vg-eval.test,025732220199,KE,Kericho,2026-01-12T04:37:59Z,active,true,,,KILELE,corrected in Sept export
CT-201232,Thandi Njenga,george.berrada.delta3733@vg-eval.test,0705562286,KE,Nairobi,2026-08-11T13:43:10Z,active,true,,,KILELE,
CT-200491,Lerato Njenga,george.mutua.delta2992@vg-eval.test,254-709-466500,KE,Nakuru,2026-08-12T17:37:58Z,active,false,,,KILELE,
CT-042122,Amina Okoth,michael.berrada.delta2464@vg-eval.test,0738651861,KE,Kericho,2026-02-13T14:48:24Z,active,true,,,KILELE,corrected in Sept export
CT-073330,Michael Kamau,omar.alaoui.delta2007@vg-eval.test,+254 726 386 140,KE,Nyeri,2026-01-16T19:27:50Z,active,false,,,KILELE,corrected in Sept export
CT-058633,Amina Odhiambo,ruth.fassi.delta10@vg-eval.test,025701464829,KE,Kisumu,2026-02-23T14:38:19Z,active,false,,,KILELE,corrected in Sept export
CT-057006,Samuel Vermeulen,fatima.okoth.delta803@vg-eval.test,025735596124,KE,Nyeri,2026-02-12T02:14:16Z,active,true,,,KILELE,corrected in Sept export
CT-200967,Salma Odhiambo,rose.naidoo.delta3468@vg-eval.test,254-738-231265,KE,Machakos,2026-08-26T05:01:11Z,active,true,,,KILELE,
CT-046275,Ann Kamau,lerato.benali.delta1185@vg-eval.test,254-713-616241,KE,Eldoret,2026-01-02T23:09:14Z,active,true,,,KILELE,corrected in Sept export
CT-201291,Sipho Mwangi,diana.wafula.delta3792@vg-eval.test,254-725-149246,KE,Machakos,2026-08-13T11:16:54Z,active,false,,,KILELE,
CT-066098,John Haddad,caroline.mutua.delta934@vg-eval.test,+254 731 422 238,KE,Nairobi,2026-01-26T22:42:18Z,active,false,,,KILELE,corrected in Sept export
CT-201009,Joan Njoroge,caroline.kamau.delta3510@vg-eval.test,025718102028,KE,Malindi,2026-08-10T21:17:05Z,active,true,,,KILELE,
CT-201507,Lerato Bennani,yassine.cheruiyot.delta4008@vg-eval.test,254-701-980105,KE,Nairobi,2026-08-21T11:54:18Z,active,true,,,KILELE,
CT-062433,Amina Achieng,george.cheruiyot.delta1462@vg-eval.test,0734912046,KE,Thika,2026-02-15T18:17:52Z,active,true,,,KILELE,corrected in Sept export
CT-201150,Thandi Elidrissi,alice.naidoo.delta3651@vg-eval.test,+254 717 255 686,KE,Kericho,2026-08-27T04:08:10Z,active,false,,,KILELE,
CT-054111,Salma Wafula,faith.berrada.delta1382@vg-eval.test,0717176822,KE,Kericho,2026-01-17T20:14:36Z,active,false,,,KILELE,corrected in Sept export
CT-200467,Layla Zahra,diana.alaoui.delta2968@vg-eval.test,254-710-210821,KE,Mombasa,2026-08-05T00:12:08Z,active,false,,,KILELE,
CT-043641,Zanele Mokoena,alice.vermeulen.delta2488@vg-eval.test,025726976343,KE,Nakuru,2026-01-10T12:33:55Z,active,true,,,KILELE,corrected in Sept export
CT-062459,Lerato Benali,ann.pretorius.delta1605@vg-eval.test,025728858696,KE,Mombasa,2026-02-13T06:31:23Z,active,false,,,KILELE,corrected in Sept export
CT-020225,Caroline Naidoo,rachid.kiptoo.delta293@vg-eval.test,025711533402,KE,Eldoret,2026-02-18T20:53:21Z,active,true,,,KILELE,corrected in Sept export
CT-200433,Michael Mutua,lucy.otieno.delta2934@vg-eval.test,025701863167,KE,Eldoret,2026-08-23T04:23:34Z,active,true,,,KILELE,
CT-201158,Amina Okoth,amina.alaoui.delta3659@vg-eval.test,+254 704 818 584,KE,Nakuru,2026-08-18T09:53:23Z,active,false,,,KILELE,
CT-036313,Rose Wanjiru,michael.fassi.delta1166@vg-eval.test,025727156681,KE,Nakuru,2026-03-14T12:43:06Z,active,true,,,KILELE,corrected in Sept export
CT-200513,Brian Odhiambo,esther.mutua.delta3014@vg-eval.test,025738192928,KE,Thika,2026-08-28T20:27:58Z,active,true,,,KILELE,
CT-047299,George Odhiambo,salma.haddad.delta433@vg-eval.test,025713327264,KE,Nairobi,2026-03-28T19:06:42Z,active,true,,,KILELE,corrected in Sept export
CT-200271,Salma Vermeulen,layla.otieno.delta2772@vg-eval.test,254-733-302780,KE,Kisumu,2026-08-28T00:41:38Z,active,false,,,KILELE,
CT-200191,Lucy Njenga,brian.tazi.delta2692@vg-eval.test,254-704-643128,KE,Mombasa,2026-08-20T06:13:44Z,active,false,,,KILELE,
CT-014631,Dennis Dlamini,thandi.otieno.delta1837@vg-eval.test,025713827534,KE,Kericho,2026-03-07T04:36:01Z,active,false,,,KILELE,corrected in Sept export
CT-201047,Johan Mokoena,diana.bennani.delta3548@vg-eval.test,254-739-767536,KE,Nairobi,2026-08-19T09:50:16Z,active,false,,,KILELE,
CT-030107,Faith Benali,simon.okoth.delta77@vg-eval.test,0728147859,KE,Malindi,2026-01-13T22:17:00Z,active,false,,,KILELE,corrected in Sept export
CT-062177,Caroline Nkosi,victor.kamau.delta1151@vg-eval.test,025732865571,KE,Malindi,2026-02-20T03:40:43Z,active,false,,,KILELE,corrected in Sept export
CT-200662,Victor Vermeulen,samuel.pretorius.delta3163@vg-eval.test,+254 704 997 106,KE,Mombasa,2026-08-14T08:27:08Z,active,true,,,KILELE,
CT-200722,John Wanjiru,dennis.njoroge.delta3223@vg-eval.test,+254 719 432 947,KE,Thika,2026-08-24T19:43:52Z,active,false,,,KILELE,
CT-066611,Alice Vermeulen,simon.njenga.delta1483@vg-eval.test,0714714570,KE,Nairobi,2026-04-11T07:54:40Z,active,true,,,KILELE,corrected in Sept export
CT-073185,Samuel Dlamini,james.alaoui.delta868@vg-eval.test,0728017455,KE,Eldoret,2026-04-07T22:17:10Z,active,true,,,KILELE,corrected in Sept export
CT-200851,David Mwangi,peter.kamau.delta3352@vg-eval.test,254-700-799162,KE,Kericho,2026-08-07T18:57:28Z,active,false,,,KILELE,
CT-068835,Peter Fassi,mary.benali.delta2156@vg-eval.test,0714581081,KE,Eldoret,2026-02-06T10:38:47Z,active,true,,,KILELE,corrected in Sept export
CT-200418,Caroline Njoroge,george.berrada.delta2919@vg-eval.test,+254 727 889 940,KE,Kericho,2026-08-07T13:26:14Z,active,false,,,KILELE,
CT-060103,Esther Wanjiru,rose.berrada.delta227@vg-eval.test,+254 705 048 124,KE,Kericho,2026-02-19T20:39:42Z,active,false,,,KILELE,corrected in Sept export
CT-021397,George Elidrissi,john.bennani.delta940@vg-eval.test,025711534281,KE,Machakos,2026-02-05T17:29:03Z,active,false,,,KILELE,corrected in Sept export
CT-200249,Alice Vermeulen,john.zahra.delta2750@vg-eval.test,025704746039,KE,Nairobi,2026-08-09T12:19:15Z,active,false,,,KILELE,
CT-011051,Sipho Alaoui,layla.okoth.delta1602@vg-eval.test,025739819122,KE,Kisumu,2026-03-02T10:30:19Z,active,false,,,KILELE,corrected in Sept export
CT-078164,Sarah Berrada,zanele.kimani.delta1727@vg-eval.test,254-710-097272,KE,Nakuru,2026-02-01T10:22:00Z,active,true,,,KILELE,corrected in Sept export
CT-201205,Ruth Alaoui,omar.cheruiyot.delta3706@vg-eval.test,025735304537,KE,Malindi,2026-08-25T11:48:55Z,active,true,,,KILELE,
CT-003467,Thandi Kamau,sipho.okoth.delta2299@vg-eval.test,025728040688,KE,Kisumu,2026-01-01T11:31:56Z,active,false,,,KILELE,corrected in Sept export
CT-070383,George Barasa,zanele.naidoo.delta1316@vg-eval.test,254-726-946628,KE,Mombasa,2026-03-07T04:37:54Z,active,true,,,KILELE,corrected in Sept export
CT-200341,Michael Pretorius,paul.vermeulen.delta2842@vg-eval.test,025731267644,KE,Mombasa,2026-08-13T17:13:03Z,active,false,,,KILELE,
CT-073833,Esther Tazi,brian.cheruiyot.delta824@vg-eval.test,254-739-630004,KE,Malindi,2026-04-02T03:50:51Z,active,true,,,KILELE,corrected in Sept export
CT-201380,Caroline Achieng,peter.mwangi.delta3881@vg-eval.test,0713699044,KE,Machakos,2026-08-27T12:33:45Z,active,true,,,KILELE,
CT-046265,Esther Pretorius,victor.mokoena.delta2058@vg-eval.test,+254 708 830 178,KE,Machakos,2026-04-15T11:12:11Z,active,false,,,KILELE,corrected in Sept export
CT-048606,Johan Kiptoo,alice.fassi.delta1787@vg-eval.test,0703916468,KE,Nairobi,2026-02-08T22:08:26Z,active,false,,,KILELE,corrected in Sept export
CT-200709,Lucy Zahra,alice.benali.delta3210@vg-eval.test,025714266395,KE,Machakos,2026-08-27T17:31:46Z,active,false,,,KILELE,
CT-024782,Salma Achieng,pieter.mutua.delta1649@vg-eval.test,254-714-901862,KE,Nakuru,2026-04-03T19:32:59Z,active,true,,,KILELE,corrected in Sept export
CT-016218,Faith Okoth,victor.kimani.delta432@vg-eval.test,025736126943,KE,Nakuru,2026-04-04T10:38:00Z,active,false,,,KILELE,corrected in Sept export
CT-029863,Omar Naidoo,brian.mwangi.delta2092@vg-eval.test,0736975629,KE,Kisumu,2026-02-28T06:15:56Z,active,false,,,KILELE,corrected in Sept export
CT-016438,Peter Otieno,sipho.kimani.delta857@vg-eval.test,0737946140,KE,Thika,2026-02-23T13:57:06Z,active,false,,,KILELE,corrected in Sept export
CT-067415,Peter Kiptoo,yassine.barasa.delta1547@vg-eval.test,0739330488,KE,Nakuru,2026-01-25T14:07:14Z,active,true,,,KILELE,corrected in Sept export
CT-200324,Salma Wanjiru,sipho.mokoena.delta2825@vg-eval.test,0706594144,KE,Mombasa,2026-08-18T23:59:05Z,active,true,,,KILELE,
CT-020306,Pieter Barasa,karim.nkosi.delta2005@vg-eval.test,0725830140,KE,Nakuru,2026-04-03T06:18:47Z,active,true,,,KILELE,corrected in Sept export
CT-200684,Alice Barasa,mary.mutua.delta3185@vg-eval.test,0739124140,KE,Machakos,2026-08-14T13:04:43Z,active,false,,,KILELE,
CT-059907,Mary Naidoo,joan.kamau.delta2334@vg-eval.test,+254 728 501 842,KE,Kericho,2026-01-30T15:46:55Z,active,true,,,KILELE,corrected in Sept export
CT-020012,Fatima Mutua,caroline.otieno.delta2360@vg-eval.test,+254 735 186 341,KE,Kericho,2026-04-16T13:34:27Z,active,false,,,KILELE,corrected in Sept export
CT-033917,Johan Kiptoo,rose.barasa.delta1869@vg-eval.test,025727935648,KE,Mombasa,2026-01-29T06:30:23Z,active,true,,,KILELE,corrected in Sept export
CT-200838,Alice Bennani,simon.njenga.delta3339@vg-eval.test,+254 707 690 298,KE,Nakuru,2026-08-04T23:41:44Z,active,false,,,KILELE,
CT-073914,David Elidrissi,faith.kimani.delta2458@vg-eval.test,254-704-901209,KE,Eldoret,2026-01-01T09:07:57Z,active,true,,,KILELE,corrected in Sept export
CT-201137,Sarah Otieno,omar.otieno.delta3638@vg-eval.test,025715008226,KE,Mombasa,2026-08-16T12:05:58Z,active,true,,,KILELE,
CT-013127,George Kimani,victor.kamau.delta2070@vg-eval.test,025705292047,KE,Kericho,2026-01-10T08:23:58Z,active,false,,,KILELE,corrected in Sept export
CT-058234,Lerato Berrada,lerato.cheruiyot.delta1385@vg-eval.test,+254 734 818 737,KE,Nairobi,2026-03-14T06:05:41Z,active,false,,,KILELE,corrected in Sept export
CT-012647,Amina Mokoena,amina.bennani.delta350@vg-eval.test,0721237438,KE,Eldoret,2026-01-07T19:32:55Z,active,true,,,KILELE,corrected in Sept export
CT-200557,Yassine Zahra,ann.cheruiyot.delta3058@vg-eval.test,025731580496,KE,Machakos,2026-08-16T17:50:28Z,active,true,,,KILELE,
CT-201167,Joan Berrada,karim.wafula.delta3668@vg-eval.test,254-726-877540,KE,Kericho,2026-08-05T10:19:13Z,active,true,,,KILELE,
CT-018718,Layla Alaoui,nancy.benali.delta1739@vg-eval.test,025709151038,KE,Thika,2026-03-19T13:24:08Z,active,true,,,KILELE,corrected in Sept export
CT-012222,Esther Okoth,daniel.achieng.delta955@vg-eval.test,025722548273,KE,Eldoret,2026-02-06T13:02:28Z,active,false,,,KILELE,corrected in Sept export
CT-200215,Ruth Kiptoo,pieter.naidoo.delta2716@vg-eval.test,254-739-306246,KE,Nyeri,2026-08-13T19:07:19Z,active,true,,,KILELE,
CT-201670,Lucy Nkosi,sipho.wanjiru.delta4171@vg-eval.test,+254 712 420 524,KE,Kisumu,2026-08-26T01:38:32Z,active,false,,,KILELE,
CT-200558,Daniel Kiptoo,dennis.wanjiru.delta3059@vg-eval.test,+254 726 985 512,KE,Kericho,2026-08-28T16:26:32Z,active,true,,,KILELE,
CT-047791,Peter Alaoui,rachid.benali.delta525@vg-eval.test,0732624033,KE,Nakuru,2026-02-09T12:14:45Z,active,false,,,KILELE,corrected in Sept export
CT-200298,Salma Njoroge,pieter.wafula.delta2799@vg-eval.test,+254 722 041 683,KE,Thika,2026-08-25T19:46:47Z,active,false,,,KILELE,
CT-041372,Amina Kimani,fatima.otieno.delta1982@vg-eval.test,025701098896,KE,Mombasa,2026-02-21T01:46:55Z,active,false,,,KILELE,corrected in Sept export
CT-201084,John Kiptoo,pieter.alaoui.delta3585@vg-eval.test,0716913066,KE,Mombasa,2026-08-08T08:32:50Z,active,false,,,KILELE,
CT-047234,George Tazi,lerato.naidoo.delta1646@vg-eval.test,0722002972,KE,Nakuru,2026-01-30T02:06:15Z,active,true,,,KILELE,corrected in Sept export
CT-042729,Faith Dlamini,sarah.haddad.delta538@vg-eval.test,025701783002,KE,Machakos,2026-03-12T09:39:26Z,active,true,,,KILELE,corrected in Sept export
CT-019518,Karim Tazi,zanele.kimani.delta1238@vg-eval.test,0732551952,KE,Nyeri,2026-02-25T07:20:11Z,active,false,,,KILELE,corrected in Sept export
CT-200014,Fatima Kamau,kevin.fassi.delta2515@vg-eval.test,+254 719 945 323,KE,Eldoret,2026-08-20T20:39:44Z,active,false,,,KILELE,
CT-070783,Diana Odhiambo,simon.otieno.delta4@vg-eval.test,0731383116,KE,Mombasa,2026-03-19T18:29:40Z,active,true,,,KILELE,corrected in Sept export
CT-075466,Mercy Kimani,faith.njoroge.delta2056@vg-eval.test,025722984556,KE,Kericho,2026-03-30T23:11:18Z,active,true,,,KILELE,corrected in Sept export
CT-059250,Joan Zahra,amina.fassi.delta2091@vg-eval.test,025715933752,KE,Kisumu,2026-03-03T16:44:36Z,active,true,,,KILELE,corrected in Sept export
CT-200921,Brian Odhiambo,lerato.nkosi.delta3422@vg-eval.test,025727899285,KE,Kericho,2026-08-12T19:34:28Z,active,false,,,KILELE,
CT-201426,Michael Zahra,lerato.bennani.delta3927@vg-eval.test,+254 701 778 059,KE,Malindi,2026-08-16T04:03:39Z,active,true,,,KILELE,
CT-007863,Omar Benali,nomsa.okoth.delta54@vg-eval.test,254-707-221379,KE,Machakos,2026-01-30T02:34:02Z,active,false,,,KILELE,corrected in Sept export
CT-200087,Samuel Njenga,sipho.haddad.delta2588@vg-eval.test,254-736-380436,KE,Eldoret,2026-08-30T08:42:00Z,active,true,,,KILELE,
CT-080661,Peter Achieng,yassine.berrada.delta2286@vg-eval.test,+254 714 827 737,KE,Machakos,2026-03-09T02:56:26Z,active,true,,,KILELE,corrected in Sept export
CT-200184,Joan Alaoui,nancy.cheruiyot.delta2685@vg-eval.test,0703514684,KE,Eldoret,2026-08-15T22:02:38Z,active,true,,,KILELE,
CT-009454,Sarah Kiptoo,sipho.njoroge.delta1631@vg-eval.test,254-710-670201,KE,Kericho,2026-01-02T07:41:28Z,active,true,,,KILELE,corrected in Sept export
CT-200779,Lucy Njoroge,thandi.kiptoo.delta3280@vg-eval.test,254-705-478874,KE,Kisumu,2026-08-05T00:57:02Z,active,false,,,KILELE,
CT-042835,Rose Kimani,james.njoroge.delta1638@vg-eval.test,025716169669,KE,Nakuru,2026-03-10T11:17:18Z,active,true,,,KILELE,corrected in Sept export
CT-077264,Mercy Cheruiyot,michael.haddad.delta979@vg-eval.test,0715604614,KE,Kericho,2026-02-09T02:38:23Z,active,true,,,KILELE,corrected in Sept export
CT-200501,Faith Tazi,karim.naidoo.delta3002@vg-eval.test,025730693433,KE,Nairobi,2026-08-28T10:31:58Z,active,true,,,KILELE,
CT-042054,Paul Benali,pieter.cheruiyot.delta610@vg-eval.test,025730374404,KE,Kisumu,2026-01-25T06:25:03Z,active,false,,,KILELE,corrected in Sept export
CT-201290,Isaac Bennani,sarah.mwangi.delta3791@vg-eval.test,+254 707 577 968,KE,Thika,2026-08-18T03:16:29Z,active,true,,,KILELE,
CT-054356,Mercy Berrada,thandi.mutua.delta2229@vg-eval.test,0703473406,KE,Kisumu,2026-02-21T20:26:15Z,active,true,,,KILELE,corrected in Sept export
CT-076859,Isaac Odhiambo,joan.bennani.delta1915@vg-eval.test,025716946496,KE,Thika,2026-01-02T01:35:36Z,active,true,,,KILELE,corrected in Sept export
CT-017060,Diana Njenga,peter.alaoui.delta283@vg-eval.test,0710378700,KE,Thika,2026-04-06T09:21:46Z,active,true,,,KILELE,corrected in Sept export
CT-074658,Ruth Achieng,thandi.mwangi.delta2436@vg-eval.test,0717203002,KE,Thika,2026-01-27T05:55:47Z,active,false,,,KILELE,corrected in Sept export
CT-009114,Lucy Berrada,victor.kamau.delta482@vg-eval.test,0706571624,KE,Kericho,2026-03-02T08:49:05Z,active,false,,,KILELE,corrected in Sept export
CT-201246,Michael Kiptoo,grace.mutua.delta3747@vg-eval.test,+254 710 138 544,KE,Kisumu,2026-08-02T10:03:41Z,active,false,,,KILELE,
CT-003409,David Njoroge,david.benali.delta1988@vg-eval.test,025706713122,KE,Machakos,2026-03-27T11:23:54Z,active,false,,,KILELE,corrected in Sept export
CT-039833,David Mokoena,george.tazi.delta1937@vg-eval.test,025722761211,KE,Eldoret,2026-02-08T03:04:02Z,active,true,,,KILELE,corrected in Sept export
CT-061085,Mary Wafula,diana.okoth.delta1652@vg-eval.test,0733376070,KE,Eldoret,2026-04-15T06:07:23Z,active,true,,,KILELE,corrected in Sept export
CT-039911,Mary Nkosi,grace.naidoo.delta814@vg-eval.test,0702534877,KE,Nyeri,2026-03-31T14:07:21Z,active,false,,,KILELE,corrected in Sept export
CT-045871,Sipho Bennani,amina.zahra.delta127@vg-eval.test,0726327368,KE,Nairobi,2026-03-10T18:12:00Z,active,true,,,KILELE,corrected in Sept export
CT-068782,Peter Wafula,mary.wafula.delta2495@vg-eval.test,254-721-112198,KE,Nyeri,2026-04-16T12:03:05Z,active,true,,,KILELE,corrected in Sept export
CT-027953,Fatima Zahra,simon.okoth.delta1766@vg-eval.test,+254 713 734 358,KE,Kisumu,2026-01-19T21:49:54Z,active,true,,,KILELE,corrected in Sept export
CT-049884,Lerato Haddad,sarah.naidoo.delta173@vg-eval.test,0700424415,KE,Nairobi,2026-03-07T17:33:14Z,active,true,,,KILELE,corrected in Sept export
CT-014720,Lucy Njoroge,paul.okoth.delta246@vg-eval.test,0702932113,KE,Machakos,2026-03-18T23:05:54Z,active,true,,,KILELE,corrected in Sept export
CT-059389,Joan Barasa,salma.kimani.delta1030@vg-eval.test,0705130926,KE,Kericho,2026-03-05T23:49:42Z,active,true,,,KILELE,corrected in Sept export
CT-010423,Alice Pretorius,esther.fassi.delta2015@vg-eval.test,0720491942,KE,Nyeri,2026-04-12T06:38:17Z,active,false,,,KILELE,corrected in Sept export
CT-065946,Fatima Barasa,lerato.mutua.delta2369@vg-eval.test,0701752701,KE,Kericho,2026-04-17T00:53:25Z,active,false,,,KILELE,corrected in Sept export
CT-007278,Lerato Nkosi,karim.bennani.delta1752@vg-eval.test,025704012742,KE,Nairobi,2026-04-05T19:26:13Z,active,false,,,KILELE,corrected in Sept export
CT-042005,Nomsa Haddad,dennis.benali.delta887@vg-eval.test,0732931878,KE,Kisumu,2026-01-06T19:44:32Z,active,false,,,KILELE,corrected in Sept export
CT-045818,Sarah Zahra,diana.njenga.delta563@vg-eval.test,025733170402,KE,Machakos,2026-02-06T10:37:30Z,active,false,,,KILELE,corrected in Sept export
CT-200380,Mercy Nkosi,diana.pretorius.delta2881@vg-eval.test,0738413204,KE,Nyeri,2026-08-23T01:47:13Z,active,true,,,KILELE,
CT-200980,Karim Odhiambo,paul.dlamini.delta3481@vg-eval.test,0713377700,KE,Kisumu,2026-08-14T05:49:57Z,active,true,,,KILELE,
CT-201371,Diana Pretorius,david.nkosi.delta3872@vg-eval.test,254-721-055391,KE,Nyeri,2026-08-15T14:56:00Z,active,true,,,KILELE,
CT-005139,Sipho Wafula,nomsa.mwangi.delta1678@vg-eval.test,0704965284,KE,Eldoret,2026-03-21T00:18:38Z,active,false,,,KILELE,corrected in Sept export
CT-067020,Layla Haddad,rose.berrada.delta1618@vg-eval.test,254-702-413633,KE,Mombasa,2026-03-07T09:05:58Z,active,true,,,KILELE,corrected in Sept export
CT-071195,Rose Benali,mary.wanjiru.delta684@vg-eval.test,025702278860,KE,Kericho,2026-01-24T09:55:03Z,active,false,,,KILELE,corrected in Sept export
CT-201026,Joan Mokoena,nomsa.kamau.delta3527@vg-eval.test,+254 701 459 849,KE,Kisumu,2026-08-21T15:42:02Z,active,false,,,KILELE,
CT-201210,Johan Tazi,sarah.achieng.delta3711@vg-eval.test,+254 732 863 668,KE,Thika,2026-08-29T21:23:52Z,active,true,,,KILELE,
CT-070219,Nancy Kimani,diana.wafula.delta1413@vg-eval.test,+254 704 635 681,KE,Nairobi,2026-03-05T14:01:43Z,active,true,,,KILELE,corrected in Sept export
CT-052503,Dennis Otieno,salma.barasa.delta1924@vg-eval.test,+254 713 167 638,KE,Nakuru,2026-04-09T09:07:00Z,active,false,,,KILELE,corrected in Sept export
CT-064041,Layla Achieng,ann.tazi.delta920@vg-eval.test,+254 735 854 651,KE,Mombasa,2026-01-18T00:55:14Z,active,true,,,KILELE,corrected in Sept export
CT-200305,Isaac Wafula,nomsa.fassi.delta2806@vg-eval.test,025733512902,KE,Nyeri,2026-08-30T16:04:04Z,active,false,,,KILELE,
CT-201102,Yassine Alaoui,zanele.zahra.delta3603@vg-eval.test,+254 706 047 087,KE,Nakuru,2026-08-12T00:31:14Z,active,true,,,KILELE,
CT-201090,Salma Dlamini,alice.dlamini.delta3591@vg-eval.test,+254 735 075 900,KE,Nairobi,2026-08-21T04:27:11Z,active,false,,,KILELE,
CT-029396,Salma Kimani,dennis.njenga.delta318@vg-eval.test,0715564654,KE,Machakos,2026-03-04T15:57:11Z,active,true,,,KILELE,corrected in Sept export
CT-200680,Omar Njenga,john.otieno.delta3181@vg-eval.test,0726265141,KE,Malindi,2026-08-01T07:35:55Z,active,true,,,KILELE,
CT-047499,Brian Bennani,george.bennani.delta2356@vg-eval.test,254-723-021720,KE,Kisumu,2026-02-19T13:14:16Z,active,false,,,KILELE,corrected in Sept export
CT-065596,Rose Njenga,diana.njoroge.delta374@vg-eval.test,025723141875,KE,Kericho,2026-03-06T04:11:14Z,active,false,,,KILELE,corrected in Sept export
CT-016891,Esther Berrada,lucy.mokoena.delta2288@vg-eval.test,0724047863,KE,Nyeri,2026-04-05T13:11:03Z,active,true,,,KILELE,corrected in Sept export
CT-036724,Fatima Barasa,peter.kimani.delta1878@vg-eval.test,254-702-845005,KE,Eldoret,2026-04-09T10:14:35Z,active,false,,,KILELE,corrected in Sept export
CT-201215,George Achieng,mary.mwangi.delta3716@vg-eval.test,254-720-758885,KE,Malindi,2026-08-27T16:17:30Z,active,true,,,KILELE,
CT-040162,Simon Dlamini,david.mutua.delta1333@vg-eval.test,0713956768,KE,Eldoret,2026-02-14T07:31:34Z,active,true,,,KILELE,corrected in Sept export
CT-066406,Daniel Naidoo,ruth.odhiambo.delta1426@vg-eval.test,025700279890,KE,Kericho,2026-04-08T07:00:43Z,active,true,,,KILELE,corrected in Sept export
CT-010984,Pieter Kimani,pieter.mokoena.delta1694@vg-eval.test,025737970384,KE,Thika,2026-03-28T16:40:16Z,active,true,,,KILELE,corrected in Sept export
CT-011837,Sarah Mwangi,rachid.okoth.delta1205@vg-eval.test,254-721-413127,KE,Malindi,2026-01-05T04:35:01Z,active,false,,,KILELE,corrected in Sept export
CT-004768,Zanele Kiptoo,samuel.okoth.delta1679@vg-eval.test,0731447557,KE,Kisumu,2026-01-04T20:34:51Z,active,false,,,KILELE,corrected in Sept export
CT-200948,George Nkosi,sipho.elidrissi.delta3449@vg-eval.test,0701682988,KE,Malindi,2026-08-05T01:06:08Z,active,false,,,KILELE,
CT-063387,Nancy Achieng,ann.okoth.delta115@vg-eval.test,025733649791,KE,Kericho,2026-01-17T02:24:37Z,active,true,,,KILELE,corrected in Sept export
CT-200272,Peter Mwangi,dennis.vermeulen.delta2773@vg-eval.test,0734756017,KE,Mombasa,2026-08-15T18:05:26Z,active,true,,,KILELE,
CT-027207,Caroline Otieno,david.okoth.delta964@vg-eval.test,0726982485,KE,Malindi,2026-01-16T07:38:48Z,active,true,,,KILELE,corrected in Sept export
CT-053051,Daniel Naidoo,nomsa.dlamini.delta834@vg-eval.test,254-716-823372,KE,Kisumu,2026-02-01T16:04:03Z,active,true,,,KILELE,corrected in Sept export
CT-064068,Pieter Mwangi,yassine.berrada.delta1446@vg-eval.test,025736046702,KE,Kericho,2026-02-15T11:52:05Z,active,false,,,KILELE,corrected in Sept export
CT-201086,Victor Fassi,sipho.cheruiyot.delta3587@vg-eval.test,+254 707 182 048,KE,Malindi,2026-08-10T08:31:08Z,active,false,,,KILELE,
CT-030830,Diana Barasa,diana.zahra.delta800@vg-eval.test,0702481289,KE,Nairobi,2026-02-22T03:19:55Z,active,false,,,KILELE,corrected in Sept export
CT-056994,Lerato Mokoena,ruth.nkosi.delta1079@vg-eval.test,0737656009,KE,Nairobi,2026-01-31T00:31:50Z,active,false,,,KILELE,corrected in Sept export
CT-075097,Faith Okoth,daniel.kiptoo.delta758@vg-eval.test,025731787207,KE,Kisumu,2026-01-23T03:39:22Z,active,false,,,KILELE,corrected in Sept export
CT-003243,Dennis Okoth,pieter.mutua.delta1032@vg-eval.test,+254 731 585 080,KE,Eldoret,2026-02-20T09:12:46Z,active,true,,,KILELE,corrected in Sept export
CT-201073,Kevin Naidoo,sarah.kiptoo.delta3574@vg-eval.test,025720516060,KE,Nairobi,2026-08-19T03:02:43Z,active,true,,,KILELE,
CT-073303,Mercy Haddad,ann.mwangi.delta1118@vg-eval.test,0713413090,KE,Kericho,2026-02-14T14:46:55Z,active,false,,,KILELE,corrected in Sept export
CT-200505,Yassine Otieno,kevin.bennani.delta3006@vg-eval.test,025702094632,KE,Kericho,2026-08-01T03:26:34Z,active,true,,,KILELE,
CT-200594,George Barasa,james.mwangi.delta3095@vg-eval.test,+254 715 232 843,KE,Eldoret,2026-08-05T02:03:03Z,active,false,,,KILELE,
CT-041633,Caroline Nkosi,george.elidrissi.delta2025@vg-eval.test,0725416938,KE,Kericho,2026-03-15T12:38:58Z,active,true,,,KILELE,corrected in Sept export
CT-073768,Zanele Fassi,john.bennani.delta1083@vg-eval.test,+254 734 226 605,KE,Kericho,2026-04-15T15:12:56Z,active,true,,,KILELE,corrected in Sept export
CT-001021,Sipho Kamau,lucy.alaoui.delta1019@vg-eval.test,025730543054,KE,Nyeri,2026-04-05T22:06:41Z,active,true,,,KILELE,corrected in Sept export
CT-201536,Brian Odhiambo,mercy.kiptoo.delta4037@vg-eval.test,0704793812,KE,Nairobi,2026-08-26T08:46:11Z,active,false,,,KILELE,
CT-056996,Karim Zahra,lucy.njoroge.delta2494@vg-eval.test,0705009837,KE,Nyeri,2026-02-09T00:06:25Z,active,false,,,KILELE,corrected in Sept export
CT-075939,Kevin Wanjiru,sipho.achieng.delta2103@vg-eval.test,0704918634,KE,Machakos,2026-03-31T19:25:47Z,active,false,,,KILELE,corrected in Sept export
CT-201456,Nancy Njenga,daniel.kamau.delta3957@vg-eval.test,0727162276,KE,Kisumu,2026-08-18T13:13:50Z,active,false,,,KILELE,
CT-201643,Paul Bennani,peter.pretorius.delta4144@vg-eval.test,254-731-947544,KE,Nakuru,2026-08-11T22:52:09Z,active,false,,,KILELE,
CT-041119,Faith Bennani,david.bennani.delta1814@vg-eval.test,0712658742,KE,Machakos,2026-02-03T15:55:56Z,active,true,,,KILELE,corrected in Sept export
CT-057855,Joan Dlamini,john.pretorius.delta1975@vg-eval.test,025720261765,KE,Mombasa,2026-03-06T02:21:11Z,active,true,,,KILELE,corrected in Sept export
CT-023504,Daniel Achieng,sarah.bennani.delta2276@vg-eval.test,025701292540,KE,Malindi,2026-01-07T03:48:46Z,active,true,,,KILELE,corrected in Sept export
CT-027977,Daniel Kamau,james.achieng.delta2396@vg-eval.test,025708775345,KE,Kisumu,2026-04-09T04:52:28Z,active,true,,,KILELE,corrected in Sept export
CT-078115,David Otieno,rose.elidrissi.delta767@vg-eval.test,+254 719 988 233,KE,Kisumu,2026-03-03T08:43:46Z,active,true,,,KILELE,corrected in Sept export
CT-074927,Thandi Mutua,fatima.zahra.delta420@vg-eval.test,025725575200,KE,Nyeri,2026-03-25T00:14:40Z,active,true,,,KILELE,corrected in Sept export
CT-030952,George Wafula,george.benali.delta793@vg-eval.test,0705862986,KE,Nairobi,2026-04-02T19:45:20Z,active,false,,,KILELE,corrected in Sept export
CT-056345,Nancy Kiptoo,joan.bennani.delta1276@vg-eval.test,+254 704 093 329,KE,Thika,2026-02-09T08:48:19Z,active,true,,,KILELE,corrected in Sept export
CT-201386,Ruth Nkosi,nancy.wanjiru.delta3887@vg-eval.test,+254 734 812 656,KE,Kisumu,2026-08-14T04:26:41Z,active,true,,,KILELE,
CT-019081,Lerato Mwangi,grace.mutua.delta2173@vg-eval.test,025710523700,KE,Kisumu,2026-03-02T04:37:34Z,active,true,,,KILELE,corrected in Sept export
CT-063858,Peter Okoth,johan.barasa.delta1632@vg-eval.test,0727168485,KE,Nakuru,2026-02-11T11:58:34Z,active,false,,,KILELE,corrected in Sept export
CT-201575,Karim Otieno,diana.njoroge.delta4076@vg-eval.test,254-712-074866,KE,Nyeri,2026-08-05T08:35:45Z,active,true,,,KILELE,
CT-032155,Esther Tazi,nancy.alaoui.delta2257@vg-eval.test,0712815091,KE,Thika,2026-02-07T09:51:22Z,active,true,,,KILELE,corrected in Sept export
CT-044640,John Achieng,samuel.achieng.delta1839@vg-eval.test,+254 710 565 483,KE,Mombasa,2026-03-06T06:56:47Z,active,true,,,KILELE,corrected in Sept export
CT-201651,Ruth Mokoena,caroline.achieng.delta4152@vg-eval.test,254-721-397880,KE,Eldoret,2026-08-04T20:13:20Z,active,true,,,KILELE,
CT-032519,Kevin Njenga,amina.wanjiru.delta774@vg-eval.test,254-721-212172,KE,Mombasa,2026-03-27T11:19:40Z,active,true,,,KILELE,corrected in Sept export
CT-049378,James Odhiambo,joan.bennani.delta2209@vg-eval.test,0738821299,KE,Machakos,2026-02-21T10:27:47Z,active,false,,,KILELE,corrected in Sept export
CT-200606,Mercy Mutua,karim.bennani.delta3107@vg-eval.test,+254 702 809 055,KE,Kericho,2026-08-28T07:28:37Z,active,false,,,KILELE,
CT-077788,Isaac Achieng,johan.mokoena.delta1705@vg-eval.test,254-737-464314,KE,Kericho,2026-01-02T08:39:41Z,active,false,,,KILELE,corrected in Sept export
CT-200386,Daniel Alaoui,ann.njenga.delta2887@vg-eval.test,+254 736 823 752,KE,Mombasa,2026-08-14T16:48:05Z,active,false,,,KILELE,
CT-032641,George Kamau,john.njoroge.delta1002@vg-eval.test,025735415958,KE,Nakuru,2026-03-14T00:51:00Z,active,true,,,KILELE,corrected in Sept export
CT-037700,Joan Njoroge,diana.kamau.delta480@vg-eval.test,025705152629,KE,Machakos,2026-01-08T08:10:28Z,active,false,,,KILELE,corrected in Sept export
CT-024000,Mary Dlamini,samuel.cheruiyot.delta186@vg-eval.test,0716918409,KE,Kericho,2026-01-04T07:27:32Z,active,true,,,KILELE,corrected in Sept export
CT-026075,Rose Benali,grace.wanjiru.delta2414@vg-eval.test,254-716-182446,KE,Nyeri,2026-03-29T23:33:01Z,active,false,,,KILELE,corrected in Sept export
CT-076494,Zanele Berrada,pieter.zahra.delta1529@vg-eval.test,025734873676,KE,Mombasa,2026-02-06T22:06:36Z,active,true,,,KILELE,corrected in Sept export
CT-069977,Johan Elidrissi,thandi.vermeulen.delta821@vg-eval.test,254-726-556581,KE,Malindi,2026-03-15T16:54:01Z,active,false,,,KILELE,corrected in Sept export
CT-200149,Joan Njenga,simon.tazi.delta2650@vg-eval.test,025726636936,KE,Malindi,2026-08-27T10:45:14Z,active,false,,,KILELE,
CT-200786,Pieter Odhiambo,amina.zahra.delta3287@vg-eval.test,+254 711 489 790,KE,Thika,2026-08-31T08:10:10Z,active,false,,,KILELE,
CT-017573,Dennis Dlamini,faith.dlamini.delta15@vg-eval.test,025722537196,KE,Thika,2026-01-14T15:40:22Z,active,false,,,KILELE,corrected in Sept export
CT-201164,Isaac Zahra,sarah.kiptoo.delta3665@vg-eval.test,0711440870,KE,Machakos,2026-08-05T08:19:00Z,active,false,,,KILELE,
CT-201206,John Kamau,diana.otieno.delta3707@vg-eval.test,+254 737 002 724,KE,Mombasa,2026-08-09T20:25:13Z,active,false,,,KILELE,
CT-201397,George Wanjiru,kevin.alaoui.delta3898@vg-eval.test,025712251439,KE,Nairobi,2026-08-26T00:27:07Z,active,true,,,KILELE,
CT-080596,Lucy Benali,george.pretorius.delta791@vg-eval.test,+254 711 617 373,KE,Nyeri,2026-04-05T06:21:01Z,active,true,,,KILELE,corrected in Sept export
CT-200629,Peter Vermeulen,caroline.haddad.delta3130@vg-eval.test,025721169933,KE,Kericho,2026-08-03T03:29:12Z,active,true,,,KILELE,
CT-200315,Yassine Kiptoo,samuel.odhiambo.delta2816@vg-eval.test,254-725-377855,KE,Nakuru,2026-08-11T08:05:31Z,active,true,,,KILELE,
CT-200690,Dennis Nkosi,mary.bennani.delta3191@vg-eval.test,+254 714 064 500,KE,Kisumu,2026-08-17T19:11:00Z,active,true,,,KILELE,
CT-001659,Thandi Wafula,lerato.elidrissi.delta668@vg-eval.test,0713821181,KE,Machakos,2026-02-19T04:27:45Z,active,true,,,KILELE,corrected in Sept export
CT-032291,Brian Otieno,pieter.alaoui.delta2459@vg-eval.test,025714036995,KE,Nakuru,2026-03-31T21:57:37Z,active,true,,,KILELE,corrected in Sept export
CT-200178,Nomsa Wanjiru,isaac.mokoena.delta2679@vg-eval.test,+254 706 593 555,KE,Nyeri,2026-08-23T11:15:26Z,active,true,,,KILELE,
CT-200551,Nomsa Tazi,sipho.naidoo.delta3052@vg-eval.test,254-732-721263,KE,Kisumu,2026-08-09T05:21:18Z,active,true,,,KILELE,
CT-200999,Alice Mwangi,ruth.zahra.delta3500@vg-eval.test,254-713-896306,KE,Nakuru,2026-08-02T05:44:18Z,active,false,,,KILELE,
CT-008065,James Njoroge,amina.cheruiyot.delta2318@vg-eval.test,+254 732 863 934,KE,Machakos,2026-03-12T09:34:59Z,active,true,,,KILELE,corrected in Sept export
CT-037036,Mercy Wafula,johan.cheruiyot.delta243@vg-eval.test,0719446530,KE,Nakuru,2026-04-06T18:54:30Z,active,false,,,KILELE,corrected in Sept export
CT-042776,Johan Pretorius,alice.kamau.delta2415@vg-eval.test,254-739-367046,KE,Nairobi,2026-04-15T14:19:51Z,active,true,,,KILELE,corrected in Sept export
CT-201162,George Naidoo,yassine.achieng.delta3663@vg-eval.test,+254 728 611 226,KE,Nakuru,2026-08-13T16:29:04Z,active,true,,,KILELE,
CT-076272,Thandi Cheruiyot,lucy.odhiambo.delta1270@vg-eval.test,+254 730 478 348,KE,Nairobi,2026-01-12T15:18:32Z,active,false,,,KILELE,corrected in Sept export
CT-200973,Zanele Haddad,michael.pretorius.delta3474@vg-eval.test,025715901266,KE,Kisumu,2026-08-26T17:38:42Z,active,true,,,KILELE,
CT-031621,Alice Cheruiyot,lerato.pretorius.delta1045@vg-eval.test,025715833708,KE,Thika,2026-03-29T09:30:54Z,active,false,,,KILELE,corrected in Sept export
CT-077548,Victor Dlamini,michael.kimani.delta1959@vg-eval.test,0732214205,KE,Thika,2026-04-02T13:07:12Z,active,true,,,KILELE,corrected in Sept export
CT-201048,Mary Tazi,ruth.tazi.delta3549@vg-eval.test,0725361229,KE,Thika,2026-08-15T08:06:50Z,active,true,,,KILELE,
CT-201379,Amina Kimani,nancy.fassi.delta3880@vg-eval.test,254-720-531546,KE,Eldoret,2026-08-02T18:56:43Z,active,true,,,KILELE,
CT-201367,Nancy Kiptoo,mercy.njenga.delta3868@vg-eval.test,254-726-231954,KE,Mombasa,2026-08-09T20:52:11Z,active,true,,,KILELE,
CT-201419,David Achieng,victor.barasa.delta3920@vg-eval.test,254-734-495188,KE,Eldoret,2026-08-17T15:32:22Z,active,true,,,KILELE,
CT-065021,Dennis Njenga,james.benali.delta1490@vg-eval.test,025737061878,KE,Machakos,2026-02-08T18:54:17Z,active,true,,,KILELE,corrected in Sept export
CT-048042,Peter Pretorius,ann.tazi.delta579@vg-eval.test,0704698730,KE,Kericho,2026-01-02T15:28:12Z,active,false,,,KILELE,corrected in Sept export
CT-013480,Sipho Dlamini,grace.pretorius.delta1656@vg-eval.test,025717368456,KE,Thika,2026-03-04T10:33:32Z,active,false,,,KILELE,corrected in Sept export
CT-063170,Johan Kimani,grace.fassi.delta79@vg-eval.test,025727882793,KE,Nakuru,2026-03-17T19:12:50Z,active,true,,,KILELE,corrected in Sept export
CT-080591,Rachid Alaoui,john.alaoui.delta2033@vg-eval.test,+254 706 122 156,KE,Machakos,2026-01-10T15:07:38Z,active,false,,,KILELE,corrected in Sept export
CT-200655,Mary Njoroge,layla.kiptoo.delta3156@vg-eval.test,254-729-297944,KE,Kericho,2026-08-08T11:11:55Z,active,false,,,KILELE,
CT-030051,Mary Fassi,salma.haddad.delta2407@vg-eval.test,0714940857,KE,Machakos,2026-02-17T18:47:18Z,active,true,,,KILELE,corrected in Sept export
CT-019209,Michael Benali,john.mokoena.delta1645@vg-eval.test,+254 727 539 766,KE,Nyeri,2026-01-05T08:07:02Z,active,false,,,KILELE,corrected in Sept export
CT-035163,Karim Fassi,kevin.zahra.delta1563@vg-eval.test,025715815134,KE,Kisumu,2026-03-07T17:12:20Z,active,false,,,KILELE,corrected in Sept export
CT-018782,Nancy Wanjiru,david.cheruiyot.delta1794@vg-eval.test,254-722-683970,KE,Eldoret,2026-01-19T20:05:50Z,active,false,,,KILELE,corrected in Sept export
CT-200896,Ann Vermeulen,paul.zahra.delta3397@vg-eval.test,0717985621,KE,Mombasa,2026-08-11T14:40:42Z,active,false,,,KILELE,
CT-200572,Samuel Elidrissi,diana.otieno.delta3073@vg-eval.test,0701300153,KE,Thika,2026-08-31T18:13:33Z,active,true,,,KILELE,
CT-051537,Amina Benali,lerato.fassi.delta1827@vg-eval.test,0738980508,KE,Kericho,2026-03-22T11:19:33Z,active,true,,,KILELE,corrected in Sept export
CT-200344,John Cheruiyot,zanele.haddad.delta2845@vg-eval.test,0710252959,KE,Nyeri,2026-08-26T21:35:42Z,active,true,,,KILELE,
CT-003496,Nomsa Haddad,george.zahra.delta98@vg-eval.test,025730737135,KE,Nakuru,2026-01-16T13:05:00Z,active,false,,,KILELE,corrected in Sept export
CT-045488,Karim Njoroge,salma.pretorius.delta2301@vg-eval.test,0735012898,KE,Nyeri,2026-01-19T00:53:12Z,active,false,,,KILELE,corrected in Sept export
CT-036249,Rachid Kimani,zanele.haddad.delta1665@vg-eval.test,025706661021,KE,Kisumu,2026-02-02T05:46:53Z,active,false,,,KILELE,corrected in Sept export
CT-068689,Mary Fassi,lucy.odhiambo.delta1476@vg-eval.test,0703796804,KE,Nairobi,2026-03-21T04:55:03Z,active,false,,,KILELE,corrected in Sept export
CT-201149,Mercy Elidrissi,james.nkosi.delta3650@vg-eval.test,025706164991,KE,Kisumu,2026-08-30T11:29:48Z,active,true,,,KILELE,
CT-200135,Esther Alaoui,rachid.vermeulen.delta2636@vg-eval.test,254-703-493363,KE,Thika,2026-08-20T02:43:01Z,active,true,,,KILELE,
CT-200720,Layla Nkosi,pieter.naidoo.delta3221@vg-eval.test,0734083334,KE,Nairobi,2026-08-26T06:08:46Z,active,true,,,KILELE,
CT-201418,Nancy Nkosi,johan.njenga.delta3919@vg-eval.test,+254 707 875 619,KE,Nyeri,2026-08-18T12:13:49Z,active,true,,,KILELE,
CT-017539,Thandi Wanjiru,paul.odhiambo.delta732@vg-eval.test,+254 732 084 062,KE,Nairobi,2026-01-29T04:11:46Z,active,false,,,KILELE,corrected in Sept export
CT-016953,Nomsa Fassi,grace.wafula.delta1604@vg-eval.test,254-730-973496,KE,Nairobi,2026-01-28T09:04:43Z,active,true,,,KILELE,corrected in Sept export
CT-064435,Simon Kimani,fatima.dlamini.delta1845@vg-eval.test,+254 722 758 483,KE,Thika,2026-02-22T23:30:23Z,active,false,,,KILELE,corrected in Sept export
CT-053036,Paul Vermeulen,omar.vermeulen.delta2249@vg-eval.test,+254 723 572 838,KE,Nyeri,2026-03-19T03:53:18Z,active,true,,,KILELE,corrected in Sept export
CT-200477,Brian Mokoena,james.mwangi.delta2978@vg-eval.test,025729452051,KE,Nyeri,2026-08-10T11:07:01Z,active,false,,,KILELE,
CT-001168,Mary Kiptoo,salma.mwangi.delta1221@vg-eval.test,025727856610,KE,Nyeri,2026-03-19T03:03:03Z,active,false,,,KILELE,corrected in Sept export
CT-201323,Thandi Mutua,caroline.kamau.delta3824@vg-eval.test,254-709-238071,KE,Malindi,2026-08-25T04:22:44Z,active,false,,,KILELE,
CT-073342,Simon Wafula,ruth.otieno.delta1394@vg-eval.test,254-721-259760,KE,Malindi,2026-03-12T05:56:20Z,active,true,,,KILELE,corrected in Sept export
CT-200229,James Bennani,ann.wafula.delta2730@vg-eval.test,025722627682,KE,Machakos,2026-08-13T15:53:36Z,active,true,,,KILELE,
CT-200289,Faith Okoth,layla.kamau.delta2790@vg-eval.test,025703324355,KE,Kisumu,2026-08-29T06:06:38Z,active,true,,,KILELE,
CT-055897,Grace Barasa,faith.dlamini.delta1215@vg-eval.test,025726498892,KE,Mombasa,2026-04-11T04:29:51Z,active,false,,,KILELE,corrected in Sept export
CT-058335,Alice Elidrissi,victor.njoroge.delta37@vg-eval.test,254-738-626953,KE,Nyeri,2026-01-25T16:11:28Z,active,false,,,KILELE,corrected in Sept export
CT-200156,Lucy Dlamini,kevin.bennani.delta2657@vg-eval.test,0733886594,KE,Kericho,2026-08-30T17:50:02Z,active,true,,,KILELE,
CT-052990,Isaac Cheruiyot,peter.otieno.delta658@vg-eval.test,0711346444,KE,Thika,2026-04-12T04:16:34Z,active,true,,,KILELE,corrected in Sept export
CT-037840,Grace Wanjiru,thandi.mokoena.delta1044@vg-eval.test,+254 708 234 150,KE,Mombasa,2026-01-29T21:46:26Z,active,true,,,KILELE,corrected in Sept export
CT-201332,Ruth Kimani,layla.achieng.delta3833@vg-eval.test,0723475511,KE,Machakos,2026-08-15T04:58:27Z,active,false,,,KILELE,
CT-200245,Rachid Mokoena,yassine.alaoui.delta2746@vg-eval.test,025729195743,KE,Machakos,2026-08-08T05:47:22Z,active,true,,,KILELE,
CT-028795,Rose Benali,john.wafula.delta220@vg-eval.test,254-720-737901,KE,Eldoret,2026-01-29T12:00:15Z,active,true,,,KILELE,corrected in Sept export
CT-025279,Mercy Tazi,george.nkosi.delta2341@vg-eval.test,0702307021,KE,Malindi,2026-03-03T08:53:36Z,active,false,,,KILELE,corrected in Sept export
CT-201531,Peter Kamau,sipho.naidoo.delta4032@vg-eval.test,254-709-668031,KE,Nyeri,2026-08-09T04:43:06Z,active,false,,,KILELE,
CT-005136,Mercy Nkosi,lerato.barasa.delta33@vg-eval.test,+254 720 701 960,KE,Nairobi,2026-03-21T18:10:07Z,active,true,,,KILELE,corrected in Sept export
CT-023372,Samuel Dlamini,peter.okoth.delta1797@vg-eval.test,254-720-482378,KE,Nairobi,2026-03-02T00:54:52Z,active,false,,,KILELE,corrected in Sept export
CT-201499,Peter Dlamini,johan.mokoena.delta4000@vg-eval.test,254-704-623991,KE,Malindi,2026-08-26T23:33:28Z,active,true,,,KILELE,
CT-201504,Yassine Wanjiru,nancy.haddad.delta4005@vg-eval.test,0738313502,KE,Kisumu,2026-08-21T13:39:54Z,active,true,,,KILELE,
CT-014505,Thandi Dlamini,zanele.mokoena.delta2026@vg-eval.test,254-731-035694,KE,Kericho,2026-03-30T13:55:10Z,active,false,,,KILELE,corrected in Sept export
CT-057358,Mercy Berrada,lucy.haddad.delta450@vg-eval.test,+254 708 734 565,KE,Kericho,2026-01-04T06:58:47Z,active,false,,,KILELE,corrected in Sept export
CT-201281,Faith Haddad,rachid.dlamini.delta3782@vg-eval.test,025716507091,KE,Mombasa,2026-08-03T08:50:59Z,active,true,,,KILELE,
CT-201556,Joan Elidrissi,brian.achieng.delta4057@vg-eval.test,0702343864,KE,Thika,2026-08-17T17:16:00Z,active,true,,,KILELE,
CT-004078,Zanele Berrada,johan.berrada.delta333@vg-eval.test,254-707-296657,KE,Thika,2026-02-17T18:21:11Z,active,true,,,KILELE,corrected in Sept export
CT-025046,Nancy Pretorius,pieter.vermeulen.delta422@vg-eval.test,254-704-533705,KE,Kericho,2026-03-28T13:19:10Z,active,true,,,KILELE,corrected in Sept export
CT-201318,Mary Naidoo,yassine.barasa.delta3819@vg-eval.test,+254 726 073 507,KE,Nyeri,2026-08-24T21:03:37Z,active,true,,,KILELE,
CT-005170,Layla Haddad,james.elidrissi.delta1945@vg-eval.test,025711398182,KE,Machakos,2026-01-04T00:36:10Z,active,false,,,KILELE,corrected in Sept export
CT-201223,Peter Zahra,pieter.berrada.delta3724@vg-eval.test,254-737-126195,KE,Malindi,2026-08-29T19:41:15Z,active,true,,,KILELE,
CT-201326,Pieter Haddad,rachid.njenga.delta3827@vg-eval.test,+254 730 254 632,KE,Mombasa,2026-08-31T10:29:47Z,active,true,,,KILELE,
CT-201385,Diana Odhiambo,ruth.benali.delta3886@vg-eval.test,025701091053,KE,Malindi,2026-08-19T18:58:04Z,active,true,,,KILELE,
CT-200950,Nomsa Alaoui,john.cheruiyot.delta3451@vg-eval.test,+254 704 607 215,KE,Machakos,2026-08-25T17:52:23Z,active,false,,,KILELE,
CT-042817,Layla Berrada,faith.tazi.delta304@vg-eval.test,+254 707 484 479,KE,Kisumu,2026-02-28T05:10:07Z,active,false,,,KILELE,corrected in Sept export
CT-067213,Yassine Elidrissi,rachid.njoroge.delta1698@vg-eval.test,025732872471,KE,Eldoret,2026-04-04T20:47:51Z,active,false,,,KILELE,corrected in Sept export
CT-201599,Yassine Cheruiyot,caroline.kiptoo.delta4100@vg-eval.test,254-732-008131,KE,Thika,2026-08-29T05:09:07Z,active,true,,,KILELE,
CT-201168,Joan Odhiambo,michael.naidoo.delta3669@vg-eval.test,0733902320,KE,Nyeri,2026-08-16T02:26:01Z,active,false,,,KILELE,
CT-200534,Lucy Vermeulen,samuel.cheruiyot.delta3035@vg-eval.test,+254 729 405 790,KE,Malindi,2026-08-16T08:49:14Z,active,false,,,KILELE,
CT-015831,Brian Bennani,kevin.wafula.delta1408@vg-eval.test,025723192219,KE,Kericho,2026-04-06T02:44:03Z,active,true,,,KILELE,corrected in Sept export
CT-200287,Ruth Wanjiru,peter.dlamini.delta2788@vg-eval.test,254-718-054862,KE,Nyeri,2026-08-03T01:17:14Z,active,true,,,KILELE,
CT-053345,Samuel Cheruiyot,dennis.mwangi.delta1323@vg-eval.test,025701103594,KE,Nairobi,2026-01-01T10:54:42Z,active,false,,,KILELE,corrected in Sept export
CT-039262,Amina Bennani,sipho.zahra.delta2222@vg-eval.test,0723995462,KE,Kericho,2026-03-23T19:51:20Z,active,true,,,KILELE,corrected in Sept export
CT-069266,Isaac Dlamini,karim.mutua.delta860@vg-eval.test,0721960703,KE,Nairobi,2026-01-18T08:07:08Z,active,false,,,KILELE,corrected in Sept export
CT-019868,Omar Alaoui,dennis.barasa.delta546@vg-eval.test,+254 726 689 184,KE,Mombasa,2026-02-02T17:30:55Z,active,false,,,KILELE,corrected in Sept export
CT-200577,Pieter Wafula,johan.pretorius.delta3078@vg-eval.test,025713209959,KE,Nakuru,2026-08-15T18:39:39Z,active,false,,,KILELE,
CT-002327,Lerato Kamau,kevin.mokoena.delta1481@vg-eval.test,025717032693,KE,Nyeri,2026-01-22T17:10:59Z,active,false,,,KILELE,corrected in Sept export
CT-061736,Layla Mokoena,john.alaoui.delta190@vg-eval.test,+254 701 795 217,KE,Thika,2026-02-23T03:42:18Z,active,false,,,KILELE,corrected in Sept export
CT-062938,Dennis Kamau,layla.okoth.delta2040@vg-eval.test,0731911135,KE,Machakos,2026-03-23T20:12:41Z,active,false,,,KILELE,corrected in Sept export
CT-200169,Amina Bennani,nomsa.tazi.delta2670@vg-eval.test,025736422593,KE,Nairobi,2026-08-05T13:37:35Z,active,true,,,KILELE,
CT-200614,Layla Elidrissi,yassine.vermeulen.delta3115@vg-eval.test,+254 713 675 612,KE,Nyeri,2026-08-16T04:52:59Z,active,false,,,KILELE,
CT-061714,Lucy Kiptoo,karim.mutua.delta1049@vg-eval.test,+254 737 164 559,KE,Nairobi,2026-01-13T12:54:55Z,active,false,,,KILELE,corrected in Sept export
CT-200188,Thandi Wanjiru,michael.mwangi.delta2689@vg-eval.test,0730232546,KE,Thika,2026-08-16T15:48:02Z,active,true,,,KILELE,
CT-005169,Mary Naidoo,george.naidoo.delta1879@vg-eval.test,025701963381,KE,Nakuru,2026-04-09T22:19:21Z,active,false,,,KILELE,corrected in Sept export
CT-045290,John Tazi,joan.alaoui.delta626@vg-eval.test,+254 734 350 268,KE,Malindi,2026-03-13T04:03:15Z,active,false,,,KILELE,corrected in Sept export
CT-048094,Lucy Haddad,thandi.mokoena.delta113@vg-eval.test,+254 731 872 314,KE,Kisumu,2026-02-19T14:51:51Z,active,false,,,KILELE,corrected in Sept export
CT-201439,Joan Mwangi,daniel.mwangi.delta3940@vg-eval.test,254-725-297970,KE,Kisumu,2026-08-10T08:09:11Z,active,true,,,KILELE,
CT-019990,Daniel Kamau,sarah.achieng.delta2306@vg-eval.test,0727351572,KE,Kericho,2026-02-16T06:11:53Z,active,true,,,KILELE,corrected in Sept export
CT-200735,Karim Haddad,ruth.tazi.delta3236@vg-eval.test,254-723-139606,KE,Machakos,2026-08-05T22:48:49Z,active,true,,,KILELE,
CT-201389,Kevin Nkosi,mary.wanjiru.delta3890@vg-eval.test,025728667499,KE,Machakos,2026-08-25T05:05:00Z,active,true,,,KILELE,
CT-200436,Fatima Naidoo,simon.njoroge.delta2937@vg-eval.test,0731088384,KE,Eldoret,2026-08-09T22:15:14Z,active,false,,,KILELE,
CT-201129,Johan Pretorius,rose.nkosi.delta3630@vg-eval.test,025738797848,KE,Nyeri,2026-08-07T21:17:45Z,active,true,,,KILELE,
CT-200988,Esther Haddad,mercy.nkosi.delta3489@vg-eval.test,0730107256,KE,Nyeri,2026-08-09T11:43:03Z,active,true,,,KILELE,
CT-022219,Rose Mutua,karim.kimani.delta1016@vg-eval.test,0734537670,KE,Eldoret,2026-04-06T04:27:23Z,active,false,,,KILELE,corrected in Sept export
CT-059983,Lucy Bennani,grace.okoth.delta206@vg-eval.test,025726311580,KE,Machakos,2026-03-25T12:21:59Z,active,false,,,KILELE,corrected in Sept export
CT-201603,Paul Fassi,joan.odhiambo.delta4104@vg-eval.test,254-734-584906,KE,Kericho,2026-08-29T12:24:50Z,active,true,,,KILELE,
CT-201046,Diana Mutua,simon.barasa.delta3547@vg-eval.test,+254 708 682 801,KE,Machakos,2026-08-07T16:05:54Z,active,false,,,KILELE,
CT-070039,Amina Wafula,ann.berrada.delta261@vg-eval.test,0728461410,KE,Malindi,2026-02-11T13:56:06Z,active,false,,,KILELE,corrected in Sept export
CT-023913,Brian Odhiambo,rose.njenga.delta2327@vg-eval.test,025714420565,KE,Kericho,2026-01-06T03:26:35Z,active,true,,,KILELE,corrected in Sept export
CT-201381,Brian Mokoena,george.wanjiru.delta3882@vg-eval.test,025702089157,KE,Kericho,2026-08-14T13:26:51Z,active,true,,,KILELE,
CT-073356,Diana Berrada,john.bennani.delta778@vg-eval.test,0702363080,KE,Thika,2026-04-07T09:24:49Z,active,true,,,KILELE,corrected in Sept export
CT-201106,Lerato Cheruiyot,caroline.bennani.delta3607@vg-eval.test,+254 700 586 647,KE,Kericho,2026-08-07T20:01:53Z,active,true,,,KILELE,
CT-069766,Nancy Wanjiru,faith.bennani.delta465@vg-eval.test,0721223624,KE,Machakos,2026-01-19T14:02:39Z,active,true,,,KILELE,corrected in Sept export
CT-029745,James Odhiambo,yassine.mwangi.delta47@vg-eval.test,025705690050,KE,Nakuru,2026-02-24T11:24:14Z,active,true,,,KILELE,corrected in Sept export
CT-029149,Omar Pretorius,joan.mokoena.delta96@vg-eval.test,+254 731 022 760,KE,Kisumu,2026-04-08T14:18:46Z,active,false,,,KILELE,corrected in Sept export
CT-002819,Mercy Wanjiru,fatima.njenga.delta478@vg-eval.test,025710977924,KE,Thika,2026-03-17T15:39:41Z,active,false,,,KILELE,corrected in Sept export
CT-001225,Paul Kamau,layla.okoth.delta87@vg-eval.test,254-736-123928,KE,Nairobi,2026-01-28T08:48:10Z,active,true,,,KILELE,corrected in Sept export
CT-201412,Mercy Mwangi,sarah.wanjiru.delta3913@vg-eval.test,0734429612,KE,Eldoret,2026-08-08T03:36:14Z,active,false,,,KILELE,
CT-201657,Nomsa Bennani,yassine.kamau.delta4158@vg-eval.test,025735579335,KE,Malindi,2026-08-28T02:10:54Z,active,false,,,KILELE,
CT-201517,Esther Wafula,yassine.mokoena.delta4018@vg-eval.test,025714120749,KE,Malindi,2026-08-12T13:38:14Z,active,true,,,KILELE,
CT-200782,Diana Okoth,omar.pretorius.delta3283@vg-eval.test,+254 713 697 159,KE,Nakuru,2026-08-18T14:39:26Z,active,false,,,KILELE,
CT-200692,Omar Kiptoo,david.njenga.delta3193@vg-eval.test,0728238738,KE,Nakuru,2026-08-23T21:16:50Z,active,true,,,KILELE,
CT-019372,Kevin Nkosi,peter.otieno.delta2493@vg-eval.test,025737852843,KE,Eldoret,2026-02-19T03:20:51Z,active,false,,,KILELE,corrected in Sept export
CT-038013,David Haddad,michael.njenga.delta718@vg-eval.test,254-727-476085,KE,Nakuru,2026-02-25T00:14:36Z,active,true,,,KILELE,corrected in Sept export
CT-064942,Isaac Naidoo,kevin.alaoui.delta577@vg-eval.test,0722618571,KE,Kisumu,2026-03-11T04:15:29Z,active,true,,,KILELE,corrected in Sept export
CT-029425,Fatima Mwangi,ruth.barasa.delta2391@vg-eval.test,254-708-228938,KE,Kisumu,2026-01-24T00:12:41Z,active,false,,,KILELE,corrected in Sept export
CT-201446,Ann Fassi,george.bennani.delta3947@vg-eval.test,+254 717 116 473,KE,Nakuru,2026-08-23T08:40:47Z,active,true,,,KILELE,
CT-036121,Rachid Fassi,simon.okoth.delta122@vg-eval.test,+254 721 280 333,KE,Malindi,2026-04-16T09:08:34Z,active,false,,,KILELE,corrected in Sept export
CT-200874,Diana Wanjiru,esther.njoroge.delta3375@vg-eval.test,+254 732 647 419,KE,Nyeri,2026-08-11T05:45:56Z,active,false,,,KILELE,
CT-058625,Omar Alaoui,ann.kiptoo.delta63@vg-eval.test,+254 715 734 676,KE,Malindi,2026-01-04T23:39:56Z,active,true,,,KILELE,corrected in Sept export
CT-200563,Samuel Mutua,esther.mwangi.delta3064@vg-eval.test,254-708-251124,KE,Machakos,2026-08-20T17:57:07Z,active,true,,,KILELE,
CT-042148,Mary Tazi,simon.bennani.delta1171@vg-eval.test,0721785739,KE,Nairobi,2026-03-23T20:01:45Z,active,false,,,KILELE,corrected in Sept export
CT-060078,James Berrada,john.mokoena.delta147@vg-eval.test,254-725-429079,KE,Thika,2026-02-08T09:10:47Z,active,false,,,KILELE,corrected in Sept export
CT-050249,George Cheruiyot,esther.benali.delta1792@vg-eval.test,+254 730 117 951,KE,Thika,2026-01-13T16:33:18Z,active,true,,,KILELE,corrected in Sept export
CT-042639,Ann Mwangi,esther.mwangi.delta248@vg-eval.test,+254 707 800 653,KE,Mombasa,2026-04-05T06:38:56Z,active,false,,,KILELE,corrected in Sept export
CT-011953,Paul Wafula,layla.pretorius.delta2428@vg-eval.test,254-701-007228,KE,Kericho,2026-01-14T11:33:58Z,active,false,,,KILELE,corrected in Sept export
CT-026664,Dennis Vermeulen,ann.mutua.delta1063@vg-eval.test,0726330007,KE,Eldoret,2026-02-24T05:25:03Z,active,true,,,KILELE,corrected in Sept export
CT-010201,Paul Barasa,zanele.kiptoo.delta504@vg-eval.test,025732055509,KE,Machakos,2026-03-14T02:54:03Z,active,false,,,KILELE,corrected in Sept export
CT-049985,Rose Kimani,victor.otieno.delta2197@vg-eval.test,025731183828,KE,Nakuru,2026-03-24T23:29:53Z,active,false,,,KILELE,corrected in Sept export
CT-201577,Brian Bennani,zanele.achieng.delta4078@vg-eval.test,025711039174,KE,Machakos,2026-08-12T04:02:56Z,active,false,,,KILELE,
CT-036448,Isaac Njoroge,isaac.otieno.delta757@vg-eval.test,025728889028,KE,Malindi,2026-04-09T23:52:35Z,active,false,,,KILELE,corrected in Sept export
CT-201509,Brian Tazi,alice.dlamini.delta4010@vg-eval.test,025703030636,KE,Nyeri,2026-08-21T23:17:20Z,active,false,,,KILELE,
CT-060598,Thandi Pretorius,alice.wafula.delta2162@vg-eval.test,025733085807,KE,Nairobi,2026-04-03T00:12:18Z,active,false,,,KILELE,corrected in Sept export
CT-005411,Paul Kiptoo,johan.kimani.delta1565@vg-eval.test,0709353710,KE,Nyeri,2026-01-12T11:06:04Z,active,false,,,KILELE,corrected in Sept export
CT-200919,Pieter Dlamini,grace.odhiambo.delta3420@vg-eval.test,254-708-564599,KE,Eldoret,2026-08-05T14:24:12Z,active,true,,,KILELE,
CT-201584,Ann Mokoena,simon.barasa.delta4085@vg-eval.test,0705656280,KE,Nakuru,2026-08-04T22:33:18Z,active,true,,,KILELE,
CT-201580,Amina Fassi,victor.elidrissi.delta4081@vg-eval.test,0716347279,KE,Nakuru,2026-08-11T01:44:40Z,active,false,,,KILELE,
CT-201518,David Kimani,fatima.mutua.delta4019@vg-eval.test,+254 736 249 293,KE,Nairobi,2026-08-14T16:18:25Z,active,false,,,KILELE,
CT-025076,Alice Elidrissi,nancy.vermeulen.delta1740@vg-eval.test,254-730-440232,KE,Kisumu,2026-02-25T19:58:28Z,active,false,,,KILELE,corrected in Sept export
CT-201475,Fatima Kamau,amina.benali.delta3976@vg-eval.test,254-714-971499,KE,Mombasa,2026-08-25T04:01:18Z,active,false,,,KILELE,
CT-036918,Sarah Kamau,sarah.kimani.delta209@vg-eval.test,254-719-022881,KE,Nakuru,2026-04-04T18:29:02Z,active,false,,,KILELE,corrected in Sept export
CT-200819,George Njoroge,joan.njoroge.delta3320@vg-eval.test,254-705-253201,KE,Nakuru,2026-08-20T01:09:56Z,active,false,,,KILELE,
CT-071911,Ruth Barasa,samuel.kamau.delta1147@vg-eval.test,0700562645,KE,Nairobi,2026-02-15T08:06:34Z,active,true,,,KILELE,corrected in Sept export
CT-200425,George Dlamini,amina.njenga.delta2926@vg-eval.test,025700245663,KE,Kisumu,2026-08-09T06:07:27Z,active,true,,,KILELE,
CT-201021,Joan Benali,daniel.okoth.delta3522@vg-eval.test,025701026815,KE,Nyeri,2026-08-15T11:46:08Z,active,true,,,KILELE,
CT-063440,Fatima Njenga,mary.mokoena.delta651@vg-eval.test,025725960677,KE,Kericho,2026-03-07T19:20:56Z,active,true,,,KILELE,corrected in Sept export
CT-063645,Layla Kiptoo,fatima.wanjiru.delta2214@vg-eval.test,0712558571,KE,Machakos,2026-03-30T16:34:51Z,active,false,,,KILELE,corrected in Sept export
CT-076154,Victor Kiptoo,george.mutua.delta531@vg-eval.test,025701846308,KE,Kisumu,2026-03-04T15:55:13Z,active,true,,,KILELE,corrected in Sept export
CT-011495,Mercy Bennani,george.haddad.delta39@vg-eval.test,+254 724 264 176,KE,Thika,2026-03-01T20:27:55Z,active,true,,,KILELE,corrected in Sept export
CT-200847,Brian Tazi,zanele.haddad.delta3348@vg-eval.test,254-711-200863,KE,Malindi,2026-08-09T01:28:02Z,active,true,,,KILELE,
CT-045370,Thandi Pretorius,simon.berrada.delta1661@vg-eval.test,025716115954,KE,Malindi,2026-04-06T21:45:26Z,active,true,,,KILELE,corrected in Sept export
CT-201322,Samuel Berrada,mary.wanjiru.delta3823@vg-eval.test,+254 711 975 738,KE,Eldoret,2026-08-08T23:54:09Z,active,true,,,KILELE,
CT-041759,Fatima Fassi,pieter.mwangi.delta761@vg-eval.test,0720404159,KE,Kisumu,2026-04-17T23:58:38Z,active,true,,,KILELE,corrected in Sept export
CT-057545,Nancy Alaoui,sarah.vermeulen.delta988@vg-eval.test,254-720-523455,KE,Thika,2026-02-22T15:19:17Z,active,true,,,KILELE,corrected in Sept export
CT-041337,Rose Berrada,sarah.nkosi.delta165@vg-eval.test,+254 707 353 810,KE,Machakos,2026-03-01T12:49:20Z,active,false,,,KILELE,corrected in Sept export
CT-027698,Michael Kamau,paul.naidoo.delta2221@vg-eval.test,025703822281,KE,Nyeri,2026-02-09T15:23:12Z,active,true,,,KILELE,corrected in Sept export
CT-200515,Sipho Dlamini,james.elidrissi.delta3016@vg-eval.test,254-702-557481,KE,Machakos,2026-08-15T17:37:21Z,active,false,,,KILELE,
CT-077769,Samuel Mutua,peter.zahra.delta2297@vg-eval.test,025720344610,KE,Malindi,2026-02-18T11:49:42Z,active,false,,,KILELE,corrected in Sept export
CT-200747,Pieter Tazi,kevin.vermeulen.delta3248@vg-eval.test,254-723-054183,KE,Mombasa,2026-08-15T02:14:41Z,active,false,,,KILELE,
CT-078632,Lucy Odhiambo,nomsa.fassi.delta2133@vg-eval.test,+254 713 266 662,KE,Nakuru,2026-02-06T20:13:56Z,active,true,,,KILELE,corrected in Sept export
CT-007549,Lucy Mokoena,omar.njenga.delta2111@vg-eval.test,0720935142,KE,Eldoret,2026-03-07T14:09:31Z,active,false,,,KILELE,corrected in Sept export
CT-036383,George Mwangi,ann.naidoo.delta1094@vg-eval.test,025730247704,KE,Mombasa,2026-01-13T11:34:59Z,active,false,,,KILELE,corrected in Sept export
CT-068383,Diana Naidoo,brian.berrada.delta1519@vg-eval.test,0703571436,KE,Thika,2026-03-19T17:48:29Z,active,true,,,KILELE,corrected in Sept export
CT-200395,Lerato Otieno,pieter.barasa.delta2896@vg-eval.test,254-705-711362,KE,Machakos,2026-08-21T00:10:00Z,active,false,,,KILELE,
CT-201623,Thandi Vermeulen,sarah.wanjiru.delta4124@vg-eval.test,254-710-958032,KE,Mombasa,2026-08-17T19:54:47Z,active,false,,,KILELE,
CT-200987,Johan Mutua,johan.barasa.delta3488@vg-eval.test,254-723-304063,KE,Malindi,2026-08-25T12:34:53Z,active,false,,,KILELE,
CT-020771,Michael Cheruiyot,james.mutua.delta1861@vg-eval.test,025730257233,KE,Machakos,2026-04-03T00:30:13Z,active,false,,,KILELE,corrected in Sept export
CT-053910,Lerato Wanjiru,george.zahra.delta632@vg-eval.test,025738736829,KE,Eldoret,2026-01-04T17:56:51Z,active,false,,,KILELE,corrected in Sept export
CT-075972,Paul Alaoui,james.fassi.delta1896@vg-eval.test,+254 708 207 895,KE,Mombasa,2026-02-23T03:08:20Z,active,true,,,KILELE,corrected in Sept export
CT-037381,Johan Pretorius,peter.berrada.delta226@vg-eval.test,025727594920,KE,Mombasa,2026-03-24T08:33:50Z,active,false,,,KILELE,corrected in Sept export
CT-200592,Lerato Bennani,james.mutua.delta3093@vg-eval.test,0706618598,KE,Eldoret,2026-08-01T06:43:39Z,active,false,,,KILELE,
CT-039547,Peter Bennani,victor.njoroge.delta750@vg-eval.test,0736308389,KE,Thika,2026-01-15T10:01:03Z,active,true,,,KILELE,corrected in Sept export
CT-200757,Rachid Vermeulen,johan.wanjiru.delta3258@vg-eval.test,025726230651,KE,Machakos,2026-08-08T09:40:02Z,active,false,,,KILELE,
CT-200889,John Barasa,karim.kimani.delta3390@vg-eval.test,025700561513,KE,Machakos,2026-08-26T01:42:17Z,active,true,,,KILELE,
CT-035961,Yassine Achieng,sipho.bennani.delta335@vg-eval.test,+254 710 176 463,KE,Kisumu,2026-03-01T14:18:29Z,active,false,,,KILELE,corrected in Sept export
CT-201558,Johan Haddad,peter.dlamini.delta4059@vg-eval.test,+254 733 825 648,KE,Kisumu,2026-08-12T09:31:00Z,active,true,,,KILELE,
CT-058007,Salma Kamau,karim.mwangi.delta1440@vg-eval.test,0708752016,KE,Eldoret,2026-04-13T08:55:38Z,active,false,,,KILELE,corrected in Sept export
CT-030521,James Zahra,ann.kimani.delta153@vg-eval.test,025723671627,KE,Nyeri,2026-01-25T10:22:31Z,active,false,,,KILELE,corrected in Sept export
CT-073951,Karim Zahra,peter.elidrissi.delta740@vg-eval.test,254-701-167875,KE,Nyeri,2026-01-21T18:36:22Z,active,true,,,KILELE,corrected in Sept export
CT-200775,Omar Berrada,lerato.mwangi.delta3276@vg-eval.test,254-727-366049,KE,Nakuru,2026-08-15T04:35:39Z,active,true,,,KILELE,
CT-029264,Faith Okoth,sarah.njenga.delta442@vg-eval.test,0734934162,KE,Nakuru,2026-01-28T15:58:07Z,active,false,,,KILELE,corrected in Sept export
CT-060174,Caroline Mwangi,diana.mwangi.delta2384@vg-eval.test,0732982766,KE,Nyeri,2026-03-21T12:37:06Z,active,false,,,KILELE,corrected in Sept export
CT-007167,Kevin Cheruiyot,grace.zahra.delta669@vg-eval.test,025718605388,KE,Machakos,2026-04-09T04:57:03Z,active,false,,,KILELE,corrected in Sept export
CT-042516,George Odhiambo,brian.kiptoo.delta2157@vg-eval.test,254-725-330167,KE,Kericho,2026-02-13T00:28:07Z,active,true,,,KILELE,corrected in Sept export
CT-200017,Simon Cheruiyot,grace.zahra.delta2518@vg-eval.test,025721586635,KE,Kisumu,2026-08-22T11:46:20Z,active,true,,,KILELE,
CT-010105,Faith Tazi,sipho.vermeulen.delta1304@vg-eval.test,0731675880,KE,Nyeri,2026-03-07T09:25:12Z,active,false,,,KILELE,corrected in Sept export
CT-040493,Diana Bennani,samuel.benali.delta331@vg-eval.test,0717235863,KE,Mombasa,2026-02-12T04:02:20Z,active,true,,,KILELE,corrected in Sept export
CT-059018,Rose Mokoena,faith.mutua.delta946@vg-eval.test,025722797945,KE,Mombasa,2026-04-05T19:32:45Z,active,false,,,KILELE,corrected in Sept export
CT-201593,Rose Naidoo,george.barasa.delta4094@vg-eval.test,025720139938,KE,Eldoret,2026-08-19T03:00:40Z,active,true,,,KILELE,
CT-060634,Karim Mwangi,george.elidrissi.delta1362@vg-eval.test,0734276618,KE,Nakuru,2026-03-20T00:03:03Z,active,false,,,KILELE,corrected in Sept export
CT-201159,Diana Dlamini,peter.njoroge.delta3660@vg-eval.test,254-729-727491,KE,Machakos,2026-08-12T02:42:00Z,active,false,,,KILELE,
CT-050929,Ann Tazi,rachid.barasa.delta1755@vg-eval.test,025710236583,KE,Nairobi,2026-03-16T15:15:42Z,active,false,,,KILELE,corrected in Sept export
CT-030692,Grace Tazi,james.okoth.delta2108@vg-eval.test,0720841658,KE,Machakos,2026-02-07T22:59:29Z,active,false,,,KILELE,corrected in Sept export
CT-058534,Sarah Kimani,grace.benali.delta630@vg-eval.test,025723977964,KE,Machakos,2026-03-16T23:46:00Z,active,false,,,KILELE,corrected in Sept export
CT-200453,Simon Mokoena,sarah.kiptoo.delta2954@vg-eval.test,025704265733,KE,Eldoret,2026-08-25T14:11:38Z,active,true,,,KILELE,
CT-200180,Yassine Dlamini,fatima.okoth.delta2681@vg-eval.test,0735623328,KE,Nairobi,2026-08-23T14:19:17Z,active,false,,,KILELE,
CT-200387,Joan Pretorius,fatima.cheruiyot.delta2888@vg-eval.test,254-712-225104,KE,Nakuru,2026-08-13T14:31:21Z,active,false,,,KILELE,
CT-024665,John Kamau,zanele.njenga.delta2317@vg-eval.test,0721676539,KE,Machakos,2026-01-25T05:59:27Z,active,false,,,KILELE,corrected in Sept export
CT-201192,Lucy Odhiambo,michael.benali.delta3693@vg-eval.test,0735140403,KE,Kisumu,2026-08-20T10:24:41Z,active,false,,,KILELE,
CT-078656,Samuel Bennani,daniel.otieno.delta1514@vg-eval.test,0715549595,KE,Thika,2026-01-04T23:04:04Z,active,false,,,KILELE,corrected in Sept export
CT-078997,Dennis Mutua,daniel.wafula.delta1748@vg-eval.test,0729809417,KE,Kisumu,2026-02-03T05:10:36Z,active,false,,,KILELE,corrected in Sept export
CT-020635,Victor Barasa,george.pretorius.delta1076@vg-eval.test,025700332234,KE,Kericho,2026-04-16T17:52:11Z,active,true,,,KILELE,corrected in Sept export
CT-080138,Nomsa Mutua,sarah.alaoui.delta970@vg-eval.test,025714050762,KE,Malindi,2026-03-14T14:24:08Z,active,true,,,KILELE,corrected in Sept export
CT-001895,Amina Wanjiru,paul.cheruiyot.delta945@vg-eval.test,025714829979,KE,Kericho,2026-02-23T11:38:23Z,active,false,,,KILELE,corrected in Sept export
CT-024948,Karim Mokoena,brian.benali.delta810@vg-eval.test,025715870736,KE,Malindi,2026-03-12T15:44:08Z,active,true,,,KILELE,corrected in Sept export
CT-053131,Peter Njenga,ruth.zahra.delta1149@vg-eval.test,+254 728 729 553,KE,Eldoret,2026-04-07T09:46:01Z,active,false,,,KILELE,corrected in Sept export
CT-066101,Salma Cheruiyot,omar.wanjiru.delta1084@vg-eval.test,025703205092,KE,Machakos,2026-04-01T01:50:48Z,active,true,,,KILELE,corrected in Sept export
CT-073264,Sipho Benali,sipho.barasa.delta1126@vg-eval.test,+254 705 099 301,KE,Nyeri,2026-02-02T19:17:28Z,active,false,,,KILELE,corrected in Sept export
CT-200907,John Berrada,paul.zahra.delta3408@vg-eval.test,254-713-919387,KE,Machakos,2026-08-27T16:24:51Z,active,false,,,KILELE,
CT-070291,David Haddad,mercy.dlamini.delta829@vg-eval.test,+254 707 326 328,KE,Malindi,2026-04-14T04:10:22Z,active,true,,,KILELE,corrected in Sept export
CT-073526,Yassine Haddad,zanele.okoth.delta944@vg-eval.test,+254 706 235 545,KE,Nyeri,2026-01-25T17:20:23Z,active,true,,,KILELE,corrected in Sept export
CT-201059,Daniel Zahra,dennis.vermeulen.delta3560@vg-eval.test,254-727-314252,KE,Mombasa,2026-08-12T15:38:14Z,active,true,,,KILELE,
CT-008682,Layla Alaoui,samuel.dlamini.delta2189@vg-eval.test,254-706-302602,KE,Thika,2026-01-09T17:31:23Z,active,false,,,KILELE,corrected in Sept export
CT-028639,Fatima Benali,ruth.mwangi.delta1770@vg-eval.test,025703223904,KE,Malindi,2026-01-24T19:16:31Z,active,false,,,KILELE,corrected in Sept export
CT-200817,Alice Vermeulen,alice.mwangi.delta3318@vg-eval.test,025733130211,KE,Mombasa,2026-08-19T17:32:33Z,active,false,,,KILELE,
CT-043596,Peter Dlamini,thandi.dlamini.delta685@vg-eval.test,025726300288,KE,Nyeri,2026-03-17T18:05:49Z,active,true,,,KILELE,corrected in Sept export
CT-200342,Rose Fassi,alice.alaoui.delta2843@vg-eval.test,+254 703 359 166,KE,Nyeri,2026-08-16T04:38:26Z,active,true,,,KILELE,
CT-200993,Victor Kamau,paul.naidoo.delta3494@vg-eval.test,025706807650,KE,Machakos,2026-08-25T12:07:11Z,active,true,,,KILELE,
CT-011991,Ruth Mokoena,faith.mokoena.delta521@vg-eval.test,254-725-511509,KE,Eldoret,2026-03-18T19:27:31Z,active,true,,,KILELE,corrected in Sept export
CT-076827,Joan Mokoena,sarah.wafula.delta2076@vg-eval.test,0715731125,KE,Kericho,2026-01-05T01:34:11Z,active,false,,,KILELE,corrected in Sept export
CT-058350,Lerato Njoroge,sipho.nkosi.delta1111@vg-eval.test,025734270121,KE,Thika,2026-02-04T06:09:07Z,active,true,,,KILELE,corrected in Sept export
CT-044063,Rose Vermeulen,nomsa.kimani.delta1831@vg-eval.test,0734716071,KE,Mombasa,2026-01-31T12:44:26Z,active,false,,,KILELE,corrected in Sept export
CT-066065,Grace Bennani,salma.okoth.delta1691@vg-eval.test,254-715-130323,KE,Mombasa,2026-01-01T10:17:28Z,active,true,,,KILELE,corrected in Sept export
CT-008063,Johan Bennani,lerato.barasa.delta222@vg-eval.test,025726757891,KE,Kisumu,2026-02-16T17:13:05Z,active,false,,,KILELE,corrected in Sept export
CT-000622,Michael Benali,thandi.haddad.delta472@vg-eval.test,025710859613,KE,Eldoret,2026-01-23T15:49:37Z,active,true,,,KILELE,corrected in Sept export
CT-058421,Samuel Mutua,peter.nkosi.delta321@vg-eval.test,254-730-215151,KE,Eldoret,2026-02-05T21:48:37Z,active,false,,,KILELE,corrected in Sept export
CT-059793,Layla Berrada,rose.mwangi.delta2386@vg-eval.test,+254 706 967 131,KE,Nyeri,2026-03-29T21:23:15Z,active,false,,,KILELE,corrected in Sept export
CT-201361,Victor Dlamini,james.otieno.delta3862@vg-eval.test,025720303785,KE,Kericho,2026-08-26T11:56:19Z,active,true,,,KILELE,
CT-058917,Esther Alaoui,salma.njoroge.delta1826@vg-eval.test,+254 734 157 151,KE,Machakos,2026-03-13T09:43:49Z,active,false,,,KILELE,corrected in Sept export
CT-201582,Faith Vermeulen,david.mokoena.delta4083@vg-eval.test,+254 711 171 342,KE,Nyeri,2026-08-02T14:53:31Z,active,false,,,KILELE,
CT-020444,Brian Mwangi,john.haddad.delta463@vg-eval.test,+254 724 421 549,KE,Kericho,2026-04-07T05:26:27Z,active,true,,,KILELE,corrected in Sept export
CT-025869,Grace Cheruiyot,alice.fassi.delta2218@vg-eval.test,254-705-608324,KE,Kericho,2026-03-09T06:00:54Z,active,true,,,KILELE,corrected in Sept export
CT-200998,Thandi Wanjiru,paul.mwangi.delta3499@vg-eval.test,+254 738 763 979,KE,Nairobi,2026-08-09T09:38:18Z,active,false,,,KILELE,
CT-045144,Mary Vermeulen,alice.kimani.delta142@vg-eval.test,0739948640,KE,Machakos,2026-01-06T07:33:14Z,active,true,,,KILELE,corrected in Sept export
CT-200005,Karim Cheruiyot,dennis.elidrissi.delta2506@vg-eval.test,025722453180,KE,Nyeri,2026-08-12T20:50:12Z,active,false,,,KILELE,
CT-062147,Grace Dlamini,rose.haddad.delta2184@vg-eval.test,025721632718,KE,Nyeri,2026-03-16T22:52:41Z,active,false,,,KILELE,corrected in Sept export
CT-028876,George Benali,victor.njoroge.delta2432@vg-eval.test,0712865668,KE,Thika,2026-02-19T03:05:18Z,active,true,,,KILELE,corrected in Sept export
CT-019772,Layla Tazi,caroline.bennani.delta53@vg-eval.test,025727719462,KE,Nyeri,2026-04-04T10:57:37Z,active,false,,,KILELE,corrected in Sept export
CT-054335,Brian Elidrissi,samuel.wafula.delta797@vg-eval.test,0720342116,KE,Mombasa,2026-03-25T20:09:27Z,active,true,,,KILELE,corrected in Sept export
CT-200868,Thandi Dlamini,james.kiptoo.delta3369@vg-eval.test,0739799590,KE,Kericho,2026-08-10T13:29:34Z,active,false,,,KILELE,
CT-201039,Brian Kamau,karim.berrada.delta3540@vg-eval.test,254-712-975289,KE,Kericho,2026-08-07T12:09:03Z,active,false,,,KILELE,
CT-043682,David Wafula,zanele.elidrissi.delta631@vg-eval.test,025720383679,KE,Nyeri,2026-04-15T03:09:46Z,active,true,,,KILELE,corrected in Sept export
CT-033655,Faith Kimani,lucy.fassi.delta1973@vg-eval.test,0736265901,KE,Mombasa,2026-01-28T07:04:41Z,active,false,,,KILELE,corrected in Sept export
CT-201135,John Kiptoo,peter.kiptoo.delta3636@vg-eval.test,254-713-366383,KE,Eldoret,2026-08-08T22:53:30Z,active,true,,,KILELE,
CT-023368,Isaac Fassi,michael.alaoui.delta1134@vg-eval.test,025713512957,KE,Machakos,2026-04-07T10:07:54Z,active,true,,,KILELE,corrected in Sept export
CT-022300,Fatima Kiptoo,joan.barasa.delta678@vg-eval.test,254-733-673137,KE,Thika,2026-03-18T18:27:35Z,active,true,,,KILELE,corrected in Sept export
CT-039113,Rose Elidrissi,simon.otieno.delta2153@vg-eval.test,254-728-149468,KE,Malindi,2026-03-01T12:23:49Z,active,false,,,KILELE,corrected in Sept export
CT-059726,Thandi Alaoui,mercy.cheruiyot.delta438@vg-eval.test,025714294740,KE,Nyeri,2026-03-10T01:05:23Z,active,false,,,KILELE,corrected in Sept export
CT-005364,Nancy Fassi,omar.haddad.delta1730@vg-eval.test,0712573893,KE,Kericho,2026-03-16T06:19:30Z,active,true,,,KILELE,corrected in Sept export
CT-037193,Victor Barasa,fatima.kimani.delta1987@vg-eval.test,0739116123,KE,Eldoret,2026-04-04T22:33:52Z,active,true,,,KILELE,corrected in Sept export
CT-059452,Rose Njenga,thandi.tazi.delta117@vg-eval.test,025736296210,KE,Kisumu,2026-02-10T01:03:27Z,active,true,,,KILELE,corrected in Sept export
CT-200369,Michael Wafula,james.tazi.delta2870@vg-eval.test,025719924912,KE,Malindi,2026-08-22T05:29:16Z,active,false,,,KILELE,
CT-200773,Layla Wafula,rachid.odhiambo.delta3274@vg-eval.test,025706515638,KE,Mombasa,2026-08-16T02:20:47Z,active,true,,,KILELE,
CT-201333,Ann Bennani,dennis.odhiambo.delta3834@vg-eval.test,025729794928,KE,Thika,2026-08-02T22:12:51Z,active,true,,,KILELE,
CT-200939,Peter Cheruiyot,rose.otieno.delta3440@vg-eval.test,254-739-798473,KE,Kisumu,2026-08-20T15:18:21Z,active,true,,,KILELE,
CT-022630,Omar Cheruiyot,grace.pretorius.delta728@vg-eval.test,0725501470,KE,Kericho,2026-02-13T15:22:23Z,active,true,,,KILELE,corrected in Sept export
CT-025923,Diana Okoth,brian.cheruiyot.delta17@vg-eval.test,025724039027,KE,Kisumu,2026-03-12T01:00:35Z,active,false,,,KILELE,corrected in Sept export
CT-038302,George Kamau,nancy.nkosi.delta1207@vg-eval.test,025739656394,KE,Mombasa,2026-02-08T20:16:58Z,active,true,,,KILELE,corrected in Sept export
CT-200024,Ruth Vermeulen,diana.kamau.delta2525@vg-eval.test,0709535027,KE,Eldoret,2026-08-10T19:51:53Z,active,false,,,KILELE,
CT-201576,Michael Wafula,mary.fassi.delta4077@vg-eval.test,0722680506,KE,Nakuru,2026-08-15T08:23:07Z,active,false,,,KILELE,
CT-028622,Alice Elidrissi,peter.pretorius.delta446@vg-eval.test,254-723-877717,KE,Thika,2026-03-09T09:20:26Z,active,true,,,KILELE,corrected in Sept export
CT-015757,Michael Njenga,sipho.alaoui.delta2254@vg-eval.test,025721268501,KE,Nyeri,2026-02-14T06:13:46Z,active,true,,,KILELE,corrected in Sept export
CT-074997,Esther Otieno,grace.cheruiyot.delta935@vg-eval.test,025710672411,KE,Nyeri,2026-02-17T09:47:15Z,active,true,,,KILELE,corrected in Sept export
CT-201489,Sarah Elidrissi,samuel.wafula.delta3990@vg-eval.test,025729137122,KE,Machakos,2026-08-16T22:22:00Z,active,true,,,KILELE,
CT-200460,Thandi Tazi,faith.dlamini.delta2961@vg-eval.test,0738743443,KE,Nyeri,2026-08-24T15:23:46Z,active,false,,,KILELE,
CT-019278,Sipho Wafula,rose.nkosi.delta1677@vg-eval.test,+254 734 269 428,KE,Kisumu,2026-03-29T21:21:06Z,active,false,,,KILELE,corrected in Sept export
CT-066017,Johan Berrada,isaac.cheruiyot.delta596@vg-eval.test,025706315596,KE,Mombasa,2026-01-27T17:08:24Z,active,true,,,KILELE,corrected in Sept export
CT-012531,David Benali,pieter.pretorius.delta1259@vg-eval.test,025717312928,KE,Eldoret,2026-02-13T15:04:58Z,active,false,,,KILELE,corrected in Sept export
CT-200733,Daniel Zahra,salma.njenga.delta3234@vg-eval.test,025732149654,KE,Eldoret,2026-08-08T00:06:47Z,active,false,,,KILELE,
CT-200611,Michael Alaoui,kevin.fassi.delta3112@vg-eval.test,254-700-613800,KE,Mombasa,2026-08-07T14:36:05Z,active,true,,,KILELE,
CT-200841,Salma Kiptoo,brian.cheruiyot.delta3342@vg-eval.test,025700387693,KE,Mombasa,2026-08-06T13:12:59Z,active,false,,,KILELE,
CT-025439,Sipho Okoth,karim.kamau.delta867@vg-eval.test,0727021737,KE,Eldoret,2026-03-21T02:47:52Z,active,true,,,KILELE,corrected in Sept export
CT-024263,Peter Elidrissi,john.fassi.delta965@vg-eval.test,0720553528,KE,Malindi,2026-02-03T15:14:24Z,active,false,,,KILELE,corrected in Sept export
CT-021904,Michael Naidoo,paul.vermeulen.delta937@vg-eval.test,025701510624,KE,Mombasa,2026-02-02T12:54:00Z,active,true,,,KILELE,corrected in Sept export
CT-200638,Diana Odhiambo,alice.wafula.delta3139@vg-eval.test,+254 720 491 656,KE,Machakos,2026-08-15T06:44:43Z,active,false,,,KILELE,
CT-020121,Simon Kimani,lerato.wanjiru.delta218@vg-eval.test,254-709-786676,KE,Nairobi,2026-01-20T06:59:38Z,active,false,,,KILELE,corrected in Sept export
CT-200867,Layla Dlamini,rose.vermeulen.delta3368@vg-eval.test,254-737-225162,KE,Malindi,2026-08-09T05:57:52Z,active,true,,,KILELE,
CT-034090,Victor Benali,nancy.achieng.delta1550@vg-eval.test,+254 734 205 707,KE,Kericho,2026-04-13T22:40:22Z,active,true,,,KILELE,corrected in Sept export
CT-033182,Thandi Dlamini,victor.zahra.delta1714@vg-eval.test,0717576949,KE,Thika,2026-03-12T11:56:07Z,active,false,,,KILELE,corrected in Sept export
CT-010874,Faith Pretorius,james.bennani.delta434@vg-eval.test,+254 711 504 168,KE,Kericho,2026-04-15T22:47:02Z,active,false,,,KILELE,corrected in Sept export
CT-019798,Lucy Wafula,layla.njenga.delta269@vg-eval.test,025724132665,KE,Nakuru,2026-02-04T14:23:46Z,active,true,,,KILELE,corrected in Sept export
CT-028830,Rachid Mokoena,sarah.vermeulen.delta831@vg-eval.test,025733868753,KE,Mombasa,2026-04-11T14:40:39Z,active,false,,,KILELE,corrected in Sept export
CT-200875,Grace Wafula,ann.dlamini.delta3376@vg-eval.test,254-721-964393,KE,Malindi,2026-08-19T17:29:29Z,active,false,,,KILELE,
CT-200904,Ann Nkosi,zanele.achieng.delta3405@vg-eval.test,0721517965,KE,Machakos,2026-08-02T12:17:00Z,active,false,,,KILELE,
CT-077113,Samuel Tazi,salma.pretorius.delta825@vg-eval.test,254-739-576458,KE,Eldoret,2026-02-24T21:03:50Z,active,true,,,KILELE,corrected in Sept export
CT-043813,Zanele Berrada,zanele.kiptoo.delta677@vg-eval.test,+254 718 219 395,KE,Kisumu,2026-01-11T05:12:56Z,active,true,,,KILELE,corrected in Sept export
CT-018784,Isaac Vermeulen,thandi.wanjiru.delta1623@vg-eval.test,025715374758,KE,Eldoret,2026-02-04T08:36:31Z,active,false,,,KILELE,corrected in Sept export
CT-201567,Sipho Otieno,victor.achieng.delta4068@vg-eval.test,254-723-484360,KE,Nyeri,2026-08-17T08:00:51Z,active,false,,,KILELE,
CT-201589,Rose Berrada,brian.cheruiyot.delta4090@vg-eval.test,025738200995,KE,Nairobi,2026-08-03T06:07:13Z,active,false,,,KILELE,
CT-079177,Ann Alaoui,rachid.tazi.delta534@vg-eval.test,0704093115,KE,Eldoret,2026-04-15T00:26:42Z,active,false,,,KILELE,corrected in Sept export
CT-003984,Michael Zahra,kevin.berrada.delta1532@vg-eval.test,+254 707 487 881,KE,Nakuru,2026-01-02T18:53:29Z,active,true,,,KILELE,corrected in Sept export
CT-201376,Zanele Kiptoo,george.vermeulen.delta3877@vg-eval.test,0732260242,KE,Mombasa,2026-08-30T07:12:34Z,active,true,,,KILELE,
CT-068292,Zanele Wafula,rachid.mwangi.delta1245@vg-eval.test,0733851000,KE,Kericho,2026-02-25T11:22:18Z,active,false,,,KILELE,corrected in Sept export
CT-201495,Lucy Mwangi,james.benali.delta3996@vg-eval.test,254-702-429459,KE,Nairobi,2026-08-09T16:29:20Z,active,false,,,KILELE,
CT-200724,Lucy Benali,omar.achieng.delta3225@vg-eval.test,0716016805,KE,Malindi,2026-08-12T16:19:44Z,active,true,,,KILELE,
CT-046332,Victor Odhiambo,victor.haddad.delta1132@vg-eval.test,0734203244,KE,Machakos,2026-01-22T03:37:23Z,active,true,,,KILELE,corrected in Sept export
CT-063586,Karim Alaoui,esther.okoth.delta1480@vg-eval.test,025716681099,KE,Eldoret,2026-02-13T11:53:17Z,active,false,,,KILELE,corrected in Sept export
CT-201131,Lucy Naidoo,karim.alaoui.delta3632@vg-eval.test,254-701-649001,KE,Machakos,2026-08-30T20:52:20Z,active,true,,,KILELE,
CT-028618,Samuel Fassi,lerato.achieng.delta784@vg-eval.test,+254 706 441 252,KE,Nairobi,2026-02-11T22:38:55Z,active,false,,,KILELE,corrected in Sept export
CT-064992,Michael Pretorius,zanele.barasa.delta2140@vg-eval.test,025738316952,KE,Malindi,2026-04-06T16:32:12Z,active,false,,,KILELE,corrected in Sept export
CT-058628,Esther Elidrissi,ann.okoth.delta1759@vg-eval.test,025738277690,KE,Nakuru,2026-03-11T15:11:18Z,active,false,,,KILELE,corrected in Sept export
CT-200062,George Njoroge,omar.kamau.delta2563@vg-eval.test,+254 737 558 398,KE,Malindi,2026-08-10T12:50:01Z,active,true,,,KILELE,
CT-201515,Lucy Wanjiru,john.naidoo.delta4016@vg-eval.test,254-726-591163,KE,Mombasa,2026-08-07T16:52:03Z,active,true,,,KILELE,
CT-200355,George Alaoui,mercy.fassi.delta2856@vg-eval.test,254-720-412066,KE,Mombasa,2026-08-15T03:54:19Z,active,true,,,KILELE,
CT-201216,Omar Wafula,caroline.pretorius.delta3717@vg-eval.test,0737375836,KE,Nyeri,2026-08-27T22:25:17Z,active,true,,,KILELE,
CT-200518,Simon Bennani,johan.otieno.delta3019@vg-eval.test,+254 730 230 912,KE,Malindi,2026-08-12T19:30:20Z,active,true,,,KILELE,
CT-059179,Karim Cheruiyot,mercy.wanjiru.delta251@vg-eval.test,025712902666,KE,Kisumu,2026-03-11T14:44:00Z,active,false,,,KILELE,corrected in Sept export
CT-201075,Sipho Mutua,layla.njenga.delta3576@vg-eval.test,254-718-198233,KE,Kisumu,2026-08-17T14:22:14Z,active,true,,,KILELE,
CT-201335,George Benali,lerato.okoth.delta3836@vg-eval.test,254-705-839212,KE,Machakos,2026-08-01T20:07:11Z,active,true,,,KILELE,
CT-201491,Mercy Achieng,sarah.kimani.delta3992@vg-eval.test,254-716-838285,KE,Nakuru,2026-08-07T23:59:51Z,active,false,,,KILELE,
CT-015749,Daniel Cheruiyot,alice.mokoena.delta1112@vg-eval.test,254-730-186669,KE,Malindi,2026-02-15T05:25:18Z,active,true,,,KILELE,corrected in Sept export
CT-201565,Paul Njenga,caroline.otieno.delta4066@vg-eval.test,025739707335,KE,Eldoret,2026-08-11T22:35:25Z,active,false,,,KILELE,
CT-028313,John Vermeulen,layla.mwangi.delta1457@vg-eval.test,025725930422,KE,Thika,2026-02-27T01:14:11Z,active,true,,,KILELE,corrected in Sept export
CT-000598,Ruth Naidoo,amina.kamau.delta805@vg-eval.test,025724863207,KE,Nyeri,2026-01-02T09:56:19Z,active,true,,,KILELE,corrected in Sept export
CT-200588,Amina Mokoena,peter.njoroge.delta3089@vg-eval.test,0707575176,KE,Kericho,2026-08-24T22:07:09Z,active,false,,,KILELE,
CT-036787,Pieter Naidoo,victor.tazi.delta1435@vg-eval.test,0714260323,KE,Mombasa,2026-03-07T18:44:21Z,active,true,,,KILELE,corrected in Sept export
CT-036461,George Zahra,victor.mutua.delta1455@vg-eval.test,025702489184,KE,Eldoret,2026-03-08T07:29:42Z,active,true,,,KILELE,corrected in Sept export
CT-013131,Sipho Okoth,victor.cheruiyot.delta428@vg-eval.test,025708719331,KE,Machakos,2026-01-05T06:20:09Z,active,true,,,KILELE,corrected in Sept export
CT-004930,Mary Mokoena,lucy.njoroge.delta2293@vg-eval.test,+254 717 336 954,KE,Nyeri,2026-02-01T02:28:28Z,active,true,,,KILELE,corrected in Sept export
CT-058522,Kevin Berrada,alice.wanjiru.delta1584@vg-eval.test,0727236051,KE,Kericho,2026-03-17T14:03:48Z,active,false,,,KILELE,corrected in Sept export
CT-026158,James Vermeulen,faith.cheruiyot.delta225@vg-eval.test,+254 729 103 000,KE,Kisumu,2026-02-11T23:43:19Z,active,false,,,KILELE,corrected in Sept export
CT-062271,Daniel Mwangi,salma.kimani.delta129@vg-eval.test,0730107611,KE,Nakuru,2026-01-21T01:26:13Z,active,true,,,KILELE,corrected in Sept export
CT-052777,Thandi Tazi,fatima.nkosi.delta320@vg-eval.test,+254 703 042 975,KE,Kericho,2026-04-15T15:53:06Z,active,false,,,KILELE,corrected in Sept export
CT-013055,Victor Elidrissi,ann.dlamini.delta1829@vg-eval.test,025704936425,KE,Kericho,2026-03-12T09:28:59Z,active,false,,,KILELE,corrected in Sept export
CT-200499,Rachid Berrada,john.haddad.delta3000@vg-eval.test,254-733-028637,KE,Machakos,2026-08-06T13:38:32Z,active,true,,,KILELE,
CT-201458,Sarah Bennani,zanele.bennani.delta3959@vg-eval.test,+254 702 338 060,KE,Malindi,2026-08-13T23:47:37Z,active,false,,,KILELE,
CT-002175,Karim Wafula,lerato.vermeulen.delta915@vg-eval.test,025718294222,KE,Machakos,2026-02-19T15:22:42Z,active,true,,,KILELE,corrected in Sept export
CT-200382,Grace Wanjiru,diana.elidrissi.delta2883@vg-eval.test,+254 703 564 848,KE,Eldoret,2026-08-22T07:29:30Z,active,true,,,KILELE,
CT-023876,Sipho Zahra,samuel.otieno.delta808@vg-eval.test,025737290975,KE,Mombasa,2026-01-21T16:28:44Z,active,true,,,KILELE,corrected in Sept export
CT-201436,Michael Vermeulen,joan.kamau.delta3937@vg-eval.test,0733114973,KE,Eldoret,2026-08-11T18:42:42Z,active,true,,,KILELE,
CT-053559,Dennis Benali,pieter.berrada.delta1437@vg-eval.test,+254 734 067 230,KE,Mombasa,2026-03-18T23:07:11Z,active,false,,,KILELE,corrected in Sept export
CT-032527,Kevin Haddad,karim.vermeulen.delta1774@vg-eval.test,+254 708 553 847,KE,Malindi,2026-01-02T05:03:29Z,active,true,,,KILELE,corrected in Sept export
CT-200914,Paul Bennani,layla.berrada.delta3415@vg-eval.test,+254 726 948 957,KE,Machakos,2026-08-21T10:19:13Z,active,false,,,KILELE,
CT-201390,Pieter Naidoo,yassine.wanjiru.delta3891@vg-eval.test,+254 735 833 139,KE,Machakos,2026-08-14T20:54:23Z,active,false,,,KILELE,
CT-008650,Ann Fassi,simon.elidrissi.delta69@vg-eval.test,+254 729 564 367,KE,Thika,2026-01-21T22:22:00Z,active,true,,,KILELE,corrected in Sept export
CT-201618,Ruth Okoth,omar.zahra.delta4119@vg-eval.test,+254 711 588 203,KE,Nyeri,2026-08-28T19:26:49Z,active,false,,,KILELE,
CT-200037,Layla Kamau,caroline.kamau.delta2538@vg-eval.test,025712864452,KE,Machakos,2026-08-11T19:29:52Z,active,false,,,KILELE,
CT-049742,Ann Elidrissi,isaac.kimani.delta188@vg-eval.test,0721225150,KE,Machakos,2026-01-13T16:54:32Z,active,false,,,KILELE,corrected in Sept export
CT-054975,Nomsa Mutua,amina.elidrissi.delta1858@vg-eval.test,0725403922,KE,Nakuru,2026-03-26T11:18:34Z,active,true,,,KILELE,corrected in Sept export
CT-201425,Karim Bennani,james.otieno.delta3926@vg-eval.test,025705317555,KE,Eldoret,2026-08-26T03:06:17Z,active,true,,,KILELE,
CT-027978,Nomsa Nkosi,johan.odhiambo.delta960@vg-eval.test,0712354040,KE,Machakos,2026-02-27T07:57:45Z,active,false,,,KILELE,corrected in Sept export
CT-013993,Thandi Odhiambo,nancy.benali.delta1376@vg-eval.test,254-729-207953,KE,Malindi,2026-04-02T07:04:55Z,active,true,,,KILELE,corrected in Sept export
CT-026113,Rose Berrada,sarah.alaoui.delta1144@vg-eval.test,254-708-473423,KE,Nyeri,2026-02-17T15:31:48Z,active,true,,,KILELE,corrected in Sept export
CT-201276,Paul Njoroge,yassine.mokoena.delta3777@vg-eval.test,0731817441,KE,Eldoret,2026-08-27T12:04:48Z,active,false,,,KILELE,
CT-200667,Lucy Alaoui,diana.tazi.delta3168@vg-eval.test,254-730-808981,KE,Machakos,2026-08-29T02:28:46Z,active,false,,,KILELE,
CT-200101,Michael Njenga,lerato.fassi.delta2602@vg-eval.test,025737591797,KE,Kisumu,2026-08-18T12:15:07Z,active,true,,,KILELE,
CT-027958,James Barasa,simon.alaoui.delta1692@vg-eval.test,025705369006,KE,Kisumu,2026-03-30T15:32:10Z,active,false,,,KILELE,corrected in Sept export
CT-066508,Sipho Cheruiyot,sipho.alaoui.delta1595@vg-eval.test,0729809905,KE,Mombasa,2026-01-03T06:35:09Z,active,true,,,KILELE,corrected in Sept export
CT-053978,Ruth Njenga,thandi.pretorius.delta1745@vg-eval.test,+254 717 753 497,KE,Nakuru,2026-01-15T10:41:01Z,active,true,,,KILELE,corrected in Sept export
CT-200232,Johan Pretorius,samuel.kiptoo.delta2733@vg-eval.test,0727080122,KE,Nakuru,2026-08-28T21:47:01Z,active,true,,,KILELE,
CT-200533,Simon Kamau,thandi.vermeulen.delta3034@vg-eval.test,025712987320,KE,Kisumu,2026-08-23T20:46:49Z,active,true,,,KILELE,
CT-200603,George Okoth,peter.otieno.delta3104@vg-eval.test,254-728-232329,KE,Nairobi,2026-08-16T21:02:54Z,active,true,,,KILELE,
CT-015645,Grace Barasa,alice.vermeulen.delta369@vg-eval.test,254-728-763527,KE,Mombasa,2026-01-04T02:25:16Z,active,true,,,KILELE,corrected in Sept export
CT-200239,Zanele Vermeulen,george.wanjiru.delta2740@vg-eval.test,254-711-170742,KE,Nakuru,2026-08-08T08:04:32Z,active,false,,,KILELE,
CT-037573,Mary Bennani,diana.alaoui.delta1418@vg-eval.test,254-717-871642,KE,Machakos,2026-03-07T13:51:00Z,active,true,,,KILELE,corrected in Sept export
CT-200419,Dennis Dlamini,layla.tazi.delta2920@vg-eval.test,254-711-884178,KE,Nakuru,2026-08-07T03:41:15Z,active,true,,,KILELE,
CT-025175,James Haddad,michael.elidrissi.delta2210@vg-eval.test,0733033322,KE,Thika,2026-01-23T06:12:08Z,active,false,,,KILELE,corrected in Sept export
CT-201062,Michael Njoroge,pieter.njenga.delta3563@vg-eval.test,+254 726 120 238,KE,Nairobi,2026-08-23T10:47:21Z,active,false,,,KILELE,
CT-200026,Yassine Naidoo,nancy.mokoena.delta2527@vg-eval.test,+254 730 614 945,KE,Nakuru,2026-08-28T13:31:16Z,active,false,,,KILELE,
CT-201669,George Tazi,rose.mwangi.delta4170@vg-eval.test,025737766303,KE,Nairobi,2026-08-31T23:01:15Z,active,false,,,KILELE,
CT-057090,David Wafula,peter.mokoena.delta339@vg-eval.test,254-737-036696,KE,Malindi,2026-03-13T06:39:32Z,active,true,,,KILELE,corrected in Sept export
CT-071467,Isaac Fassi,lucy.fassi.delta1728@vg-eval.test,+254 723 499 435,KE,Thika,2026-01-12T12:30:23Z,active,true,,,KILELE,corrected in Sept export
CT-201406,Diana Kimani,james.mutua.delta3907@vg-eval.test,+254 738 221 850,KE,Eldoret,2026-08-28T19:24:03Z,active,false,,,KILELE,
CT-029663,Rose Kiptoo,victor.elidrissi.delta1931@vg-eval.test,0730745184,KE,Machakos,2026-03-06T06:08:09Z,active,false,,,KILELE,corrected in Sept export
CT-057164,John Wafula,johan.nkosi.delta2034@vg-eval.test,254-721-222786,KE,Nakuru,2026-01-13T22:04:55Z,active,false,,,KILELE,corrected in Sept export
CT-201004,Simon Dlamini,nomsa.mwangi.delta3505@vg-eval.test,0716170226,KE,Kisumu,2026-08-01T15:20:13Z,active,false,,,KILELE,
CT-201178,Simon Njenga,zanele.wanjiru.delta3679@vg-eval.test,+254 731 457 383,KE,Nakuru,2026-08-14T22:57:10Z,active,false,,,KILELE,
CT-062658,Michael Benali,sipho.wanjiru.delta1398@vg-eval.test,0718353469,KE,Kericho,2026-03-22T21:29:26Z,active,false,,,KILELE,corrected in Sept export
CT-201351,Salma Kiptoo,grace.berrada.delta3852@vg-eval.test,254-712-013090,KE,Mombasa,2026-08-25T17:40:59Z,active,false,,,KILELE,
CT-201156,Nomsa Alaoui,mercy.mwangi.delta3657@vg-eval.test,0731888462,KE,Thika,2026-08-11T02:02:01Z,active,false,,,KILELE,
CT-200279,Thandi Elidrissi,fatima.achieng.delta2780@vg-eval.test,254-708-500005,KE,Mombasa,2026-08-09T21:26:36Z,active,false,,,KILELE,
CT-006309,Brian Benali,caroline.otieno.delta143@vg-eval.test,254-721-147405,KE,Machakos,2026-02-24T06:46:55Z,active,true,,,KILELE,corrected in Sept export
CT-067398,James Okoth,amina.kimani.delta1445@vg-eval.test,025736192409,KE,Thika,2026-02-15T06:58:53Z,active,true,,,KILELE,corrected in Sept export
CT-200161,Yassine Dlamini,dennis.berrada.delta2662@vg-eval.test,025706215697,KE,Nyeri,2026-08-18T10:49:47Z,active,false,,,KILELE,
CT-200927,Rose Wanjiru,nomsa.njenga.delta3428@vg-eval.test,254-722-088604,KE,Nakuru,2026-08-21T20:28:13Z,active,true,,,KILELE,
CT-200310,Faith Nkosi,karim.barasa.delta2811@vg-eval.test,+254 724 534 416,KE,Mombasa,2026-08-25T17:22:29Z,active,true,,,KILELE,
CT-021847,Rachid Okoth,dennis.cheruiyot.delta2314@vg-eval.test,025712549912,KE,Machakos,2026-01-05T16:24:11Z,active,true,,,KILELE,corrected in Sept export
CT-201659,Kevin Mwangi,simon.wafula.delta4160@vg-eval.test,254-727-539447,KE,Thika,2026-08-25T14:02:09Z,active,false,,,KILELE,
CT-014492,Grace Cheruiyot,samuel.naidoo.delta2366@vg-eval.test,025700248508,KE,Kisumu,2026-03-13T09:51:32Z,active,false,,,KILELE,corrected in Sept export
CT-067360,Thandi Odhiambo,isaac.njoroge.delta373@vg-eval.test,254-709-061137,KE,Nairobi,2026-04-12T01:12:29Z,active,false,,,KILELE,corrected in Sept export
CT-200962,Alice Bennani,sipho.alaoui.delta3463@vg-eval.test,+254 728 883 965,KE,Eldoret,2026-08-20T08:12:44Z,active,false,,,KILELE,
CT-053634,Kevin Njenga,simon.naidoo.delta1961@vg-eval.test,+254 711 180 920,KE,Malindi,2026-03-18T15:09:49Z,active,false,,,KILELE,corrected in Sept export
CT-027074,Johan Nkosi,fatima.benali.delta2492@vg-eval.test,025719916434,KE,Eldoret,2026-02-17T23:07:32Z,active,false,,,KILELE,corrected in Sept export
CT-200602,Omar Kamau,mercy.otieno.delta3103@vg-eval.test,+254 702 709 430,KE,Machakos,2026-08-05T16:12:19Z,active,false,,,KILELE,
CT-043725,Amina Vermeulen,layla.wafula.delta1956@vg-eval.test,+254 710 237 859,KE,Eldoret,2026-03-24T21:56:21Z,active,false,,,KILELE,corrected in Sept export
CT-064064,Diana Tazi,lucy.alaoui.delta1754@vg-eval.test,025718949543,KE,Kericho,2026-03-22T21:26:01Z,active,false,,,KILELE,corrected in Sept export
CT-200903,Michael Berrada,johan.achieng.delta3404@vg-eval.test,254-734-013401,KE,Eldoret,2026-08-28T05:32:38Z,active,true,,,KILELE,
CT-058583,Faith Barasa,james.benali.delta682@vg-eval.test,+254 720 289 368,KE,Nairobi,2026-03-27T10:58:17Z,active,false,,,KILELE,corrected in Sept export
CT-201230,Omar Odhiambo,karim.mokoena.delta3731@vg-eval.test,+254 739 023 511,KE,Machakos,2026-08-02T07:27:37Z,active,true,,,KILELE,
CT-072730,Diana Achieng,fatima.naidoo.delta2068@vg-eval.test,025714892396,KE,Kericho,2026-01-08T15:34:42Z,active,false,,,KILELE,corrected in Sept export
CT-201632,Lucy Kimani,diana.nkosi.delta4133@vg-eval.test,0705273544,KE,Nakuru,2026-08-22T19:42:06Z,active,false,,,KILELE,
CT-055662,Layla Kamau,omar.alaoui.delta13@vg-eval.test,0721920433,KE,Malindi,2026-02-03T06:58:45Z,active,true,,,KILELE,corrected in Sept export
CT-034551,Rachid Njoroge,thandi.haddad.delta755@vg-eval.test,0725000891,KE,Mombasa,2026-03-12T09:07:24Z,active,true,,,KILELE,corrected in Sept export
CT-055702,Sarah Bennani,pieter.fassi.delta1617@vg-eval.test,025732891156,KE,Nyeri,2026-04-06T22:49:00Z,active,true,,,KILELE,corrected in Sept export
CT-029601,Zanele Vermeulen,joan.wanjiru.delta291@vg-eval.test,0719105580,KE,Malindi,2026-04-14T05:29:21Z,active,true,,,KILELE,corrected in Sept export
CT-200710,Amina Otieno,kevin.mwangi.delta3211@vg-eval.test,+254 731 752 605,KE,Mombasa,2026-08-20T22:49:19Z,active,false,,,KILELE,
CT-043616,Dennis Achieng,amina.bennani.delta689@vg-eval.test,0738095315,KE,Malindi,2026-01-20T06:41:48Z,active,false,,,KILELE,corrected in Sept export
CT-201016,Paul Dlamini,victor.nkosi.delta3517@vg-eval.test,0700244387,KE,Thika,2026-08-31T11:05:05Z,active,false,,,KILELE,
CT-016887,Sipho Alaoui,samuel.wanjiru.delta2116@vg-eval.test,025719937181,KE,Nyeri,2026-03-04T21:05:48Z,active,false,,,KILELE,corrected in Sept export
CT-000045,Joan Bennani,david.pretorius.delta2112@vg-eval.test,0739414549,KE,Malindi,2026-01-30T22:22:50Z,active,false,,,KILELE,corrected in Sept export
CT-006428,Ann Tazi,lucy.wafula.delta1599@vg-eval.test,0724834383,KE,Nairobi,2026-01-14T12:03:41Z,active,true,,,KILELE,corrected in Sept export
CT-069952,Fatima Bennani,samuel.achieng.delta751@vg-eval.test,0716199734,KE,Kisumu,2026-02-08T05:47:26Z,active,false,,,KILELE,corrected in Sept export
CT-200601,Esther Achieng,david.pretorius.delta3102@vg-eval.test,025709040298,KE,Kisumu,2026-08-19T18:38:11Z,active,false,,,KILELE,
CT-058921,Nomsa Berrada,faith.kamau.delta1738@vg-eval.test,025705413344,KE,Mombasa,2026-02-21T07:21:26Z,active,true,,,KILELE,corrected in Sept export
CT-201461,Sipho Kimani,sipho.odhiambo.delta3962@vg-eval.test,025728373921,KE,Malindi,2026-08-20T10:02:42Z,active,true,,,KILELE,
CT-041315,Esther Mwangi,david.tazi.delta1087@vg-eval.test,254-703-882619,KE,Kisumu,2026-03-26T03:28:59Z,active,true,,,KILELE,corrected in Sept export
CT-010769,Alice Otieno,grace.odhiambo.delta1891@vg-eval.test,254-701-564099,KE,Kericho,2026-01-29T23:38:17Z,active,true,,,KILELE,corrected in Sept export
CT-200164,Lucy Vermeulen,sarah.odhiambo.delta2665@vg-eval.test,0718571481,KE,Nairobi,2026-08-21T01:15:43Z,active,false,,,KILELE,
CT-062517,Simon Barasa,george.kiptoo.delta587@vg-eval.test,0711660237,KE,Nakuru,2026-03-07T11:55:07Z,active,false,,,KILELE,corrected in Sept export
CT-200068,Mary Barasa,nomsa.fassi.delta2569@vg-eval.test,0721511919,KE,Thika,2026-08-13T04:01:59Z,active,false,,,KILELE,
CT-019782,Esther Pretorius,salma.mwangi.delta875@vg-eval.test,025730386467,KE,Nyeri,2026-04-13T08:08:43Z,active,true,,,KILELE,corrected in Sept export
CT-070571,Dennis Berrada,michael.zahra.delta2408@vg-eval.test,025722712058,KE,Thika,2026-03-04T09:38:37Z,active,true,,,KILELE,corrected in Sept export
CT-200839,Layla Fassi,lucy.cheruiyot.delta3340@vg-eval.test,254-717-594992,KE,Eldoret,2026-08-27T23:29:46Z,active,false,,,KILELE,
CT-031906,Michael Naidoo,nancy.dlamini.delta764@vg-eval.test,0725345547,KE,Mombasa,2026-04-01T13:29:58Z,active,false,,,KILELE,corrected in Sept export
CT-043872,Peter Njoroge,george.bennani.delta1303@vg-eval.test,0701384016,KE,Malindi,2026-01-02T08:14:38Z,active,true,,,KILELE,corrected in Sept export
CT-017298,George Njoroge,dennis.dlamini.delta1862@vg-eval.test,025733690232,KE,Malindi,2026-01-01T13:11:14Z,active,true,,,KILELE,corrected in Sept export
CT-044890,James Elidrissi,mercy.okoth.delta371@vg-eval.test,0723336305,KE,Mombasa,2026-04-17T13:58:31Z,active,false,,,KILELE,corrected in Sept export
CT-006837,Rachid Wanjiru,diana.achieng.delta2455@vg-eval.test,025725454687,KE,Thika,2026-03-18T12:39:33Z,active,true,,,KILELE,corrected in Sept export
CT-018645,Brian Bennani,zanele.wanjiru.delta1562@vg-eval.test,+254 711 451 863,KE,Thika,2026-02-23T13:21:13Z,active,true,,,KILELE,corrected in Sept export
CT-201148,Victor Okoth,george.fassi.delta3649@vg-eval.test,0710741645,KE,Thika,2026-08-20T10:58:49Z,active,false,,,KILELE,
CT-201620,Caroline Vermeulen,kevin.dlamini.delta4121@vg-eval.test,0733986651,KE,Nyeri,2026-08-24T22:57:52Z,active,false,,,KILELE,
CT-002680,Grace Dlamini,amina.mwangi.delta850@vg-eval.test,0714161177,KE,Nairobi,2026-02-10T11:50:37Z,active,true,,,KILELE,corrected in Sept export
CT-057529,James Alaoui,isaac.okoth.delta1417@vg-eval.test,+254 714 775 819,KE,Nyeri,2026-01-11T06:20:12Z,active,true,,,KILELE,corrected in Sept export
CT-200746,Sarah Naidoo,michael.zahra.delta3247@vg-eval.test,+254 712 892 744,KE,Nairobi,2026-08-09T08:28:12Z,active,false,,,KILELE,
CT-201449,Amina Mokoena,diana.barasa.delta3950@vg-eval.test,025727875190,KE,Nakuru,2026-08-12T01:36:30Z,active,false,,,KILELE,
CT-200640,Amina Kiptoo,john.achieng.delta3141@vg-eval.test,0739427387,KE,Kericho,2026-08-15T08:30:59Z,active,false,,,KILELE,
CT-037880,Zanele Haddad,diana.achieng.delta908@vg-eval.test,025716642048,KE,Thika,2026-02-20T09:51:16Z,active,false,,,KILELE,corrected in Sept export
CT-025740,Ann Odhiambo,alice.nkosi.delta343@vg-eval.test,254-732-566310,KE,Nyeri,2026-02-03T22:35:18Z,active,false,,,KILELE,corrected in Sept export
CT-201262,Grace Naidoo,nancy.wanjiru.delta3763@vg-eval.test,+254 719 446 088,KE,Kisumu,2026-08-02T17:14:07Z,active,true,,,KILELE,
CT-200437,Omar Odhiambo,rose.zahra.delta2938@vg-eval.test,025727385162,KE,Machakos,2026-08-29T11:45:01Z,active,true,,,KILELE,
CT-065760,James Kamau,ruth.nkosi.delta12@vg-eval.test,254-716-106500,KE,Kisumu,2026-01-21T04:40:43Z,active,false,,,KILELE,corrected in Sept export
CT-035335,Ruth Bennani,james.odhiambo.delta494@vg-eval.test,0715219452,KE,Eldoret,2026-02-11T11:58:31Z,active,true,,,KILELE,corrected in Sept export
CT-034405,Pieter Achieng,layla.kimani.delta469@vg-eval.test,025727530045,KE,Eldoret,2026-04-04T12:03:05Z,active,true,,,KILELE,corrected in Sept export
CT-201111,George Bennani,sarah.okoth.delta3612@vg-eval.test,254-721-008373,KE,Mombasa,2026-08-19T12:10:46Z,active,true,,,KILELE,
CT-200053,George Fassi,esther.mutua.delta2554@vg-eval.test,025712198438,KE,Nyeri,2026-08-13T21:31:00Z,active,true,,,KILELE,
CT-201602,John Kimani,alice.pretorius.delta4103@vg-eval.test,+254 713 878 060,KE,Thika,2026-08-09T11:15:50Z,active,true,,,KILELE,
CT-027765,Mary Nkosi,zanele.benali.delta722@vg-eval.test,0724242004,KE,Kericho,2026-01-18T01:47:08Z,active,true,,,KILELE,corrected in Sept export
CT-075797,Salma Berrada,fatima.mokoena.delta114@vg-eval.test,254-706-733488,KE,Nakuru,2026-01-20T21:57:58Z,active,false,,,KILELE,corrected in Sept export
CT-034971,Sarah Odhiambo,sarah.kiptoo.delta1538@vg-eval.test,025714653771,KE,Eldoret,2026-02-02T22:58:47Z,active,false,,,KILELE,corrected in Sept export
CT-073496,Daniel Nkosi,kevin.wanjiru.delta1587@vg-eval.test,+254 705 210 913,KE,Malindi,2026-04-15T12:17:27Z,active,false,,,KILELE,corrected in Sept export
CT-030390,Kevin Njenga,johan.odhiambo.delta1989@vg-eval.test,025707920967,KE,Kisumu,2026-03-06T15:55:09Z,active,false,,,KILELE,corrected in Sept export
CT-045588,Samuel Zahra,karim.naidoo.delta2342@vg-eval.test,025718890639,KE,Nyeri,2026-03-07T11:42:33Z,active,true,,,KILELE,corrected in Sept export
CT-036558,Mary Mutua,grace.benali.delta1299@vg-eval.test,254-733-074615,KE,Thika,2026-04-10T21:02:10Z,active,true,,,KILELE,corrected in Sept export
CT-051140,Kevin Otieno,zanele.otieno.delta1108@vg-eval.test,025706034605,KE,Nairobi,2026-01-13T01:06:54Z,active,false,,,KILELE,corrected in Sept export
CT-200147,Paul Barasa,pieter.kiptoo.delta2648@vg-eval.test,254-724-775223,KE,Nairobi,2026-08-01T14:58:48Z,active,false,,,KILELE,
CT-201256,Ann Njenga,victor.njenga.delta3757@vg-eval.test,0720865321,KE,Eldoret,2026-08-13T18:55:41Z,active,true,,,KILELE,
CT-021433,Salma Odhiambo,joan.vermeulen.delta2143@vg-eval.test,025729744549,KE,Nakuru,2026-02-15T23:06:20Z,active,true,,,KILELE,corrected in Sept export
CT-031989,Brian Zahra,michael.dlamini.delta1395@vg-eval.test,0733531469,KE,Mombasa,2026-01-31T05:34:38Z,active,false,,,KILELE,corrected in Sept export
CT-027717,Omar Alaoui,yassine.njenga.delta775@vg-eval.test,0717263977,KE,Kisumu,2026-04-08T09:08:55Z,active,true,,,KILELE,corrected in Sept export
CT-200944,Yassine Wanjiru,alice.pretorius.delta3445@vg-eval.test,0724314157,KE,Kisumu,2026-08-12T19:40:03Z,active,false,,,KILELE,
CT-049863,Esther Nkosi,sipho.mokoena.delta828@vg-eval.test,025700760111,KE,Nyeri,2026-03-03T01:01:40Z,active,false,,,KILELE,corrected in Sept export
CT-001951,Isaac Kamau,sarah.kimani.delta2217@vg-eval.test,025735346609,KE,Thika,2026-02-11T16:46:50Z,active,false,,,KILELE,corrected in Sept export
CT-054632,Nancy Okoth,rachid.bennani.delta1005@vg-eval.test,254-733-115706,KE,Machakos,2026-03-15T20:40:29Z,active,false,,,KILELE,corrected in Sept export
CT-201628,Zanele Wafula,isaac.elidrissi.delta4129@vg-eval.test,0732007547,KE,Mombasa,2026-08-17T22:19:33Z,active,false,,,KILELE,
CT-034908,Rose Njenga,mercy.njenga.delta1125@vg-eval.test,025721007521,KE,Kericho,2026-02-04T14:54:24Z,active,true,,,KILELE,corrected in Sept export
CT-009766,Yassine Mutua,esther.achieng.delta1352@vg-eval.test,+254 712 084 522,KE,Malindi,2026-01-24T04:09:06Z,active,false,,,KILELE,corrected in Sept export
CT-200736,Mary Fassi,brian.nkosi.delta3237@vg-eval.test,0709326836,KE,Kericho,2026-08-22T18:13:50Z,active,false,,,KILELE,
CT-200955,Joan Mwangi,sipho.pretorius.delta3456@vg-eval.test,254-731-026054,KE,Eldoret,2026-08-07T01:29:00Z,active,false,,,KILELE,
CT-200002,Omar Otieno,caroline.otieno.delta2503@vg-eval.test,+254 710 055 755,KE,Nairobi,2026-08-12T16:13:38Z,active,false,,,KILELE,
CT-058227,Zanele Vermeulen,zanele.barasa.delta1135@vg-eval.test,0736021885,KE,Kericho,2026-03-23T11:45:19Z,active,false,,,KILELE,corrected in Sept export
CT-200906,Thandi Kamau,layla.wafula.delta3407@vg-eval.test,+254 734 880 153,KE,Nakuru,2026-08-22T15:37:22Z,active,true,,,KILELE,
CT-065353,Kevin Haddad,mary.zahra.delta729@vg-eval.test,0719707546,KE,Nakuru,2026-04-13T04:35:45Z,active,false,,,KILELE,corrected in Sept export
CT-200835,Alice Njenga,caroline.njoroge.delta3336@vg-eval.test,254-712-933913,KE,Mombasa,2026-08-15T16:30:13Z,active,true,,,KILELE,
CT-200489,Joan Dlamini,michael.barasa.delta2990@vg-eval.test,025735717809,KE,Eldoret,2026-08-28T08:56:44Z,active,false,,,KILELE,
CT-019092,Paul Wafula,ann.zahra.delta2130@vg-eval.test,+254 703 069 170,KE,Nyeri,2026-02-15T15:30:02Z,active,false,,,KILELE,corrected in Sept export
CT-041431,Nomsa Naidoo,david.kiptoo.delta1600@vg-eval.test,0728582718,KE,Eldoret,2026-01-25T18:19:13Z,active,true,,,KILELE,corrected in Sept export
CT-006056,Johan Berrada,samuel.bennani.delta1848@vg-eval.test,0728543688,KE,Nyeri,2026-01-07T06:22:05Z,active,false,,,KILELE,corrected in Sept export
CT-025348,Esther Barasa,brian.benali.delta971@vg-eval.test,0723393229,KE,Nakuru,2026-04-02T18:27:11Z,active,true,,,KILELE,corrected in Sept export
CT-022407,Diana Zahra,faith.wafula.delta2490@vg-eval.test,254-737-872112,KE,Kisumu,2026-02-12T15:46:00Z,active,true,,,KILELE,corrected in Sept export
CT-025382,Ann Mokoena,fatima.dlamini.delta1258@vg-eval.test,0715919717,KE,Thika,2026-03-05T15:16:31Z,active,true,,,KILELE,corrected in Sept export
CT-200824,Caroline Nkosi,sarah.dlamini.delta3325@vg-eval.test,0716001573,KE,Nakuru,2026-08-25T09:40:57Z,active,true,,,KILELE,
CT-054740,Lucy Njenga,victor.bennani.delta2006@vg-eval.test,025727155998,KE,Eldoret,2026-01-18T14:12:49Z,active,false,,,KILELE,corrected in Sept export
CT-066975,Grace Benali,faith.tazi.delta2004@vg-eval.test,+254 704 720 576,KE,Nairobi,2026-01-29T14:05:51Z,active,false,,,KILELE,corrected in Sept export
CT-026623,Brian Bennani,george.berrada.delta1580@vg-eval.test,+254 734 852 214,KE,Mombasa,2026-01-09T17:13:38Z,active,false,,,KILELE,corrected in Sept export
CT-200658,Fatima Pretorius,david.barasa.delta3159@vg-eval.test,+254 725 314 398,KE,Malindi,2026-08-17T02:22:01Z,active,true,,,KILELE,
CT-039162,James Njenga,karim.dlamini.delta1842@vg-eval.test,025728002866,KE,Nairobi,2026-01-20T01:23:03Z,active,true,,,KILELE,corrected in Sept export
CT-005229,Caroline Pretorius,isaac.kamau.delta1298@vg-eval.test,025722981467,KE,Nyeri,2026-02-11T21:51:04Z,active,false,,,KILELE,corrected in Sept export
CT-201662,Samuel Benali,david.bennani.delta4163@vg-eval.test,+254 731 985 212,KE,Nyeri,2026-08-03T05:21:23Z,active,false,,,KILELE,
CT-200088,Joan Otieno,mary.mutua.delta2589@vg-eval.test,0703999703,KE,Eldoret,2026-08-24T14:45:07Z,active,true,,,KILELE,
CT-006577,David Alaoui,james.mwangi.delta1364@vg-eval.test,025724909616,KE,Nyeri,2026-04-13T13:50:54Z,active,true,,,KILELE,corrected in Sept export
CT-043875,Peter Berrada,caroline.naidoo.delta871@vg-eval.test,025718542964,KE,Kisumu,2026-04-03T09:16:52Z,active,false,,,KILELE,corrected in Sept export
CT-201356,Michael Cheruiyot,ruth.dlamini.delta3857@vg-eval.test,0700140689,KE,Nakuru,2026-08-26T01:57:09Z,active,false,,,KILELE,
CT-063065,Mary Vermeulen,daniel.wafula.delta2114@vg-eval.test,+254 735 951 729,KE,Nairobi,2026-03-30T06:56:12Z,active,true,,,KILELE,corrected in Sept export
CT-068222,Lucy Nkosi,ann.pretorius.delta1780@vg-eval.test,254-735-109605,KE,Nakuru,2026-01-06T22:10:19Z,active,false,,,KILELE,corrected in Sept export
CT-201640,Nancy Haddad,victor.fassi.delta4141@vg-eval.test,0738874202,KE,Kisumu,2026-08-24T12:57:08Z,active,false,,,KILELE,
CT-201636,Simon Kiptoo,ruth.berrada.delta4137@vg-eval.test,0736823728,KE,Thika,2026-08-11T20:25:04Z,active,true,,,KILELE,
CT-061852,Fatima Dlamini,daniel.zahra.delta1704@vg-eval.test,0715334483,KE,Nakuru,2026-03-08T13:02:51Z,active,false,,,KILELE,corrected in Sept export
CT-200619,Ann Mutua,peter.mokoena.delta3120@vg-eval.test,254-737-081919,KE,Thika,2026-08-04T02:08:58Z,active,true,,,KILELE,
CT-200879,Samuel Alaoui,brian.achieng.delta3380@vg-eval.test,254-730-386407,KE,Nairobi,2026-08-24T05:35:53Z,active,false,,,KILELE,
CT-200055,Fatima Bennani,thandi.vermeulen.delta2556@vg-eval.test,254-706-824869,KE,Nakuru,2026-08-05T00:19:10Z,active,false,,,KILELE,
CT-001370,Salma Cheruiyot,daniel.zahra.delta1339@vg-eval.test,0723780372,KE,Nairobi,2026-02-23T01:32:42Z,active,false,,,KILELE,corrected in Sept export
CT-200922,Nancy Kiptoo,diana.cheruiyot.delta3423@vg-eval.test,+254 712 458 785,KE,Malindi,2026-08-02T20:37:07Z,active,false,,,KILELE,
CT-039641,Daniel Pretorius,lerato.nkosi.delta175@vg-eval.test,+254 725 716 255,KE,Mombasa,2026-01-24T13:28:19Z,active,false,,,KILELE,corrected in Sept export
CT-029455,Pieter Berrada,victor.okoth.delta1523@vg-eval.test,0738741299,KE,Malindi,2026-01-02T10:07:13Z,active,false,,,KILELE,corrected in Sept export
CT-061864,Isaac Odhiambo,sarah.dlamini.delta397@vg-eval.test,0732431934,KE,Eldoret,2026-01-02T20:49:33Z,active,false,,,KILELE,corrected in Sept export
CT-013065,Lucy Njenga,rose.dlamini.delta2047@vg-eval.test,254-705-722816,KE,Nairobi,2026-01-13T04:04:59Z,active,true,,,KILELE,corrected in Sept export
CT-061685,Simon Wafula,dennis.barasa.delta2234@vg-eval.test,+254 724 672 968,KE,Nairobi,2026-03-15T12:55:31Z,active,true,,,KILELE,corrected in Sept export
CT-039839,Peter Tazi,george.kimani.delta2082@vg-eval.test,0730670177,KE,Nakuru,2026-01-10T10:09:34Z,active,false,,,KILELE,corrected in Sept export
CT-201140,Caroline Njoroge,ann.kamau.delta3641@vg-eval.test,0702726963,KE,Mombasa,2026-08-28T20:56:12Z,active,false,,,KILELE,
CT-004054,George Zahra,mercy.fassi.delta2063@vg-eval.test,0731235208,KE,Malindi,2026-04-12T17:58:11Z,active,false,,,KILELE,corrected in Sept export
CT-058779,Salma Kiptoo,amina.otieno.delta558@vg-eval.test,0715572679,KE,Mombasa,2026-04-15T05:34:40Z,active,false,,,KILELE,corrected in Sept export
CT-016964,John Alaoui,sipho.berrada.delta2308@vg-eval.test,254-707-970747,KE,Nairobi,2026-03-25T20:14:23Z,active,true,,,KILELE,corrected in Sept export
CT-034730,John Mutua,kevin.tazi.delta418@vg-eval.test,0702964352,KE,Malindi,2026-01-09T09:43:53Z,active,false,,,KILELE,corrected in Sept export
CT-043416,Lerato Mokoena,rose.mokoena.delta443@vg-eval.test,+254 725 023 232,KE,Mombasa,2026-03-04T06:17:32Z,active,true,,,KILELE,corrected in Sept export
CT-046512,Michael Kimani,layla.fassi.delta1567@vg-eval.test,0715451556,KE,Eldoret,2026-02-02T05:35:31Z,active,false,,,KILELE,corrected in Sept export
CT-049558,Kevin Wanjiru,yassine.achieng.delta2469@vg-eval.test,0704411060,KE,Nairobi,2026-01-15T08:35:44Z,active,false,,,KILELE,corrected in Sept export
CT-031027,Lucy Fassi,diana.berrada.delta523@vg-eval.test,0705341894,KE,Nairobi,2026-02-06T16:45:03Z,active,true,,,KILELE,corrected in Sept export
CT-071876,Esther Otieno,ann.okoth.delta1014@vg-eval.test,025729619450,KE,Machakos,2026-02-09T14:36:17Z,active,true,,,KILELE,corrected in Sept export
CT-200081,John Kamau,brian.cheruiyot.delta2582@vg-eval.test,025718838491,KE,Machakos,2026-08-10T05:19:56Z,active,true,,,KILELE,
CT-201585,Samuel Mwangi,george.kamau.delta4086@vg-eval.test,025725012763,KE,Eldoret,2026-08-31T00:32:40Z,active,true,,,KILELE,
CT-065409,Thandi Nkosi,layla.mwangi.delta1003@vg-eval.test,0715472480,KE,Nakuru,2026-03-08T12:01:06Z,active,true,,,KILELE,corrected in Sept export
CT-055236,George Wafula,ruth.berrada.delta1327@vg-eval.test,254-710-034985,KE,Thika,2026-02-24T01:25:03Z,active,false,,,KILELE,corrected in Sept export
CT-007889,Zanele Vermeulen,daniel.berrada.delta2042@vg-eval.test,0714519345,KE,Nakuru,2026-02-24T17:11:29Z,active,false,,,KILELE,corrected in Sept export
CT-201083,Sarah Otieno,omar.wanjiru.delta3584@vg-eval.test,254-725-348738,KE,Eldoret,2026-08-11T01:32:39Z,active,false,,,KILELE,
CT-002028,Joan Elidrissi,ann.mokoena.delta1976@vg-eval.test,+254 730 269 930,KE,Nyeri,2026-04-08T14:06:06Z,active,true,,,KILELE,corrected in Sept export
CT-200099,Alice Zahra,james.kiptoo.delta2600@vg-eval.test,254-708-572366,KE,Machakos,2026-08-21T22:40:00Z,active,true,,,KILELE,
CT-000667,Pieter Alaoui,zanele.zahra.delta1475@vg-eval.test,+254 727 888 341,KE,Nyeri,2026-01-12T22:56:29Z,active,true,,,KILELE,corrected in Sept export
CT-032684,Dennis Fassi,salma.dlamini.delta873@vg-eval.test,025716825870,KE,Thika,2026-04-15T21:01:03Z,active,false,,,KILELE,corrected in Sept export
CT-019839,Ann Otieno,diana.kimani.delta1447@vg-eval.test,+254 729 700 278,KE,Nakuru,2026-04-04T16:30:30Z,active,true,,,KILELE,corrected in Sept export
CT-200084,Brian Berrada,nomsa.naidoo.delta2585@vg-eval.test,0716680827,KE,Kisumu,2026-08-22T16:31:58Z,active,true,,,KILELE,
CT-046308,Sarah Dlamini,kevin.berrada.delta1067@vg-eval.test,0714868695,KE,Kisumu,2026-04-14T09:46:49Z,active,false,,,KILELE,corrected in Sept export
CT-008169,George Otieno,esther.mutua.delta1208@vg-eval.test,0732359868,KE,Eldoret,2026-01-11T07:23:21Z,active,false,,,KILELE,corrected in Sept export
CT-057749,Paul Njoroge,lucy.mokoena.delta28@vg-eval.test,0702480628,KE,Eldoret,2026-02-28T23:18:33Z,active,true,,,KILELE,corrected in Sept export
CT-029142,Lucy Naidoo,daniel.mokoena.delta2395@vg-eval.test,+254 726 969 447,KE,Nairobi,2026-03-12T20:07:30Z,active,false,,,KILELE,corrected in Sept export
CT-201555,Diana Haddad,faith.berrada.delta4056@vg-eval.test,254-701-480027,KE,Nakuru,2026-08-09T06:11:22Z,active,false,,,KILELE,
CT-007067,Ruth Fassi,brian.alaoui.delta616@vg-eval.test,025722503349,KE,Mombasa,2026-03-22T18:03:28Z,active,false,,,KILELE,corrected in Sept export
CT-200591,Kevin Mwangi,karim.vermeulen.delta3092@vg-eval.test,254-722-760084,KE,Machakos,2026-08-01T05:06:21Z,active,true,,,KILELE,
CT-039591,Diana Haddad,samuel.mokoena.delta815@vg-eval.test,+254 723 756 700,KE,Eldoret,2026-02-02T09:11:24Z,active,true,,,KILELE,corrected in Sept export
CT-200221,Karim Achieng,brian.njoroge.delta2722@vg-eval.test,025736164305,KE,Malindi,2026-08-18T22:49:42Z,active,true,,,KILELE,
CT-070453,Layla Njenga,rachid.mokoena.delta1928@vg-eval.test,254-711-694159,KE,Kisumu,2026-01-28T14:53:20Z,active,false,,,KILELE,corrected in Sept export
CT-012493,Paul Naidoo,rachid.naidoo.delta1197@vg-eval.test,025700256905,KE,Mombasa,2026-02-21T05:46:07Z,active,true,,,KILELE,corrected in Sept export
CT-200723,Karim Wanjiru,faith.kimani.delta3224@vg-eval.test,254-718-525693,KE,Machakos,2026-08-05T13:29:43Z,active,true,,,KILELE,
CT-045542,Caroline Njenga,david.njoroge.delta1152@vg-eval.test,025722919963,KE,Malindi,2026-02-09T20:10:40Z,active,false,,,KILELE,corrected in Sept export
CT-020187,Salma Vermeulen,david.wanjiru.delta140@vg-eval.test,254-719-293446,KE,Malindi,2026-04-09T06:27:04Z,active,false,,,KILELE,corrected in Sept export
CT-201302,Thandi Njoroge,simon.vermeulen.delta3803@vg-eval.test,+254 712 910 486,KE,Thika,2026-08-13T14:02:41Z,active,false,,,KILELE,
CT-200083,Samuel Elidrissi,nancy.mokoena.delta2584@vg-eval.test,254-730-200904,KE,Kericho,2026-08-28T08:16:05Z,active,false,,,KILELE,
CT-200233,Faith Mutua,zanele.odhiambo.delta2734@vg-eval.test,025719676444,KE,Thika,2026-08-28T05:08:04Z,active,false,,,KILELE,
CT-201238,John Pretorius,david.kamau.delta3739@vg-eval.test,+254 714 715 923,KE,Nairobi,2026-08-29T17:31:25Z,active,true,,,KILELE,
CT-018536,Joan Bennani,mercy.cheruiyot.delta2477@vg-eval.test,025728962742,KE,Nyeri,2026-03-01T13:48:55Z,active,true,,,KILELE,corrected in Sept export
CT-200916,Sipho Tazi,george.kamau.delta3417@vg-eval.test,0726409272,KE,Mombasa,2026-08-08T03:23:27Z,active,false,,,KILELE,
CT-200963,Mercy Elidrissi,rachid.dlamini.delta3464@vg-eval.test,254-721-958175,KE,Nyeri,2026-08-28T18:34:25Z,active,false,,,KILELE,
CT-200010,Fatima Njoroge,joan.kimani.delta2511@vg-eval.test,+254 728 775 602,KE,Mombasa,2026-08-18T11:20:37Z,active,false,,,KILELE,
CT-037754,James Kiptoo,daniel.njoroge.delta1972@vg-eval.test,025733219608,KE,Malindi,2026-01-07T15:03:08Z,active,true,,,KILELE,corrected in Sept export
CT-051150,Paul Nkosi,alice.kiptoo.delta1526@vg-eval.test,025707934582,KE,Nairobi,2026-02-07T22:05:47Z,active,true,,,KILELE,corrected in Sept export
CT-026467,Dennis Benali,layla.mwangi.delta1178@vg-eval.test,254-734-382862,KE,Eldoret,2026-02-04T20:31:11Z,active,false,,,KILELE,corrected in Sept export
CT-200566,Yassine Otieno,caroline.wanjiru.delta3067@vg-eval.test,+254 721 343 891,KE,Nakuru,2026-08-11T15:49:43Z,active,true,,,KILELE,
CT-201294,Ruth Nkosi,alice.zahra.delta3795@vg-eval.test,+254 738 454 940,KE,Kisumu,2026-08-28T01:07:17Z,active,true,,,KILELE,
CT-200470,Peter Odhiambo,james.haddad.delta2971@vg-eval.test,+254 710 305 561,KE,Nairobi,2026-08-01T15:38:37Z,active,true,,,KILELE,
CT-016063,Pieter Kiptoo,ann.barasa.delta2378@vg-eval.test,025732476695,KE,Kericho,2026-03-04T10:54:40Z,active,true,,,KILELE,corrected in Sept export
CT-064467,Ruth Vermeulen,faith.wanjiru.delta2319@vg-eval.test,0714952289,KE,Malindi,2026-03-21T19:25:22Z,active,false,,,KILELE,corrected in Sept export
CT-201391,Omar Naidoo,thandi.achieng.delta3892@vg-eval.test,254-727-462836,KE,Machakos,2026-08-18T11:15:32Z,active,false,,,KILELE,
CT-071499,Daniel Okoth,james.vermeulen.delta2350@vg-eval.test,025700292332,KE,Nakuru,2026-01-22T22:07:18Z,active,false,,,KILELE,corrected in Sept export
CT-034873,Esther Kimani,simon.wanjiru.delta2168@vg-eval.test,254-723-978275,KE,Eldoret,2026-02-06T03:16:06Z,active,false,,,KILELE,corrected in Sept export
CT-066113,Karim Benali,yassine.berrada.delta2003@vg-eval.test,0737163830,KE,Nairobi,2026-01-09T17:36:46Z,active,true,,,KILELE,corrected in Sept export
CT-017913,Alice Achieng,sipho.mwangi.delta528@vg-eval.test,0726465855,KE,Machakos,2026-03-10T01:30:31Z,active,true,,,KILELE,corrected in Sept export
CT-200776,Rose Vermeulen,daniel.dlamini.delta3277@vg-eval.test,0700317231,KE,Nyeri,2026-08-07T18:33:44Z,active,false,,,KILELE,
CT-200763,Ruth Kamau,layla.bennani.delta3264@vg-eval.test,254-718-645278,KE,Eldoret,2026-08-13T19:05:35Z,active,false,,,KILELE,
CT-028845,George Naidoo,layla.mokoena.delta1859@vg-eval.test,+254 703 082 800,KE,Nairobi,2026-04-02T23:36:00Z,active,false,,,KILELE,corrected in Sept export
CT-201443,Brian Dlamini,sarah.pretorius.delta3944@vg-eval.test,254-720-233758,KE,Machakos,2026-08-22T09:42:17Z,active,true,,,KILELE,
CT-017737,Grace Wanjiru,peter.tazi.delta1088@vg-eval.test,0711353448,KE,Nyeri,2026-04-03T10:13:10Z,active,true,,,KILELE,corrected in Sept export
CT-025527,Diana Alaoui,joan.bennani.delta2479@vg-eval.test,254-717-597608,KE,Kericho,2026-01-22T17:56:35Z,active,false,,,KILELE,corrected in Sept export
CT-200975,Karim Kimani,lucy.wafula.delta3476@vg-eval.test,254-714-721353,KE,Mombasa,2026-08-28T22:05:36Z,active,true,,,KILELE,
CT-052980,Isaac Elidrissi,layla.njenga.delta794@vg-eval.test,+254 704 573 409,KE,Nakuru,2026-02-28T09:32:28Z,active,true,,,KILELE,corrected in Sept export
CT-050926,Amina Alaoui,kevin.kamau.delta1186@vg-eval.test,0725747370,KE,Nyeri,2026-01-10T22:39:46Z,active,true,,,KILELE,corrected in Sept export
CT-200120,Mercy Okoth,esther.otieno.delta2621@vg-eval.test,0714531762,KE,Kericho,2026-08-17T11:49:28Z,active,true,,,KILELE,
CT-200041,Peter Haddad,rachid.kiptoo.delta2542@vg-eval.test,025714185457,KE,Nakuru,2026-08-10T03:50:37Z,active,false,,,KILELE,
CT-200197,James Zahra,kevin.tazi.delta2698@vg-eval.test,025707477280,KE,Thika,2026-08-24T13:50:28Z,active,true,,,KILELE,
CT-015893,Joan Pretorius,isaac.fassi.delta542@vg-eval.test,025705667575,KE,Kericho,2026-01-27T04:43:43Z,active,true,,,KILELE,corrected in Sept export
CT-026141,Nancy Cheruiyot,sarah.cheruiyot.delta316@vg-eval.test,0706865364,KE,Machakos,2026-02-14T19:31:51Z,active,true,,,KILELE,corrected in Sept export
CT-079677,Pieter Elidrissi,caroline.kiptoo.delta841@vg-eval.test,0724176600,KE,Kericho,2026-01-11T19:29:37Z,active,true,,,KILELE,corrected in Sept export
CT-201325,Zanele Mwangi,nomsa.elidrissi.delta3826@vg-eval.test,025723718534,KE,Kericho,2026-08-03T06:11:49Z,active,true,,,KILELE,
CT-051404,Rachid Barasa,rose.fassi.delta2482@vg-eval.test,025705982945,KE,Mombasa,2026-03-10T07:25:03Z,active,false,,,KILELE,corrected in Sept export
CT-003131,Thandi Fassi,samuel.achieng.delta425@vg-eval.test,0705374799,KE,Kericho,2026-03-21T01:16:59Z,active,true,,,KILELE,corrected in Sept export
CT-006852,Diana Alaoui,kevin.pretorius.delta1159@vg-eval.test,254-705-842268,KE,Kisumu,2026-02-04T13:20:02Z,active,false,,,KILELE,corrected in Sept export
CT-020013,Fatima Tazi,dennis.naidoo.delta377@vg-eval.test,254-700-980935,KE,Malindi,2026-04-10T01:06:39Z,active,false,,,KILELE,corrected in Sept export
CT-034464,Dennis Vermeulen,amina.kimani.delta241@vg-eval.test,254-722-787428,KE,Eldoret,2026-03-13T23:45:46Z,active,true,,,KILELE,corrected in Sept export
CT-011587,Joan Bennani,omar.njoroge.delta530@vg-eval.test,025705778227,KE,Kericho,2026-01-07T06:59:33Z,active,true,,,KILELE,corrected in Sept export
CT-062231,Nomsa Bennani,james.wafula.delta1512@vg-eval.test,025717882009,KE,Mombasa,2026-01-20T05:39:19Z,active,true,,,KILELE,corrected in Sept export
CT-023949,Rose Okoth,thandi.kimani.delta1579@vg-eval.test,025708385966,KE,Thika,2026-01-14T22:25:02Z,active,true,,,KILELE,corrected in Sept export
CT-020622,Ruth Fassi,peter.fassi.delta2182@vg-eval.test,254-736-053792,KE,Machakos,2026-04-01T19:45:16Z,active,false,,,KILELE,corrected in Sept export
CT-200535,Amina Alaoui,yassine.benali.delta3036@vg-eval.test,254-701-241737,KE,Nairobi,2026-08-03T02:06:48Z,active,true,,,KILELE,
CT-067828,Salma Vermeulen,mercy.dlamini.delta2054@vg-eval.test,0732665459,KE,Machakos,2026-01-22T05:53:54Z,active,true,,,KILELE,corrected in Sept export
CT-010518,Lucy Cheruiyot,thandi.benali.delta1573@vg-eval.test,025736330905,KE,Malindi,2026-03-19T05:49:26Z,active,true,,,KILELE,corrected in Sept export
CT-054836,Paul Wanjiru,amina.berrada.delta1040@vg-eval.test,025731251076,KE,Thika,2026-01-02T07:59:32Z,active,false,,,KILELE,corrected in Sept export
CT-018331,Lerato Elidrissi,fatima.njoroge.delta2159@vg-eval.test,0721025128,KE,Nakuru,2026-02-23T10:02:38Z,active,true,,,KILELE,corrected in Sept export
CT-061689,Simon Barasa,john.alaoui.delta788@vg-eval.test,0727218228,KE,Machakos,2026-02-01T16:25:32Z,active,true,,,KILELE,corrected in Sept export
CT-015615,John Naidoo,rose.wanjiru.delta904@vg-eval.test,0713880962,KE,Nakuru,2026-01-17T05:24:20Z,active,false,,,KILELE,corrected in Sept export
CT-027596,Omar Zahra,amina.naidoo.delta2139@vg-eval.test,+254 715 013 130,KE,Nyeri,2026-03-08T21:56:12Z,active,false,,,KILELE,corrected in Sept export
CT-053058,Michael Mwangi,salma.mwangi.delta228@vg-eval.test,+254 721 561 501,KE,Nakuru,2026-01-19T16:04:49Z,active,false,,,KILELE,corrected in Sept export
CT-015407,Ruth Vermeulen,rachid.dlamini.delta2347@vg-eval.test,254-735-154343,KE,Nakuru,2026-02-18T14:05:52Z,active,false,,,KILELE,corrected in Sept export
CT-200300,Nancy Bennani,diana.alaoui.delta2801@vg-eval.test,0707897035,KE,Mombasa,2026-08-12T23:52:31Z,active,true,,,KILELE,
CT-200893,Ann Barasa,samuel.cheruiyot.delta3394@vg-eval.test,025700663069,KE,Kisumu,2026-08-13T14:25:14Z,active,true,,,KILELE,
CT-201094,Diana Naidoo,rachid.okoth.delta3595@vg-eval.test,+254 715 154 902,KE,Eldoret,2026-08-19T11:54:40Z,active,false,,,KILELE,
CT-015727,James Pretorius,nancy.naidoo.delta459@vg-eval.test,025734917343,KE,Eldoret,2026-01-16T13:04:50Z,active,false,,,KILELE,corrected in Sept export
CT-038999,Rose Kiptoo,victor.kimani.delta112@vg-eval.test,025704126373,KE,Thika,2026-04-04T06:34:55Z,active,true,,,KILELE,corrected in Sept export
CT-201534,Esther Benali,michael.mwangi.delta4035@vg-eval.test,+254 727 489 514,KE,Mombasa,2026-08-29T22:24:52Z,active,false,,,KILELE,
CT-002305,Layla Odhiambo,daniel.mokoena.delta2079@vg-eval.test,025718362611,KE,Nairobi,2026-01-09T15:24:55Z,active,false,,,KILELE,corrected in Sept export
CT-200891,Simon Barasa,joan.wafula.delta3392@vg-eval.test,254-719-061521,KE,Mombasa,2026-08-22T03:13:43Z,active,false,,,KILELE,
CT-005114,Fatima Mutua,david.mutua.delta2239@vg-eval.test,+254 738 101 310,KE,Nyeri,2026-04-08T23:34:09Z,active,true,,,KILELE,corrected in Sept export
CT-051926,Kevin Pretorius,ruth.odhiambo.delta2385@vg-eval.test,025738328799,KE,Malindi,2026-04-07T06:50:32Z,active,false,,,KILELE,corrected in Sept export
CT-076079,Rose Kimani,mercy.kiptoo.delta483@vg-eval.test,+254 709 413 694,KE,Nakuru,2026-04-02T14:54:25Z,active,false,,,KILELE,corrected in Sept export
CT-040424,Simon Alaoui,nomsa.kiptoo.delta1789@vg-eval.test,0714963168,KE,Nyeri,2026-03-16T19:28:23Z,active,true,,,KILELE,corrected in Sept export
CT-007655,Samuel Vermeulen,george.mokoena.delta713@vg-eval.test,0716406800,KE,Nyeri,2026-01-06T10:47:19Z,active,true,,,KILELE,corrected in Sept export
CT-075770,Faith Alaoui,ruth.mwangi.delta879@vg-eval.test,0700784679,KE,Mombasa,2026-01-16T02:05:21Z,active,true,,,KILELE,corrected in Sept export
CT-073265,Kevin Odhiambo,karim.mutua.delta75@vg-eval.test,+254 702 454 297,KE,Thika,2026-03-20T01:12:00Z,active,false,,,KILELE,corrected in Sept export
CT-033445,Samuel Dlamini,faith.achieng.delta1589@vg-eval.test,025703947883,KE,Machakos,2026-03-13T01:01:22Z,active,false,,,KILELE,corrected in Sept export
CT-054323,Salma Benali,john.mutua.delta1027@vg-eval.test,025728530755,KE,Machakos,2026-03-14T02:00:40Z,active,true,,,KILELE,corrected in Sept export
CT-200599,Diana Alaoui,grace.mutua.delta3100@vg-eval.test,254-705-392051,KE,Eldoret,2026-08-28T04:13:00Z,active,true,,,KILELE,
CT-071124,Nancy Otieno,michael.nkosi.delta634@vg-eval.test,0733730811,KE,Malindi,2026-01-02T23:57:50Z,active,false,,,KILELE,corrected in Sept export
CT-013288,Sarah Wanjiru,david.haddad.delta2377@vg-eval.test,025738216853,KE,Nyeri,2026-01-13T01:44:24Z,active,true,,,KILELE,corrected in Sept export
CT-035117,Amina Bennani,salma.pretorius.delta759@vg-eval.test,025738161800,KE,Malindi,2026-01-20T08:28:59Z,active,true,,,KILELE,corrected in Sept export
CT-057845,Peter Mwangi,grace.benali.delta1024@vg-eval.test,0722967998,KE,Kisumu,2026-04-06T18:07:20Z,active,false,,,KILELE,corrected in Sept export
CT-200689,Yassine Barasa,paul.kamau.delta3190@vg-eval.test,025707990097,KE,Nairobi,2026-08-10T05:49:01Z,active,false,,,KILELE,
CT-200931,George Mokoena,zanele.fassi.delta3432@vg-eval.test,254-714-109984,KE,Malindi,2026-08-11T02:08:13Z,active,true,,,KILELE,
CT-048897,Sipho Wanjiru,george.wanjiru.delta1429@vg-eval.test,0726918529,KE,Thika,2026-01-25T01:29:02Z,active,false,,,KILELE,corrected in Sept export
CT-053836,Sipho Benali,esther.cheruiyot.delta646@vg-eval.test,+254 734 082 362,KE,Nyeri,2026-04-09T08:50:35Z,active,true,,,KILELE,corrected in Sept export
CT-035170,Rose Haddad,james.tazi.delta1620@vg-eval.test,025708555924,KE,Mombasa,2026-02-28T15:47:43Z,active,false,,,KILELE,corrected in Sept export
CT-076799,George Benali,sarah.mwangi.delta705@vg-eval.test,025729603922,KE,Kisumu,2026-02-28T01:25:40Z,active,true,,,KILELE,corrected in Sept export
CT-066937,Zanele Okoth,faith.barasa.delta1980@vg-eval.test,025713755793,KE,Nyeri,2026-01-27T08:03:07Z,active,false,,,KILELE,corrected in Sept export
CT-059706,Sarah Tazi,thandi.naidoo.delta1141@vg-eval.test,025720703296,KE,Kisumu,2026-04-11T14:22:41Z,active,false,,,KILELE,corrected in Sept export
CT-047422,Simon Achieng,fatima.kimani.delta1093@vg-eval.test,025723854190,KE,Kericho,2026-03-28T14:34:57Z,active,false,,,KILELE,corrected in Sept export
CT-201422,Nancy Bennani,peter.kiptoo.delta3923@vg-eval.test,+254 731 230 171,KE,Malindi,2026-08-13T23:45:21Z,active,true,,,KILELE,
CT-061546,Paul Haddad,david.mwangi.delta174@vg-eval.test,025732854012,KE,Kisumu,2026-02-14T11:50:45Z,active,true,,,KILELE,corrected in Sept export
CT-201097,Lerato Odhiambo,david.kamau.delta3598@vg-eval.test,025705424792,KE,Kisumu,2026-08-30T03:31:14Z,active,true,,,KILELE,
CT-200668,Thandi Mokoena,ruth.achieng.delta3169@vg-eval.test,0723569951,KE,Kisumu,2026-08-01T18:42:21Z,active,true,,,KILELE,
CT-201581,Victor Vermeulen,omar.benali.delta4082@vg-eval.test,025717373937,KE,Nakuru,2026-08-18T18:20:58Z,active,true,,,KILELE,
CT-032860,Johan Zahra,salma.mwangi.delta922@vg-eval.test,025704128577,KE,Kericho,2026-03-01T06:25:09Z,active,false,,,KILELE,corrected in Sept export
CT-062397,David Kamau,dennis.tazi.delta2467@vg-eval.test,025729662156,KE,Nairobi,2026-03-11T15:50:56Z,active,true,,,KILELE,corrected in Sept export
CT-200750,Sarah Tazi,nancy.otieno.delta3251@vg-eval.test,+254 714 081 723,KE,Mombasa,2026-08-24T23:12:32Z,active,true,,,KILELE,
CT-201440,Brian Naidoo,alice.berrada.delta3941@vg-eval.test,0711843635,KE,Kericho,2026-08-02T03:11:58Z,active,false,,,KILELE,
CT-200918,Yassine Fassi,john.haddad.delta3419@vg-eval.test,+254 701 102 643,KE,Nairobi,2026-08-30T01:29:37Z,active,true,,,KILELE,
CT-200654,Diana Naidoo,esther.nkosi.delta3155@vg-eval.test,+254 726 121 737,KE,Nyeri,2026-08-08T20:22:43Z,active,true,,,KILELE,
CT-076478,Caroline Tazi,diana.barasa.delta2201@vg-eval.test,025708030679,KE,Thika,2026-03-28T12:23:29Z,active,true,,,KILELE,corrected in Sept export
CT-200984,George Dlamini,ruth.wafula.delta3485@vg-eval.test,0715187994,KE,Nairobi,2026-08-05T11:44:12Z,active,false,,,KILELE,
CT-077610,Kevin Benali,nomsa.mutua.delta2363@vg-eval.test,025704708108,KE,Eldoret,2026-01-11T02:47:06Z,active,false,,,KILELE,corrected in Sept export
CT-201579,Mary Wanjiru,joan.haddad.delta4080@vg-eval.test,254-726-384346,KE,Nyeri,2026-08-22T03:41:28Z,active,false,,,KILELE,
CT-201432,Paul Elidrissi,nomsa.odhiambo.delta3933@vg-eval.test,0733907824,KE,Mombasa,2026-08-24T23:11:50Z,active,false,,,KILELE,
CT-051936,Fatima Barasa,karim.otieno.delta527@vg-eval.test,0718935979,KE,Malindi,2026-01-14T16:57:32Z,active,true,,,KILELE,corrected in Sept export
CT-201315,Joan Okoth,paul.wafula.delta3816@vg-eval.test,254-711-889167,KE,Nairobi,2026-08-03T01:37:37Z,active,false,,,KILELE,
CT-000965,Thandi Tazi,ruth.vermeulen.delta1733@vg-eval.test,254-706-842169,KE,Kisumu,2026-03-23T09:15:22Z,active,false,,,KILELE,corrected in Sept export
CT-200818,Faith Elidrissi,george.mwangi.delta3319@vg-eval.test,+254 710 087 413,KE,Kericho,2026-08-02T11:47:05Z,active,true,,,KILELE,
CT-072251,Amina Pretorius,david.berrada.delta2203@vg-eval.test,0715475424,KE,Thika,2026-04-17T07:40:31Z,active,true,,,KILELE,corrected in Sept export
CT-002320,Fatima Vermeulen,john.haddad.delta255@vg-eval.test,0706252730,KE,Malindi,2026-03-19T08:08:27Z,active,false,,,KILELE,corrected in Sept export
CT-051284,Thandi Njenga,ann.vermeulen.delta1227@vg-eval.test,254-720-717021,KE,Thika,2026-03-19T05:31:37Z,active,false,,,KILELE,corrected in Sept export
CT-058043,Samuel Okoth,salma.njoroge.delta2196@vg-eval.test,0701083486,KE,Machakos,2026-03-06T18:52:48Z,active,false,,,KILELE,corrected in Sept export
CT-009266,Mercy Kamau,caroline.dlamini.delta2175@vg-eval.test,025717375241,KE,Malindi,2026-04-15T13:24:16Z,active,true,,,KILELE,corrected in Sept export
CT-200091,Lerato Fassi,paul.fassi.delta2592@vg-eval.test,254-719-285042,KE,Machakos,2026-08-15T08:25:28Z,active,true,,,KILELE,
CT-200346,Zanele Mokoena,rose.mokoena.delta2847@vg-eval.test,+254 727 475 077,KE,Malindi,2026-08-17T09:47:31Z,active,false,,,KILELE,
CT-022454,Grace Kiptoo,johan.berrada.delta2045@vg-eval.test,+254 720 100 429,KE,Malindi,2026-03-05T18:31:12Z,active,false,,,KILELE,corrected in Sept export
CT-030079,Kevin Okoth,peter.haddad.delta1659@vg-eval.test,+254 736 201 461,KE,Nyeri,2026-02-12T09:18:14Z,active,true,,,KILELE,corrected in Sept export
CT-200411,Dennis Dlamini,dennis.otieno.delta2912@vg-eval.test,254-703-236325,KE,Kisumu,2026-08-05T19:49:38Z,active,true,,,KILELE,
CT-033552,Lucy Haddad,faith.pretorius.delta1320@vg-eval.test,025716385088,KE,Nyeri,2026-02-18T01:42:21Z,active,false,,,KILELE,corrected in Sept export
CT-201510,Samuel Mwangi,nancy.mwangi.delta4011@vg-eval.test,+254 708 847 463,KE,Machakos,2026-08-28T17:13:56Z,active,true,,,KILELE,
CT-200706,Caroline Elidrissi,yassine.mokoena.delta3207@vg-eval.test,+254 701 622 158,KE,Nyeri,2026-08-05T23:23:04Z,active,true,,,KILELE,
CT-021489,John Kiptoo,diana.dlamini.delta2134@vg-eval.test,025707872344,KE,Nairobi,2026-01-18T17:31:24Z,active,false,,,KILELE,corrected in Sept export
CT-046484,Pieter Pretorius,fatima.zahra.delta385@vg-eval.test,254-736-002549,KE,Nairobi,2026-04-17T15:52:41Z,active,false,,,KILELE,corrected in Sept export
CT-040875,Pieter Naidoo,layla.njenga.delta1106@vg-eval.test,025710169375,KE,Kisumu,2026-03-23T16:46:52Z,active,true,,,KILELE,corrected in Sept export
CT-200595,Simon Kamau,rose.benali.delta3096@vg-eval.test,254-726-650406,KE,Kisumu,2026-08-10T11:53:26Z,active,true,,,KILELE,
CT-000468,Paul Mokoena,george.odhiambo.delta1647@vg-eval.test,025718946024,KE,Kericho,2026-04-10T07:45:50Z,active,false,,,KILELE,corrected in Sept export
CT-201095,John Nkosi,alice.cheruiyot.delta3596@vg-eval.test,254-700-844409,KE,Nakuru,2026-08-18T11:06:13Z,active,true,,,KILELE,
CT-055755,Diana Haddad,peter.elidrissi.delta1993@vg-eval.test,025710150942,KE,Kericho,2026-02-05T11:13:25Z,active,false,,,KILELE,corrected in Sept export
CT-006595,George Wanjiru,nancy.nkosi.delta786@vg-eval.test,025733013128,KE,Machakos,2026-03-29T06:00:12Z,active,false,,,KILELE,corrected in Sept export
CT-200476,Michael Bennani,george.wanjiru.delta2977@vg-eval.test,0721919254,KE,Nairobi,2026-08-21T13:37:18Z,active,false,,,KILELE,
CT-201629,Kevin Wanjiru,sarah.tazi.delta4130@vg-eval.test,025710497551,KE,Machakos,2026-08-25T17:33:38Z,active,true,,,KILELE,
CT-017434,Peter Zahra,james.fassi.delta1224@vg-eval.test,254-728-668126,KE,Machakos,2026-03-25T00:41:45Z,active,false,,,KILELE,corrected in Sept export
CT-058370,Fatima Achieng,lerato.tazi.delta231@vg-eval.test,254-733-964252,KE,Nairobi,2026-01-30T15:30:50Z,active,false,,,KILELE,corrected in Sept export
CT-071694,Victor Dlamini,thandi.bennani.delta1184@vg-eval.test,0717175278,KE,Machakos,2026-02-22T14:17:01Z,active,false,,,KILELE,corrected in Sept export
CT-042882,Caroline Zahra,michael.kamau.delta414@vg-eval.test,0720241682,KE,Mombasa,2026-01-06T19:31:30Z,active,false,,,KILELE,corrected in Sept export
CT-200745,Lerato Njenga,mary.zahra.delta3246@vg-eval.test,025711605421,KE,Mombasa,2026-08-06T06:05:15Z,active,true,,,KILELE,
CT-054940,Isaac Fassi,dennis.mwangi.delta491@vg-eval.test,254-730-676498,KE,Nyeri,2026-02-01T15:46:13Z,active,false,,,KILELE,corrected in Sept export
CT-200228,James Bennani,faith.njoroge.delta2729@vg-eval.test,0706493650,KE,Eldoret,2026-08-13T20:39:28Z,active,true,,,KILELE,
CT-023807,George Naidoo,sarah.alaoui.delta454@vg-eval.test,0731036396,KE,Mombasa,2026-01-29T11:31:10Z,active,true,,,KILELE,corrected in Sept export
CT-200163,Ann Naidoo,johan.haddad.delta2664@vg-eval.test,254-702-567536,KE,Nyeri,2026-08-19T11:40:37Z,active,false,,,KILELE,
CT-066578,Isaac Njenga,mercy.elidrissi.delta1468@vg-eval.test,+254 713 862 283,KE,Kisumu,2026-03-20T15:20:23Z,active,true,,,KILELE,corrected in Sept export
CT-079998,Rose Achieng,johan.okoth.delta2065@vg-eval.test,254-709-046129,KE,Eldoret,2026-02-05T20:23:26Z,active,true,,,KILELE,corrected in Sept export
CT-066059,Rose Wafula,lucy.mutua.delta1796@vg-eval.test,025738217085,KE,Nakuru,2026-03-29T20:35:35Z,active,true,,,KILELE,corrected in Sept export
CT-201650,Esther Zahra,grace.haddad.delta4151@vg-eval.test,+254 731 881 746,KE,Thika,2026-08-19T18:25:19Z,active,true,,,KILELE,
CT-069044,Nomsa Kimani,joan.njenga.delta1634@vg-eval.test,+254 713 830 424,KE,Machakos,2026-03-11T10:54:55Z,active,true,,,KILELE,corrected in Sept export
CT-200034,Daniel Okoth,amina.cheruiyot.delta2535@vg-eval.test,+254 730 168 435,KE,Mombasa,2026-08-02T19:41:48Z,active,true,,,KILELE,
CT-025784,Daniel Mwangi,mary.dlamini.delta417@vg-eval.test,025729373259,KE,Nyeri,2026-01-08T06:23:25Z,active,false,,,KILELE,corrected in Sept export
CT-200293,Karim Vermeulen,mercy.otieno.delta2794@vg-eval.test,025717041448,KE,Nyeri,2026-08-03T18:55:03Z,active,true,,,KILELE,
CT-201054,Yassine Naidoo,george.odhiambo.delta3555@vg-eval.test,+254 731 277 534,KE,Machakos,2026-08-27T05:53:01Z,active,true,,,KILELE,
CT-201609,Isaac Fassi,yassine.odhiambo.delta4110@vg-eval.test,025720119735,KE,Nyeri,2026-08-06T02:37:05Z,active,false,,,KILELE,
CT-029495,Kevin Nkosi,mary.wafula.delta464@vg-eval.test,0710261533,KE,Mombasa,2026-04-08T06:15:04Z,active,false,,,KILELE,corrected in Sept export
CT-070668,Michael Kimani,mary.okoth.delta233@vg-eval.test,254-725-903497,KE,Eldoret,2026-01-08T17:22:22Z,active,false,,,KILELE,corrected in Sept export
CT-200393,James Okoth,dennis.njoroge.delta2894@vg-eval.test,025721492748,KE,Nakuru,2026-08-17T04:47:19Z,active,false,,,KILELE,
CT-053761,Omar Haddad,salma.vermeulen.delta858@vg-eval.test,+254 728 319 423,KE,Mombasa,2026-02-18T23:49:49Z,active,false,,,KILELE,corrected in Sept export
CT-201631,Grace Zahra,omar.naidoo.delta4132@vg-eval.test,254-727-793829,KE,Eldoret,2026-08-08T13:22:00Z,active,false,,,KILELE,
CT-028279,John Njenga,david.benali.delta619@vg-eval.test,254-707-142107,KE,Kisumu,2026-02-24T13:31:17Z,active,false,,,KILELE,corrected in Sept export
CT-200325,Thandi Bennani,lerato.fassi.delta2826@vg-eval.test,025738343028,KE,Mombasa,2026-08-24T13:57:26Z,active,true,,,KILELE,
CT-200933,Amina Fassi,joan.alaoui.delta3434@vg-eval.test,025734335143,KE,Nairobi,2026-08-06T08:29:42Z,active,true,,,KILELE,
CT-200374,Faith Wanjiru,fatima.njenga.delta2875@vg-eval.test,+254 703 395 480,KE,Machakos,2026-08-15T06:24:27Z,active,false,,,KILELE,
CT-201653,Michael Nkosi,caroline.cheruiyot.delta4154@vg-eval.test,025713289135,KE,Malindi,2026-08-04T23:00:02Z,active,false,,,KILELE,
CT-200653,Lucy Elidrissi,michael.mokoena.delta3154@vg-eval.test,025735778726,KE,Nakuru,2026-08-31T13:00:17Z,active,false,,,KILELE,
CT-049623,Caroline Vermeulen,samuel.okoth.delta2204@vg-eval.test,025723285190,KE,Thika,2026-04-12T05:31:15Z,active,false,,,KILELE,corrected in Sept export
CT-060845,Amina Wafula,john.mwangi.delta2024@vg-eval.test,0729754436,KE,Nakuru,2026-01-27T08:35:12Z,active,true,,,KILELE,corrected in Sept export
CT-201064,Mercy Mutua,michael.berrada.delta3565@vg-eval.test,0729496263,KE,Mombasa,2026-08-06T14:41:43Z,active,true,,,KILELE,
CT-007463,Brian Kamau,pieter.achieng.delta325@vg-eval.test,0723604409,KE,Nairobi,2026-03-16T20:53:03Z,active,false,,,KILELE,corrected in Sept export
CT-201000,Grace Achieng,alice.odhiambo.delta3501@vg-eval.test,0704029103,KE,Eldoret,2026-08-22T00:50:23Z,active,false,,,KILELE,
CT-201411,Kevin Benali,yassine.bennani.delta3912@vg-eval.test,254-709-402403,KE,Thika,2026-08-20T16:11:37Z,active,false,,,KILELE,
CT-201066,Mary Alaoui,david.berrada.delta3567@vg-eval.test,+254 703 724 731,KE,Nairobi,2026-08-20T22:51:54Z,active,true,,,KILELE,
CT-200762,John Fassi,layla.njenga.delta3263@vg-eval.test,+254 722 177 863,KE,Nyeri,2026-08-23T00:54:44Z,active,true,,,KILELE,
CT-023820,Salma Zahra,mary.pretorius.delta1399@vg-eval.test,0710258600,KE,Machakos,2026-01-16T16:51:05Z,active,false,,,KILELE,corrected in Sept export
CT-201050,George Haddad,peter.pretorius.delta3551@vg-eval.test,+254 711 763 651,KE,Mombasa,2026-08-24T16:10:14Z,active,true,,,KILELE,
CT-066977,Samuel Wafula,diana.benali.delta1176@vg-eval.test,0733928551,KE,Mombasa,2026-01-14T18:19:20Z,active,true,,,KILELE,corrected in Sept export
CT-201092,Mary Mwangi,daniel.pretorius.delta3593@vg-eval.test,0736392037,KE,Kericho,2026-08-26T01:20:42Z,active,false,,,KILELE,
CT-200343,David Bennani,john.alaoui.delta2844@vg-eval.test,254-717-541050,KE,Machakos,2026-08-04T10:22:43Z,active,true,,,KILELE,
CT-201226,Pieter Odhiambo,zanele.kimani.delta3727@vg-eval.test,+254 733 692 721,KE,Nairobi,2026-08-01T07:48:35Z,active,false,,,KILELE,
CT-001820,Kevin Mwangi,simon.mutua.delta745@vg-eval.test,+254 737 921 696,KE,Eldoret,2026-01-06T22:23:50Z,active,false,,,KILELE,corrected in Sept export
CT-201022,David Elidrissi,david.elidrissi.delta3523@vg-eval.test,+254 708 905 212,KE,Mombasa,2026-08-23T05:31:40Z,active,true,,,KILELE,
CT-200248,Caroline Cheruiyot,paul.dlamini.delta2749@vg-eval.test,0722345950,KE,Nairobi,2026-08-30T06:10:56Z,active,false,,,KILELE,
CT-200965,Nancy Kiptoo,daniel.mokoena.delta3466@vg-eval.test,025739687741,KE,Nyeri,2026-08-03T09:28:01Z,active,true,,,KILELE,
CT-200269,Ann Kamau,johan.bennani.delta2770@vg-eval.test,025728740990,KE,Eldoret,2026-08-19T12:45:15Z,active,false,,,KILELE,
CT-200949,Karim Haddad,grace.haddad.delta3450@vg-eval.test,025711354769,KE,Nairobi,2026-08-16T18:59:31Z,active,true,,,KILELE,
CT-075170,Salma Bennani,diana.pretorius.delta25@vg-eval.test,025726576116,KE,Nairobi,2026-01-07T12:30:24Z,active,true,,,KILELE,corrected in Sept export
CT-201042,Omar Bennani,john.mutua.delta3543@vg-eval.test,+254 709 207 731,KE,Mombasa,2026-08-21T11:30:16Z,active,true,,,KILELE,
CT-066145,Nancy Cheruiyot,paul.fassi.delta1359@vg-eval.test,+254 716 981 330,KE,Thika,2026-02-09T04:15:59Z,active,true,,,KILELE,corrected in Sept export
CT-039870,Ruth Berrada,fatima.benali.delta2105@vg-eval.test,025704737515,KE,Nyeri,2026-02-15T13:14:03Z,active,false,,,KILELE,corrected in Sept export
CT-071112,Brian Barasa,dennis.cheruiyot.delta462@vg-eval.test,025722409611,KE,Eldoret,2026-04-05T01:21:03Z,active,true,,,KILELE,corrected in Sept export
CT-065809,Rose Achieng,kevin.cheruiyot.delta1911@vg-eval.test,0718963875,KE,Eldoret,2026-02-21T14:52:10Z,active,false,,,KILELE,corrected in Sept export
CT-067172,Daniel Kimani,nomsa.achieng.delta327@vg-eval.test,0729770229,KE,Machakos,2026-04-15T08:14:07Z,active,false,,,KILELE,corrected in Sept export
CT-200125,Brian Odhiambo,grace.mokoena.delta2626@vg-eval.test,025708066273,KE,Eldoret,2026-08-09T17:02:55Z,active,false,,,KILELE,
CT-201655,Lerato Fassi,david.kimani.delta4156@vg-eval.test,254-706-359949,KE,Kisumu,2026-08-04T14:24:28Z,active,true,,,KILELE,
CT-201369,Esther Haddad,esther.otieno.delta3870@vg-eval.test,025700592239,KE,Kisumu,2026-08-03T14:55:36Z,active,true,,,KILELE,
CT-200251,Rachid Nkosi,layla.zahra.delta2752@vg-eval.test,254-737-925732,KE,Eldoret,2026-08-12T00:09:48Z,active,true,,,KILELE,
CT-056582,Sipho Naidoo,omar.nkosi.delta2154@vg-eval.test,0711115126,KE,Nakuru,2026-01-04T04:21:02Z,active,true,,,KILELE,corrected in Sept export
CT-201401,Johan Kimani,pieter.benali.delta3902@vg-eval.test,025726068810,KE,Mombasa,2026-08-13T12:38:58Z,active,false,,,KILELE,
CT-200321,Kevin Njenga,lerato.wanjiru.delta2822@vg-eval.test,025730957232,KE,Mombasa,2026-08-04T15:03:17Z,active,false,,,KILELE,
CT-020717,Peter Cheruiyot,layla.achieng.delta1280@vg-eval.test,254-739-539894,KE,Thika,2026-04-16T09:54:54Z,active,false,,,KILELE,corrected in Sept export
CT-053780,Sipho Njenga,rachid.wanjiru.delta1722@vg-eval.test,0714369801,KE,Thika,2026-01-01T08:58:32Z,active,true,,,KILELE,corrected in Sept export
CT-066404,Victor Dlamini,grace.njoroge.delta724@vg-eval.test,025716105847,KE,Kisumu,2026-01-31T23:23:08Z,active,true,,,KILELE,corrected in Sept export
CT-006760,Layla Berrada,ruth.zahra.delta1043@vg-eval.test,254-728-066269,KE,Thika,2026-03-05T14:04:09Z,active,true,,,KILELE,corrected in Sept export
CT-067395,Mary Otieno,layla.fassi.delta481@vg-eval.test,0731527516,KE,Eldoret,2026-01-03T12:48:11Z,active,false,,,KILELE,corrected in Sept export
CT-201007,Michael Fassi,caroline.mokoena.delta3508@vg-eval.test,254-704-246260,KE,Machakos,2026-08-23T11:14:07Z,active,false,,,KILELE,
CT-200799,David Odhiambo,simon.kiptoo.delta3300@vg-eval.test,254-717-584373,KE,Nyeri,2026-08-09T03:59:31Z,active,false,,,KILELE,
CT-034138,Salma Mutua,john.elidrissi.delta2307@vg-eval.test,254-736-205469,KE,Malindi,2026-04-01T18:36:48Z,active,true,,,KILELE,corrected in Sept export
CT-010568,Pieter Naidoo,simon.bennani.delta1137@vg-eval.test,0709456065,KE,Mombasa,2026-01-22T21:40:50Z,active,true,,,KILELE,corrected in Sept export
CT-201067,Grace Wanjiru,james.wanjiru.delta3568@vg-eval.test,254-724-887457,KE,Thika,2026-08-22T15:45:15Z,active,false,,,KILELE,
CT-200106,Ann Kiptoo,pieter.achieng.delta2607@vg-eval.test,+254 718 744 530,KE,Mombasa,2026-08-08T07:53:25Z,active,false,,,KILELE,
CT-080703,Omar Kimani,caroline.kamau.delta2444@vg-eval.test,025737272946,KE,Kisumu,2026-03-23T14:21:44Z,active,false,,,KILELE,corrected in Sept export
CT-023011,Paul Alaoui,george.nkosi.delta205@vg-eval.test,254-719-841705,KE,Mombasa,2026-01-06T15:15:50Z,active,false,,,KILELE,corrected in Sept export
CT-069867,Sipho Dlamini,karim.fassi.delta2225@vg-eval.test,254-733-715910,KE,Mombasa,2026-03-02T20:03:55Z,active,false,,,KILELE,corrected in Sept export
CT-076436,Caroline Cheruiyot,sarah.dlamini.delta1948@vg-eval.test,254-730-258218,KE,Nakuru,2026-04-17T05:28:00Z,active,false,,,KILELE,corrected in Sept export
CT-200123,Paul Njenga,paul.fassi.delta2624@vg-eval.test,254-717-872079,KE,Nairobi,2026-08-11T09:11:29Z,active,true,,,KILELE,
CT-037932,Nomsa Elidrissi,esther.otieno.delta522@vg-eval.test,+254 724 344 109,KE,Kericho,2026-02-28T04:12:20Z,active,false,,,KILELE,corrected in Sept export
CT-036012,Ruth Bennani,simon.pretorius.delta1117@vg-eval.test,254-706-844033,KE,Kericho,2026-01-17T01:15:16Z,active,true,,,KILELE,corrected in Sept export
CT-200142,Isaac Achieng,layla.kiptoo.delta2643@vg-eval.test,+254 726 541 206,KE,Kisumu,2026-08-04T12:39:46Z,active,false,,,KILELE,
CT-037241,James Achieng,john.bennani.delta2096@vg-eval.test,025712211977,KE,Nairobi,2026-01-10T07:09:51Z,active,true,,,KILELE,corrected in Sept export
CT-053721,Pieter Haddad,layla.elidrissi.delta1817@vg-eval.test,025731541000,KE,Kericho,2026-01-23T20:00:24Z,active,true,,,KILELE,corrected in Sept export
CT-038785,Joan Naidoo,rose.alaoui.delta1311@vg-eval.test,0722836315,KE,Eldoret,2026-01-28T19:17:23Z,active,false,,,KILELE,corrected in Sept export
CT-075284,Michael Kiptoo,nancy.otieno.delta1354@vg-eval.test,0734923715,KE,Machakos,2026-04-08T14:16:32Z,active,true,,,KILELE,corrected in Sept export
CT-019623,Yassine Zahra,victor.pretorius.delta11@vg-eval.test,0721525866,KE,Machakos,2026-04-09T04:24:57Z,active,true,,,KILELE,corrected in Sept export
CT-039995,Alice Njoroge,joan.kimani.delta59@vg-eval.test,0729794815,KE,Eldoret,2026-01-09T00:57:24Z,active,true,,,KILELE,corrected in Sept export
CT-201235,Mercy Njenga,esther.achieng.delta3736@vg-eval.test,254-709-938657,KE,Thika,2026-08-06T03:54:05Z,active,false,,,KILELE,
CT-200863,Layla Cheruiyot,nancy.vermeulen.delta3364@vg-eval.test,254-707-410257,KE,Machakos,2026-08-11T06:37:24Z,active,false,,,KILELE,
CT-200285,Sipho Kamau,simon.achieng.delta2786@vg-eval.test,025704709011,KE,Mombasa,2026-08-22T12:50:58Z,active,false,,,KILELE,
CT-010893,Faith Pretorius,faith.mutua.delta2279@vg-eval.test,025712942009,KE,Nyeri,2026-04-12T17:43:18Z,active,false,,,KILELE,corrected in Sept export
CT-069251,Alice Pretorius,caroline.cheruiyot.delta274@vg-eval.test,0719578083,KE,Eldoret,2026-03-29T23:13:12Z,active,false,,,KILELE,corrected in Sept export
CT-029885,Paul Bennani,george.elidrissi.delta2124@vg-eval.test,025700190255,KE,Nakuru,2026-01-05T18:02:05Z,active,false,,,KILELE,corrected in Sept export
CT-011000,George Bennani,rose.kiptoo.delta202@vg-eval.test,025733385798,KE,Eldoret,2026-03-23T19:12:17Z,active,true,,,KILELE,corrected in Sept export
CT-004577,Kevin Naidoo,esther.njenga.delta336@vg-eval.test,+254 726 530 726,KE,Thika,2026-01-22T03:56:28Z,active,false,,,KILELE,corrected in Sept export
CT-080727,Kevin Pretorius,zanele.cheruiyot.delta1687@vg-eval.test,+254 717 316 841,KE,Machakos,2026-02-04T06:43:25Z,active,false,,,KILELE,corrected in Sept export
CT-078484,Pieter Mutua,simon.haddad.delta1508@vg-eval.test,025711704450,KE,Kisumu,2026-03-24T00:13:03Z,active,false,,,KILELE,corrected in Sept export
CT-200294,Kevin Mwangi,michael.wafula.delta2795@vg-eval.test,+254 732 813 604,KE,Kericho,2026-08-26T02:06:59Z,active,false,,,KILELE,
CT-201088,Nancy Kimani,george.mokoena.delta3589@vg-eval.test,0735181340,KE,Mombasa,2026-08-30T21:00:38Z,active,true,,,KILELE,
CT-068502,Faith Mutua,karim.kimani.delta2401@vg-eval.test,254-727-249559,KE,Kisumu,2026-04-15T11:24:05Z,active,true,,,KILELE,corrected in Sept export
CT-201548,Salma Achieng,zanele.kamau.delta4049@vg-eval.test,0712134582,KE,Malindi,2026-08-13T07:19:40Z,active,true,,,KILELE,
CT-068817,Caroline Kimani,faith.odhiambo.delta2365@vg-eval.test,+254 732 851 359,KE,Eldoret,2026-04-11T03:12:15Z,active,false,,,KILELE,corrected in Sept export
CT-001161,Michael Elidrissi,faith.njenga.delta499@vg-eval.test,0736988860,KE,Nairobi,2026-01-07T22:06:09Z,active,false,,,KILELE,corrected in Sept export
CT-201616,Grace Mwangi,sarah.tazi.delta4117@vg-eval.test,0737646097,KE,Malindi,2026-08-14T07:16:34Z,active,false,,,KILELE,
CT-030803,Isaac Vermeulen,ruth.fassi.delta901@vg-eval.test,025719600141,KE,Eldoret,2026-02-25T01:17:46Z,active,false,,,KILELE,corrected in Sept export
CT-049870,David Bennani,samuel.cheruiyot.delta1926@vg-eval.test,0709187389,KE,Kisumu,2026-02-17T01:10:38Z,active,true,,,KILELE,corrected in Sept export
CT-041500,Kevin Naidoo,caroline.dlamini.delta387@vg-eval.test,025702451335,KE,Kericho,2026-02-23T00:19:32Z,active,true,,,KILELE,corrected in Sept export
CT-201676,Diana Njoroge,samuel.mutua.delta4177@vg-eval.test,0719765505,KE,Nyeri,2026-08-27T01:41:06Z,active,false,,,KILELE,
CT-200313,Johan Vermeulen,rachid.alaoui.delta2814@vg-eval.test,025713763899,KE,Nairobi,2026-08-28T18:49:29Z,active,false,,,KILELE,
CT-020140,Karim Njenga,isaac.wanjiru.delta2304@vg-eval.test,0706382781,KE,Nakuru,2026-02-08T09:16:34Z,active,true,,,KILELE,corrected in Sept export
CT-045057,Paul Elidrissi,george.pretorius.delta1477@vg-eval.test,+254 719 479 375,KE,Eldoret,2026-03-23T23:10:01Z,active,true,,,KILELE,corrected in Sept export
CT-024736,Brian Fassi,ann.njoroge.delta683@vg-eval.test,0718265625,KE,Malindi,2026-02-02T00:43:46Z,active,true,,,KILELE,corrected in Sept export
CT-200304,Nomsa Pretorius,amina.wanjiru.delta2805@vg-eval.test,0711615169,KE,Kericho,2026-08-22T23:30:45Z,active,false,,,KILELE,
CT-201002,Pieter Otieno,pieter.fassi.delta3503@vg-eval.test,+254 732 617 452,KE,Mombasa,2026-08-29T11:08:19Z,active,true,,,KILELE,
CT-200716,James Elidrissi,victor.pretorius.delta3217@vg-eval.test,0739658571,KE,Machakos,2026-08-13T22:29:51Z,active,false,,,KILELE,
CT-200208,George Kamau,kevin.naidoo.delta2709@vg-eval.test,0731796975,KE,Nyeri,2026-08-29T23:07:02Z,active,false,,,KILELE,
CT-201598,Thandi Kimani,james.achieng.delta4099@vg-eval.test,+254 715 342 856,KE,Kisumu,2026-08-26T10:28:23Z,active,true,,,KILELE,
CT-070406,Esther Odhiambo,salma.tazi.delta1735@vg-eval.test,+254 725 231 416,KE,Mombasa,2026-03-06T22:32:06Z,active,true,,,KILELE,corrected in Sept export
CT-041009,Omar Pretorius,faith.zahra.delta5@vg-eval.test,254-716-313758,KE,Nairobi,2026-03-10T21:14:53Z,active,false,,,KILELE,corrected in Sept export
CT-016831,Amina Cheruiyot,lerato.vermeulen.delta2212@vg-eval.test,254-705-992231,KE,Nyeri,2026-04-04T17:44:36Z,active,false,,,KILELE,corrected in Sept export
CT-200365,Simon Wafula,lucy.naidoo.delta2866@vg-eval.test,025733209824,KE,Mombasa,2026-08-14T09:42:48Z,active,true,,,KILELE,
CT-056703,Michael Dlamini,michael.njenga.delta1832@vg-eval.test,+254 735 013 576,KE,Eldoret,2026-03-08T11:55:58Z,active,true,,,KILELE,corrected in Sept export
CT-070640,Diana Naidoo,fatima.achieng.delta884@vg-eval.test,0715065126,KE,Nakuru,2026-01-22T19:37:33Z,active,false,,,KILELE,corrected in Sept export
CT-200717,Joan Barasa,victor.mwangi.delta3218@vg-eval.test,025718522892,KE,Eldoret,2026-08-26T00:19:32Z,active,true,,,KILELE,
CT-002632,Kevin Okoth,isaac.kamau.delta1653@vg-eval.test,0713882589,KE,Thika,2026-04-04T14:58:55Z,active,false,,,KILELE,corrected in Sept export
CT-059049,Brian Elidrissi,nomsa.wafula.delta2000@vg-eval.test,025739740586,KE,Mombasa,2026-04-07T14:09:54Z,active,true,,,KILELE,corrected in Sept export
CT-026950,Nomsa Achieng,fatima.benali.delta1920@vg-eval.test,+254 719 522 006,KE,Thika,2026-02-13T09:30:08Z,active,true,,,KILELE,corrected in Sept export
CT-201040,Yassine Fassi,omar.wafula.delta3541@vg-eval.test,0736885941,KE,Kericho,2026-08-31T09:53:59Z,active,false,,,KILELE,
CT-074215,Ruth Njoroge,david.benali.delta31@vg-eval.test,254-714-530395,KE,Kisumu,2026-01-03T11:17:59Z,active,true,,,KILELE,corrected in Sept export
CT-200493,Rose Kamau,grace.berrada.delta2994@vg-eval.test,025714154139,KE,Mombasa,2026-08-25T01:49:57Z,active,false,,,KILELE,
CT-003934,Zanele Barasa,lucy.haddad.delta899@vg-eval.test,+254 731 399 769,KE,Kericho,2026-01-09T05:29:26Z,active,true,,,KILELE,corrected in Sept export
CT-200046,Esther Kiptoo,rose.dlamini.delta2547@vg-eval.test,+254 728 511 243,KE,Thika,2026-08-23T16:47:25Z,active,true,,,KILELE,
CT-008849,John Haddad,salma.kamau.delta1421@vg-eval.test,0729893319,KE,Eldoret,2026-03-07T17:28:40Z,active,true,,,KILELE,corrected in Sept export
CT-200512,Nancy Pretorius,faith.wafula.delta3013@vg-eval.test,0716343680,KE,Kericho,2026-08-07T03:19:28Z,active,false,,,KILELE,
CT-010559,Salma Naidoo,esther.bennani.delta1642@vg-eval.test,025728545966,KE,Eldoret,2026-03-28T20:36:46Z,active,false,,,KILELE,corrected in Sept export
CT-201460,Rose Njenga,johan.odhiambo.delta3961@vg-eval.test,0713678959,KE,Nairobi,2026-08-14T00:30:00Z,active,false,,,KILELE,
CT-072490,Isaac Otieno,mercy.cheruiyot.delta1143@vg-eval.test,025718349242,KE,Nyeri,2026-04-06T09:55:46Z,active,false,,,KILELE,corrected in Sept export
CT-046878,Sarah Mokoena,lerato.haddad.delta2028@vg-eval.test,0724271981,KE,Nyeri,2026-04-06T06:14:53Z,active,true,,,KILELE,corrected in Sept export
CT-026372,Joan Fassi,yassine.pretorius.delta785@vg-eval.test,025700790582,KE,Eldoret,2026-03-15T00:27:56Z,active,true,,,KILELE,corrected in Sept export
CT-043277,Lerato Berrada,omar.pretorius.delta1317@vg-eval.test,025721972025,KE,Kericho,2026-02-20T21:42:40Z,active,false,,,KILELE,corrected in Sept export
CT-037635,John Naidoo,sipho.fassi.delta1366@vg-eval.test,+254 733 340 181,KE,Mombasa,2026-03-13T07:34:38Z,active,true,,,KILELE,corrected in Sept export
CT-201011,Pieter Okoth,mary.vermeulen.delta3512@vg-eval.test,254-728-622430,KE,Malindi,2026-08-14T09:55:47Z,active,false,,,KILELE,
CT-200282,Yassine Mutua,daniel.zahra.delta2783@vg-eval.test,+254 723 657 780,KE,Kericho,2026-08-26T04:16:13Z,active,true,,,KILELE,
CT-200968,Nomsa Tazi,thandi.vermeulen.delta3469@vg-eval.test,0713355572,KE,Kericho,2026-08-22T10:02:14Z,active,true,,,KILELE,
CT-062234,Paul Otieno,sarah.dlamini.delta1195@vg-eval.test,0730882144,KE,Nakuru,2026-02-04T12:06:39Z,active,false,,,KILELE,corrected in Sept export
CT-054540,Mercy Berrada,simon.kiptoo.delta789@vg-eval.test,254-708-685215,KE,Malindi,2026-02-28T23:37:48Z,active,true,,,KILELE,corrected in Sept export
CT-200958,Grace Kamau,thandi.wafula.delta3459@vg-eval.test,+254 708 871 817,KE,Kericho,2026-08-04T06:44:49Z,active,false,,,KILELE,
CT-008866,Omar Wanjiru,esther.barasa.delta46@vg-eval.test,025731568379,KE,Nakuru,2026-02-26T18:54:02Z,active,true,,,KILELE,corrected in Sept export
CT-200759,Michael Otieno,george.tazi.delta3260@vg-eval.test,254-735-585649,KE,Kisumu,2026-08-07T19:09:11Z,active,false,,,KILELE,
CT-046947,Thandi Haddad,rose.mutua.delta802@vg-eval.test,0716223663,KE,Kisumu,2026-01-18T21:26:34Z,active,false,,,KILELE,corrected in Sept export
CT-200071,James Haddad,james.otieno.delta2572@vg-eval.test,254-718-057588,KE,Mombasa,2026-08-24T05:38:35Z,active,true,,,KILELE,
CT-056948,Nancy Haddad,nancy.kimani.delta1253@vg-eval.test,025735744988,KE,Kericho,2026-04-10T15:45:14Z,active,true,,,KILELE,corrected in Sept export
CT-048804,Isaac Pretorius,thandi.mutua.delta83@vg-eval.test,+254 704 925 742,KE,Eldoret,2026-01-10T21:42:27Z,active,true,,,KILELE,corrected in Sept export
CT-200726,Michael Dlamini,daniel.benali.delta3227@vg-eval.test,+254 722 576 355,KE,Nairobi,2026-08-02T16:20:12Z,active,true,,,KILELE,
CT-016822,Victor Mokoena,lucy.bennani.delta624@vg-eval.test,+254 707 275 966,KE,Thika,2026-03-15T16:41:43Z,active,true,,,KILELE,corrected in Sept export
CT-027368,Caroline Tazi,samuel.odhiambo.delta1390@vg-eval.test,+254 737 887 225,KE,Mombasa,2026-01-21T06:19:35Z,active,false,,,KILELE,corrected in Sept export
CT-200018,Karim Achieng,michael.mwangi.delta2519@vg-eval.test,+254 721 939 321,KE,Kericho,2026-08-04T10:47:11Z,active,true,,,KILELE,
CT-045358,Fatima Bennani,paul.vermeulen.delta972@vg-eval.test,025701838527,KE,Malindi,2026-02-20T01:13:57Z,active,false,,,KILELE,corrected in Sept export
CT-201061,Faith Odhiambo,salma.naidoo.delta3562@vg-eval.test,025718196141,KE,Kisumu,2026-08-11T00:04:16Z,active,false,,,KILELE,
CT-034842,Layla Tazi,salma.elidrissi.delta1998@vg-eval.test,254-720-951461,KE,Mombasa,2026-04-13T19:23:59Z,active,true,,,KILELE,corrected in Sept export
CT-006407,Brian Dlamini,isaac.tazi.delta1775@vg-eval.test,0709465453,KE,Nairobi,2026-01-25T03:41:40Z,active,true,,,KILELE,corrected in Sept export
CT-050228,Mary Vermeulen,kevin.odhiambo.delta1349@vg-eval.test,0719665293,KE,Eldoret,2026-01-12T21:04:48Z,active,false,,,KILELE,corrected in Sept export
CT-054252,Esther Benali,michael.kiptoo.delta1882@vg-eval.test,254-735-752634,KE,Machakos,2026-04-09T16:32:01Z,active,false,,,KILELE,corrected in Sept export
CT-200570,Simon Kiptoo,johan.dlamini.delta3071@vg-eval.test,+254 714 141 081,KE,Kisumu,2026-08-03T00:31:01Z,active,false,,,KILELE,
CT-079399,Sipho Otieno,daniel.njenga.delta1284@vg-eval.test,025711116811,KE,Eldoret,2026-04-09T17:46:11Z,active,false,,,KILELE,corrected in Sept export
CT-033596,Daniel Zahra,nancy.zahra.delta1784@vg-eval.test,254-731-123844,KE,Thika,2026-02-06T01:42:16Z,active,false,,,KILELE,corrected in Sept export
CT-201415,Peter Mutua,caroline.naidoo.delta3916@vg-eval.test,254-707-442122,KE,Nakuru,2026-08-20T15:04:38Z,active,false,,,KILELE,
CT-047219,Yassine Odhiambo,lucy.achieng.delta1890@vg-eval.test,025716364358,KE,Nairobi,2026-01-23T06:32:38Z,active,false,,,KILELE,corrected in Sept export
CT-200146,Mary Okoth,lucy.cheruiyot.delta2647@vg-eval.test,+254 714 408 518,KE,Thika,2026-08-20T21:45:05Z,active,false,,,KILELE,
CT-003417,Rose Barasa,layla.cheruiyot.delta144@vg-eval.test,+254 710 411 269,KE,Nyeri,2026-01-17T11:55:32Z,active,false,,,KILELE,corrected in Sept export
CT-052896,Michael Njoroge,alice.bennani.delta2345@vg-eval.test,0728638856,KE,Malindi,2026-02-06T03:43:39Z,active,true,,,KILELE,corrected in Sept export
CT-049156,Karim Barasa,yassine.elidrissi.delta466@vg-eval.test,254-724-800208,KE,Eldoret,2026-01-05T08:33:00Z,active,false,,,KILELE,corrected in Sept export
CT-200598,Salma Odhiambo,diana.kimani.delta3099@vg-eval.test,+254 716 153 962,KE,Kericho,2026-08-12T15:44:08Z,active,true,,,KILELE,
CT-027336,Fatima Kamau,grace.naidoo.delta1266@vg-eval.test,0715300787,KE,Thika,2026-02-19T02:53:38Z,active,false,,,KILELE,corrected in Sept export
CT-201068,Victor Njenga,rachid.mokoena.delta3569@vg-eval.test,0702879876,KE,Nairobi,2026-08-07T13:45:48Z,active,false,,,KILELE,
CT-075161,Caroline Achieng,salma.barasa.delta402@vg-eval.test,025720708799,KE,Nakuru,2026-03-31T09:55:39Z,active,true,,,KILELE,corrected in Sept export
CT-076048,James Benali,michael.vermeulen.delta2240@vg-eval.test,+254 720 370 407,KE,Nyeri,2026-03-22T10:47:45Z,active,true,,,KILELE,corrected in Sept export
CT-040443,Faith Mwangi,karim.otieno.delta1330@vg-eval.test,025738668919,KE,Thika,2026-03-27T02:27:22Z,active,true,,,KILELE,corrected in Sept export
CT-056419,Ann Njenga,diana.benali.delta1803@vg-eval.test,254-721-290011,KE,Nakuru,2026-03-19T18:40:11Z,active,true,,,KILELE,corrected in Sept export
CT-000976,Samuel Kimani,nomsa.wafula.delta1522@vg-eval.test,254-726-125276,KE,Eldoret,2026-03-19T01:29:50Z,active,false,,,KILELE,corrected in Sept export
CT-030844,Fatima Fassi,diana.naidoo.delta2417@vg-eval.test,0729983114,KE,Nairobi,2026-04-11T10:58:57Z,active,true,,,KILELE,corrected in Sept export
CT-201568,Karim Dlamini,pieter.achieng.delta4069@vg-eval.test,0700898652,KE,Eldoret,2026-08-31T20:16:18Z,active,true,,,KILELE,
CT-058829,Joan Haddad,rose.fassi.delta381@vg-eval.test,0711544324,KE,Nairobi,2026-01-30T03:15:42Z,active,true,,,KILELE,corrected in Sept export
CT-200659,Dennis Haddad,thandi.naidoo.delta3160@vg-eval.test,254-715-444194,KE,Mombasa,2026-08-29T02:49:38Z,active,true,,,KILELE,
CT-200678,Nomsa Mwangi,lucy.otieno.delta3179@vg-eval.test,+254 722 887 872,KE,Kisumu,2026-08-16T12:31:17Z,active,false,,,KILELE,
CT-039459,Faith Mutua,layla.otieno.delta1343@vg-eval.test,0724490793,KE,Eldoret,2026-01-23T21:32:13Z,active,true,,,KILELE,corrected in Sept export
CT-025006,Samuel Odhiambo,sarah.berrada.delta1464@vg-eval.test,025728389777,KE,Nyeri,2026-01-13T07:10:05Z,active,false,,,KILELE,corrected in Sept export
CT-200872,Omar Mwangi,pieter.tazi.delta3373@vg-eval.test,0733197870,KE,Thika,2026-08-24T18:02:28Z,active,true,,,KILELE,
CT-201132,Nancy Haddad,george.kamau.delta3633@vg-eval.test,0716562759,KE,Thika,2026-08-29T12:28:44Z,active,true,,,KILELE,
CT-046938,Rose Alaoui,john.elidrissi.delta1123@vg-eval.test,025705801957,KE,Machakos,2026-01-21T12:28:38Z,active,false,,,KILELE,corrected in Sept export
CT-005884,Thandi Wafula,caroline.elidrissi.delta2241@vg-eval.test,025710050157,KE,Nairobi,2026-02-13T05:49:28Z,active,true,,,KILELE,corrected in Sept export
CT-062903,Paul Nkosi,mary.benali.delta1608@vg-eval.test,0708378945,KE,Nyeri,2026-03-14T06:20:59Z,active,false,,,KILELE,corrected in Sept export
CT-200486,John Naidoo,grace.nkosi.delta2987@vg-eval.test,+254 702 403 410,KE,Malindi,2026-08-19T15:52:37Z,active,false,,,KILELE,
CT-020267,Mary Haddad,karim.tazi.delta1841@vg-eval.test,0731192237,KE,Nakuru,2026-03-28T22:26:55Z,active,false,,,KILELE,corrected in Sept export
CT-059572,Lerato Mutua,michael.njenga.delta551@vg-eval.test,254-736-620074,KE,Thika,2026-03-26T03:31:21Z,active,true,,,KILELE,corrected in Sept export
CT-066960,Johan Cheruiyot,isaac.wanjiru.delta306@vg-eval.test,025730290891,KE,Nairobi,2026-01-16T15:56:32Z,active,true,,,KILELE,corrected in Sept export
CT-019691,Dennis Dlamini,peter.haddad.delta2052@vg-eval.test,0735121527,KE,Eldoret,2026-01-27T22:35:13Z,active,false,,,KILELE,corrected in Sept export
CT-002435,Sarah Benali,yassine.kimani.delta2145@vg-eval.test,025736765514,KE,Kericho,2026-02-06T06:44:22Z,active,true,,,KILELE,corrected in Sept export
CT-019099,Samuel Mokoena,brian.benali.delta2017@vg-eval.test,0726071984,KE,Malindi,2026-02-16T06:30:19Z,active,false,,,KILELE,corrected in Sept export
CT-200170,Diana Njenga,mary.bennani.delta2671@vg-eval.test,+254 708 998 534,KE,Thika,2026-08-01T05:18:29Z,active,true,,,KILELE,
CT-072288,Ruth Nkosi,layla.vermeulen.delta1170@vg-eval.test,0701001626,KE,Kisumu,2026-02-04T16:05:58Z,active,false,,,KILELE,corrected in Sept export
CT-050477,Simon Achieng,isaac.bennani.delta998@vg-eval.test,254-715-782815,KE,Thika,2026-01-21T02:49:00Z,active,false,,,KILELE,corrected in Sept export
CT-022173,Daniel Zahra,paul.benali.delta1204@vg-eval.test,025722380883,KE,Nakuru,2026-03-27T06:22:26Z,active,false,,,KILELE,corrected in Sept export
CT-200565,Johan Kamau,amina.tazi.delta3066@vg-eval.test,025708969005,KE,Malindi,2026-08-04T06:25:27Z,active,false,,,KILELE,
CT-060799,Grace Benali,pieter.okoth.delta1611@vg-eval.test,0739723442,KE,Nyeri,2026-03-22T02:00:33Z,active,true,,,KILELE,corrected in Sept export
CT-079009,Nomsa Dlamini,brian.kamau.delta2146@vg-eval.test,025724793985,KE,Eldoret,2026-03-22T08:27:57Z,active,false,,,KILELE,corrected in Sept export
CT-034585,Grace Alaoui,nancy.kimani.delta865@vg-eval.test,0707992768,KE,Eldoret,2026-04-15T10:18:24Z,active,false,,,KILELE,corrected in Sept export
CT-063032,George Berrada,ann.mokoena.delta1658@vg-eval.test,+254 736 885 765,KE,Kericho,2026-04-03T03:42:17Z,active,true,,,KILELE,corrected in Sept export
CT-069281,Yassine Alaoui,daniel.bennani.delta695@vg-eval.test,0726143032,KE,Nairobi,2026-01-07T02:34:40Z,active,false,,,KILELE,corrected in Sept export
CT-063366,David Wafula,salma.nkosi.delta1200@vg-eval.test,025722840917,KE,Mombasa,2026-02-11T05:09:35Z,active,false,,,KILELE,corrected in Sept export
CT-014494,Salma Njoroge,yassine.benali.delta176@vg-eval.test,025715405011,KE,Malindi,2026-04-11T09:17:26Z,active,false,,,KILELE,corrected in Sept export
CT-073235,Rose Benali,kevin.wafula.delta1047@vg-eval.test,025716181942,KE,Nakuru,2026-03-04T13:45:57Z,active,false,,,KILELE,corrected in Sept export
CT-200234,Dennis Naidoo,johan.kiptoo.delta2735@vg-eval.test,+254 714 431 854,KE,Eldoret,2026-08-29T11:24:25Z,active,false,,,KILELE,
CT-000963,Peter Tazi,kevin.bennani.delta2077@vg-eval.test,025711784906,KE,Machakos,2026-04-12T00:04:02Z,active,false,,,KILELE,corrected in Sept export
CT-201465,Johan Nkosi,rachid.kamau.delta3966@vg-eval.test,025730411258,KE,Thika,2026-08-13T20:10:57Z,active,false,,,KILELE,
CT-002104,Layla Okoth,daniel.berrada.delta812@vg-eval.test,254-726-972180,KE,Kericho,2026-02-02T23:12:14Z,active,false,,,KILELE,corrected in Sept export
CT-201006,Victor Naidoo,nomsa.wafula.delta3507@vg-eval.test,+254 713 758 430,KE,Mombasa,2026-08-18T13:57:28Z,active,true,,,KILELE,
CT-016823,George Bennani,michael.benali.delta445@vg-eval.test,254-706-019973,KE,Mombasa,2026-01-03T11:35:23Z,active,false,,,KILELE,corrected in Sept export
CT-201467,Rachid Wafula,michael.naidoo.delta3968@vg-eval.test,254-717-786302,KE,Eldoret,2026-08-06T16:48:29Z,active,false,,,KILELE,
CT-003206,Samuel Benali,amina.nkosi.delta1034@vg-eval.test,025724837451,KE,Eldoret,2026-03-16T05:50:16Z,active,true,,,KILELE,corrected in Sept export
CT-042659,Pieter Achieng,ann.dlamini.delta1798@vg-eval.test,254-737-825918,KE,Kisumu,2026-01-28T02:44:02Z,active,false,,,KILELE,corrected in Sept export
CT-041613,John Mwangi,yassine.barasa.delta1346@vg-eval.test,254-700-651109,KE,Nakuru,2026-04-12T09:04:43Z,active,true,,,KILELE,corrected in Sept export
CT-001611,Caroline Haddad,sarah.odhiambo.delta977@vg-eval.test,025736566667,KE,Malindi,2026-03-13T08:15:33Z,active,true,,,KILELE,corrected in Sept export
CT-200105,Rachid Odhiambo,johan.mwangi.delta2606@vg-eval.test,025706750176,KE,Kisumu,2026-08-13T21:13:09Z,active,true,,,KILELE,
CT-201273,Layla Zahra,faith.wanjiru.delta3774@vg-eval.test,025707346887,KE,Eldoret,2026-08-27T13:36:46Z,active,false,,,KILELE,
CT-073022,Grace Kimani,james.odhiambo.delta869@vg-eval.test,025721714733,KE,Thika,2026-02-14T18:41:00Z,active,false,,,KILELE,corrected in Sept export
CT-200108,Thandi Cheruiyot,yassine.pretorius.delta2609@vg-eval.test,0705784354,KE,Eldoret,2026-08-13T19:40:38Z,active,true,,,KILELE,
CT-063595,Diana Njoroge,daniel.pretorius.delta539@vg-eval.test,+254 722 902 868,KE,Kericho,2026-03-30T09:53:43Z,active,true,,,KILELE,corrected in Sept export
CT-050763,Diana Dlamini,karim.zahra.delta2323@vg-eval.test,+254 701 597 325,KE,Thika,2026-04-04T11:51:47Z,active,false,,,KILELE,corrected in Sept export
CT-011605,Zanele Cheruiyot,peter.dlamini.delta1232@vg-eval.test,0718633216,KE,Nakuru,2026-01-11T00:17:47Z,active,false,,,KILELE,corrected in Sept export
CT-200913,Omar Vermeulen,mercy.wafula.delta3414@vg-eval.test,025704052905,KE,Malindi,2026-08-14T10:07:44Z,active,true,,,KILELE,
CT-200375,Diana Kimani,simon.wanjiru.delta2876@vg-eval.test,254-735-107378,KE,Kericho,2026-08-15T00:47:41Z,active,true,,,KILELE,
CT-200054,Sarah Okoth,kevin.njoroge.delta2555@vg-eval.test,+254 729 765 600,KE,Nakuru,2026-08-11T20:40:36Z,active,false,,,KILELE,
CT-000490,Rose Mutua,joan.bennani.delta1627@vg-eval.test,0737110122,KE,Nyeri,2026-02-20T03:49:36Z,active,true,,,KILELE,corrected in Sept export
CT-200866,Lerato Berrada,brian.pretorius.delta3367@vg-eval.test,+254 723 176 366,KE,Eldoret,2026-08-10T05:10:39Z,active,false,,,KILELE,
CT-078294,Sipho Alaoui,thandi.elidrissi.delta1110@vg-eval.test,0727150159,KE,Nakuru,2026-02-14T09:46:02Z,active,true,,,KILELE,corrected in Sept export
CT-201101,Michael Naidoo,mary.mutua.delta3602@vg-eval.test,025718825529,KE,Mombasa,2026-08-08T21:40:12Z,active,false,,,KILELE,
CT-200473,Pieter Odhiambo,nomsa.tazi.delta2974@vg-eval.test,025736516573,KE,Thika,2026-08-31T08:32:23Z,active,true,,,KILELE,
CT-201081,Isaac Njenga,mary.tazi.delta3582@vg-eval.test,025701603258,KE,Machakos,2026-08-12T14:46:32Z,active,false,,,KILELE,
CT-201457,Dennis Dlamini,caroline.wafula.delta3958@vg-eval.test,025733960630,KE,Machakos,2026-08-04T01:22:47Z,active,true,,,KILELE,
CT-200498,James Cheruiyot,yassine.njenga.delta2999@vg-eval.test,+254 710 796 959,KE,Malindi,2026-08-27T09:17:06Z,active,false,,,KILELE,
CT-057197,Pieter Okoth,johan.alaoui.delta1709@vg-eval.test,025713012246,KE,Malindi,2026-01-22T02:10:10Z,active,false,,,KILELE,corrected in Sept export
CT-036098,Thandi Nkosi,sipho.njoroge.delta208@vg-eval.test,254-703-214178,KE,Thika,2026-02-08T21:18:15Z,active,false,,,KILELE,corrected in Sept export
CT-200507,Nomsa Naidoo,brian.kamau.delta3008@vg-eval.test,254-728-261258,KE,Kisumu,2026-08-04T21:30:31Z,active,false,,,KILELE,
CT-201117,Kevin Dlamini,michael.tazi.delta3618@vg-eval.test,025706960858,KE,Nyeri,2026-08-31T22:41:11Z,active,true,,,KILELE,
CT-002092,Layla Fassi,george.nkosi.delta870@vg-eval.test,0718766900,KE,Kericho,2026-03-20T19:54:20Z,active,true,,,KILELE,corrected in Sept export
CT-003930,Layla Cheruiyot,john.vermeulen.delta2295@vg-eval.test,025720168619,KE,Nakuru,2026-03-30T19:29:35Z,active,false,,,KILELE,corrected in Sept export
CT-071409,Victor Haddad,lerato.odhiambo.delta9@vg-eval.test,0708855798,KE,Machakos,2026-02-26T11:15:15Z,active,true,,,KILELE,corrected in Sept export
CT-036304,Samuel Tazi,zanele.mwangi.delta1191@vg-eval.test,025732650614,KE,Mombasa,2026-04-17T14:47:35Z,active,false,,,KILELE,corrected in Sept export
CT-047338,John Kimani,simon.odhiambo.delta183@vg-eval.test,254-716-477232,KE,Kericho,2026-01-19T03:51:42Z,active,false,,,KILELE,corrected in Sept export
CT-201313,Esther Barasa,lerato.barasa.delta3814@vg-eval.test,025706382649,KE,Nyeri,2026-08-15T09:04:40Z,active,true,,,KILELE,
CT-200340,Esther Berrada,simon.okoth.delta2841@vg-eval.test,0711361105,KE,Nakuru,2026-08-01T06:30:14Z,active,true,,,KILELE,
CT-060152,Omar Barasa,paul.cheruiyot.delta1056@vg-eval.test,0727025568,KE,Kisumu,2026-02-15T12:19:08Z,active,true,,,KILELE,corrected in Sept export
CT-057941,Caroline Njoroge,zanele.mwangi.delta2448@vg-eval.test,025726145260,KE,Machakos,2026-03-09T00:25:24Z,active,false,,,KILELE,corrected in Sept export
CT-200749,Grace Mwangi,thandi.haddad.delta3250@vg-eval.test,025738365458,KE,Machakos,2026-08-28T02:45:55Z,active,false,,,KILELE,
CT-022144,Amina Odhiambo,karim.njoroge.delta1588@vg-eval.test,0721971606,KE,Thika,2026-02-16T12:20:38Z,active,true,,,KILELE,corrected in Sept export
CT-066614,Isaac Bennani,nomsa.elidrissi.delta410@vg-eval.test,+254 718 814 937,KE,Thika,2026-01-20T14:22:02Z,active,true,,,KILELE,corrected in Sept export
CT-200519,Diana Odhiambo,george.vermeulen.delta3020@vg-eval.test,254-709-628070,KE,Malindi,2026-08-02T20:37:58Z,active,false,,,KILELE,
CT-201645,Joan Pretorius,isaac.wanjiru.delta4146@vg-eval.test,025727157217,KE,Mombasa,2026-08-16T11:18:21Z,active,true,,,KILELE,
CT-074268,Dennis Benali,zanele.odhiambo.delta358@vg-eval.test,0734680153,KE,Thika,2026-04-14T12:32:42Z,active,false,,,KILELE,corrected in Sept export
CT-200063,David Otieno,grace.kamau.delta2564@vg-eval.test,254-719-865354,KE,Machakos,2026-08-24T20:52:48Z,active,false,,,KILELE,
CT-029759,Mary Haddad,yassine.njenga.delta592@vg-eval.test,0723509296,KE,Nyeri,2026-02-04T13:56:22Z,active,false,,,KILELE,corrected in Sept export
CT-200230,Joan Tazi,george.alaoui.delta2731@vg-eval.test,+254 730 401 545,KE,Nairobi,2026-08-25T12:48:11Z,active,true,,,KILELE,
CT-056125,Alice Kamau,simon.odhiambo.delta2305@vg-eval.test,025732180596,KE,Kisumu,2026-02-17T19:52:30Z,active,false,,,KILELE,corrected in Sept export
CT-060106,Grace Tazi,sarah.pretorius.delta1643@vg-eval.test,0709886046,KE,Kisumu,2026-02-05T20:54:16Z,active,false,,,KILELE,corrected in Sept export
CT-015335,Zanele Fassi,mary.mwangi.delta2073@vg-eval.test,0714852214,KE,Kericho,2026-02-13T15:13:02Z,active,false,,,KILELE,corrected in Sept export
CT-060305,Paul Alaoui,victor.achieng.delta118@vg-eval.test,+254 713 090 289,KE,Nakuru,2026-04-06T15:16:42Z,active,true,,,KILELE,corrected in Sept export
CT-201034,Paul Pretorius,nancy.odhiambo.delta3535@vg-eval.test,+254 721 327 243,KE,Nakuru,2026-08-27T03:45:18Z,active,true,,,KILELE,
CT-006737,Rose Zahra,simon.dlamini.delta187@vg-eval.test,+254 738 868 317,KE,Kericho,2026-01-18T04:23:08Z,active,false,,,KILELE,corrected in Sept export
CT-035609,Daniel Kimani,alice.otieno.delta109@vg-eval.test,0727714876,KE,Mombasa,2026-02-26T13:46:29Z,active,true,,,KILELE,corrected in Sept export
CT-067687,Layla Bennani,kevin.vermeulen.delta2216@vg-eval.test,+254 722 596 398,KE,Nyeri,2026-04-01T07:26:07Z,active,true,,,KILELE,corrected in Sept export
CT-051876,Omar Haddad,ruth.alaoui.delta404@vg-eval.test,025711612953,KE,Thika,2026-01-30T06:55:06Z,active,false,,,KILELE,corrected in Sept export
CT-200696,Johan Achieng,sarah.dlamini.delta3197@vg-eval.test,0705829792,KE,Kisumu,2026-08-28T22:59:10Z,active,false,,,KILELE,
CT-020173,Michael Kimani,james.fassi.delta1416@vg-eval.test,254-712-524640,KE,Nyeri,2026-04-16T15:07:44Z,active,true,,,KILELE,corrected in Sept export
CT-041707,Amina Wanjiru,michael.bennani.delta166@vg-eval.test,0729882570,KE,Nakuru,2026-04-02T22:41:27Z,active,true,,,KILELE,corrected in Sept export
CT-049683,Zanele Fassi,rose.mutua.delta310@vg-eval.test,025725639466,KE,Kericho,2026-01-28T13:06:36Z,active,true,,,KILELE,corrected in Sept export
CT-030208,Lerato Mutua,pieter.bennani.delta2085@vg-eval.test,0700855344,KE,Mombasa,2026-02-04T22:52:27Z,active,false,,,KILELE,corrected in Sept export
CT-200627,Peter Fassi,ruth.otieno.delta3128@vg-eval.test,254-732-711041,KE,Thika,2026-08-28T19:36:32Z,active,false,,,KILELE,
CT-048449,Yassine Barasa,caroline.berrada.delta204@vg-eval.test,254-704-969851,KE,Thika,2026-04-09T23:49:43Z,active,true,,,KILELE,corrected in Sept export
CT-200006,Zanele Odhiambo,michael.pretorius.delta2507@vg-eval.test,+254 725 501 592,KE,Mombasa,2026-08-24T06:38:02Z,active,false,,,KILELE,
CT-200457,Peter Mwangi,esther.nkosi.delta2958@vg-eval.test,025738205324,KE,Malindi,2026-08-13T14:39:09Z,active,true,,,KILELE,
CT-010150,Pieter Elidrissi,paul.zahra.delta2183@vg-eval.test,0716120349,KE,Kisumu,2026-02-28T08:42:15Z,active,true,,,KILELE,corrected in Sept export
CT-200827,Paul Otieno,mercy.dlamini.delta3328@vg-eval.test,254-734-583066,KE,Eldoret,2026-08-20T13:02:56Z,active,true,,,KILELE,
CT-201147,Omar Elidrissi,nomsa.vermeulen.delta3648@vg-eval.test,254-722-882134,KE,Nairobi,2026-08-09T08:32:44Z,active,false,,,KILELE,
CT-200960,Fatima Kiptoo,james.benali.delta3461@vg-eval.test,0718637162,KE,Machakos,2026-08-28T13:54:04Z,active,false,,,KILELE,
CT-042922,Mary Benali,johan.fassi.delta553@vg-eval.test,025728290792,KE,Thika,2026-02-20T06:11:58Z,active,true,,,KILELE,corrected in Sept export
CT-201608,Peter Odhiambo,diana.mokoena.delta4109@vg-eval.test,0737017260,KE,Nakuru,2026-08-27T03:21:10Z,active,true,,,KILELE,
CT-201288,Paul Mwangi,sarah.pretorius.delta3789@vg-eval.test,0723252230,KE,Thika,2026-08-16T02:02:56Z,active,true,,,KILELE,
CT-201399,Diana Mwangi,johan.kamau.delta3900@vg-eval.test,254-731-637184,KE,Mombasa,2026-08-19T23:13:44Z,active,true,,,KILELE,
CT-200176,Lerato Bennani,amina.mokoena.delta2677@vg-eval.test,0734498291,KE,Eldoret,2026-08-12T20:24:30Z,active,false,,,KILELE,
CT-023496,Daniel Haddad,ann.bennani.delta1474@vg-eval.test,0715491424,KE,Eldoret,2026-02-05T19:36:54Z,active,false,,,KILELE,corrected in Sept export
CT-050002,Rose Fassi,isaac.barasa.delta356@vg-eval.test,+254 716 473 224,KE,Machakos,2026-02-15T00:25:31Z,active,false,,,KILELE,corrected in Sept export
CT-064649,Ann Achieng,karim.otieno.delta360@vg-eval.test,025733332719,KE,Eldoret,2026-03-20T23:32:28Z,active,false,,,KILELE,corrected in Sept export
CT-036693,Michael Nkosi,paul.fassi.delta2256@vg-eval.test,+254 727 202 399,KE,Eldoret,2026-01-19T19:36:25Z,active,true,,,KILELE,corrected in Sept export
CT-042293,Sarah Vermeulen,ann.barasa.delta886@vg-eval.test,025728230142,KE,Nairobi,2026-02-18T11:15:30Z,active,true,,,KILELE,corrected in Sept export
CT-016291,David Njoroge,nomsa.nkosi.delta1760@vg-eval.test,0705606669,KE,Thika,2026-01-22T05:43:59Z,active,true,,,KILELE,corrected in Sept export
CT-001391,Dennis Mokoena,isaac.vermeulen.delta1377@vg-eval.test,0715773563,KE,Eldoret,2026-04-11T14:15:40Z,active,false,,,KILELE,corrected in Sept export
CT-201468,Rose Wanjiru,john.pretorius.delta3969@vg-eval.test,0702610969,KE,Kisumu,2026-08-20T23:57:06Z,active,true,,,KILELE,
CT-200376,George Barasa,rose.dlamini.delta2877@vg-eval.test,0723211084,KE,Mombasa,2026-08-23T21:45:12Z,active,true,,,KILELE,
CT-031233,Nomsa Zahra,david.alaoui.delta1219@vg-eval.test,025733318485,KE,Malindi,2026-02-10T01:46:59Z,active,false,,,KILELE,corrected in Sept export
CT-073061,Dennis Wanjiru,yassine.otieno.delta2430@vg-eval.test,+254 721 407 588,KE,Thika,2026-01-06T21:31:41Z,active,false,,,KILELE,corrected in Sept export
CT-200039,Amina Okoth,caroline.wafula.delta2540@vg-eval.test,254-715-834481,KE,Kericho,2026-08-09T04:43:02Z,active,false,,,KILELE,
CT-049736,Amina Otieno,faith.pretorius.delta1966@vg-eval.test,+254 707 141 345,KE,Nakuru,2026-03-21T11:25:29Z,active,false,,,KILELE,corrected in Sept export
CT-049407,Kevin Nkosi,karim.wanjiru.delta1734@vg-eval.test,0715431009,KE,Nairobi,2026-02-23T13:03:10Z,active,true,,,KILELE,corrected in Sept export
CT-016567,Esther Tazi,esther.mutua.delta855@vg-eval.test,0705774190,KE,Malindi,2026-01-31T17:13:23Z,active,false,,,KILELE,corrected in Sept export
CT-200583,Daniel Kamau,lerato.okoth.delta3084@vg-eval.test,254-708-093455,KE,Kericho,2026-08-24T00:50:29Z,active,false,,,KILELE,
CT-045710,Nancy Kamau,fatima.elidrissi.delta1100@vg-eval.test,025736349508,KE,Nairobi,2026-03-17T05:50:49Z,active,false,,,KILELE,corrected in Sept export
CT-003532,Victor Kimani,thandi.vermeulen.delta2014@vg-eval.test,254-712-270743,KE,Nakuru,2026-01-11T13:38:35Z,active,false,,,KILELE,corrected in Sept export
CT-048187,Sipho Berrada,peter.odhiambo.delta2117@vg-eval.test,0714257007,KE,Machakos,2026-03-28T07:20:56Z,active,false,,,KILELE,corrected in Sept export
CT-201445,Victor Barasa,michael.njenga.delta3946@vg-eval.test,025722354311,KE,Kericho,2026-08-26T00:01:11Z,active,true,,,KILELE,
CT-016796,Nancy Kamau,peter.wanjiru.delta2498@vg-eval.test,025712392697,KE,Nakuru,2026-03-15T17:34:47Z,active,true,,,KILELE,corrected in Sept export
CT-201070,David Bennani,sarah.vermeulen.delta3571@vg-eval.test,+254 711 782 905,KE,Nairobi,2026-08-14T06:26:19Z,active,false,,,KILELE,
CT-057315,Amina Pretorius,layla.kiptoo.delta192@vg-eval.test,025724235790,KE,Mombasa,2026-03-05T10:20:48Z,active,false,,,KILELE,corrected in Sept export
CT-061034,Mary Berrada,amina.vermeulen.delta1090@vg-eval.test,025731260260,KE,Thika,2026-02-09T07:38:13Z,active,false,,,KILELE,corrected in Sept export
CT-200810,Sipho Okoth,faith.wanjiru.delta3311@vg-eval.test,+254 702 722 248,KE,Thika,2026-08-25T06:06:19Z,active,true,,,KILELE,
CT-201597,Sipho Naidoo,caroline.dlamini.delta4098@vg-eval.test,025733865531,KE,Nakuru,2026-08-05T18:54:37Z,active,true,,,KILELE,
CT-079888,Esther Okoth,alice.mutua.delta667@vg-eval.test,0737528845,KE,Eldoret,2026-04-05T13:32:19Z,active,false,,,KILELE,corrected in Sept export
CT-201359,Kevin Kiptoo,yassine.odhiambo.delta3860@vg-eval.test,254-721-180760,KE,Kisumu,2026-08-27T13:45:05Z,active,true,,,KILELE,
CT-006980,Alice Achieng,faith.kamau.delta2037@vg-eval.test,254-709-622360,KE,Eldoret,2026-02-08T11:28:32Z,active,true,,,KILELE,corrected in Sept export
CT-201204,Esther Haddad,nancy.wanjiru.delta3705@vg-eval.test,0719830076,KE,Kericho,2026-08-01T01:16:24Z,active,true,,,KILELE,
CT-038323,Thandi Tazi,thandi.vermeulen.delta2373@vg-eval.test,254-737-060342,KE,Nakuru,2026-01-11T23:18:07Z,active,false,,,KILELE,corrected in Sept export
CT-200829,Ruth Benali,mercy.haddad.delta3330@vg-eval.test,025725610254,KE,Kericho,2026-08-11T15:57:22Z,active,true,,,KILELE,
CT-200562,Thandi Okoth,lerato.mutua.delta3063@vg-eval.test,+254 720 335 257,KE,Mombasa,2026-08-31T16:28:46Z,active,true,,,KILELE,
CT-018022,Thandi Achieng,dennis.pretorius.delta2460@vg-eval.test,254-714-673217,KE,Nyeri,2026-03-02T03:28:09Z,active,false,,,KILELE,corrected in Sept export
CT-056923,Ruth Wafula,salma.elidrissi.delta106@vg-eval.test,0710718641,KE,Nyeri,2026-02-14T06:27:11Z,active,false,,,KILELE,corrected in Sept export
CT-029739,Simon Kiptoo,john.dlamini.delta1964@vg-eval.test,+254 727 313 560,KE,Kericho,2026-03-18T04:03:36Z,active,true,,,KILELE,corrected in Sept export
CT-200243,Brian Achieng,zanele.njenga.delta2744@vg-eval.test,254-720-839717,KE,Kericho,2026-08-15T11:27:25Z,active,false,,,KILELE,
CT-071574,Daniel Otieno,lucy.tazi.delta856@vg-eval.test,025711823172,KE,Machakos,2026-03-03T06:29:05Z,active,true,,,KILELE,corrected in Sept export
CT-200257,Layla Cheruiyot,faith.achieng.delta2758@vg-eval.test,025730127129,KE,Eldoret,2026-08-23T05:11:28Z,active,false,,,KILELE,
CT-067359,Salma Otieno,isaac.otieno.delta513@vg-eval.test,025725589701,KE,Kericho,2026-03-11T11:00:34Z,active,true,,,KILELE,corrected in Sept export
CT-201051,Omar Odhiambo,joan.fassi.delta3552@vg-eval.test,254-730-972112,KE,Kericho,2026-08-05T15:24:08Z,active,false,,,KILELE,
CT-201030,Rose Kimani,rachid.njoroge.delta3531@vg-eval.test,+254 703 901 815,KE,Thika,2026-08-03T23:30:33Z,active,false,,,KILELE,
CT-071835,Pieter Naidoo,grace.alaoui.delta1936@vg-eval.test,0722033074,KE,Nakuru,2026-02-04T00:33:44Z,active,false,,,KILELE,corrected in Sept export
CT-055864,Diana Haddad,sarah.mokoena.delta7@vg-eval.test,025716375317,KE,Nyeri,2026-01-31T09:54:53Z,active,false,,,KILELE,corrected in Sept export
CT-064040,Faith Mwangi,esther.mokoena.delta1971@vg-eval.test,+254 725 513 498,KE,Nairobi,2026-01-01T07:02:43Z,active,true,,,KILELE,corrected in Sept export
CT-200848,Victor Haddad,brian.kamau.delta3349@vg-eval.test,0701885738,KE,Machakos,2026-08-06T04:22:36Z,active,false,,,KILELE,
CT-200970,Thandi Achieng,victor.kamau.delta3471@vg-eval.test,+254 722 747 673,KE,Machakos,2026-08-09T09:20:10Z,active,true,,,KILELE,
CT-200207,Alice Berrada,david.fassi.delta2708@vg-eval.test,254-720-263706,KE,Nyeri,2026-08-01T18:39:17Z,active,true,,,KILELE,
CT-200503,Karim Vermeulen,omar.kiptoo.delta3004@vg-eval.test,254-717-097917,KE,Nyeri,2026-08-16T00:59:10Z,active,true,,,KILELE,
CT-042703,Brian Elidrissi,john.elidrissi.delta500@vg-eval.test,025731483120,KE,Nairobi,2026-04-17T08:47:09Z,active,true,,,KILELE,corrected in Sept export
CT-200888,Salma Haddad,samuel.alaoui.delta3389@vg-eval.test,0717536541,KE,Malindi,2026-08-05T04:13:55Z,active,true,,,KILELE,
CT-003769,Michael Naidoo,dennis.barasa.delta267@vg-eval.test,025728689805,KE,Thika,2026-01-01T00:49:25Z,active,true,,,KILELE,corrected in Sept export
CT-000248,George Kamau,alice.njenga.delta486@vg-eval.test,254-701-155694,KE,Malindi,2026-02-27T07:58:55Z,active,true,,,KILELE,corrected in Sept export
CT-201348,Thandi Otieno,mary.wanjiru.delta3849@vg-eval.test,0726006987,KE,Nairobi,2026-08-01T15:23:09Z,active,false,,,KILELE,
CT-039028,Fatima Kamau,paul.dlamini.delta752@vg-eval.test,+254 737 657 598,KE,Machakos,2026-02-13T16:13:29Z,active,true,,,KILELE,corrected in Sept export
CT-028014,Faith Wanjiru,yassine.barasa.delta921@vg-eval.test,+254 737 836 003,KE,Eldoret,2026-04-06T00:09:35Z,active,true,,,KILELE,corrected in Sept export
CT-024071,Ann Bennani,michael.bennani.delta1193@vg-eval.test,025727986973,KE,Kisumu,2026-01-09T00:25:05Z,active,true,,,KILELE,corrected in Sept export
CT-039192,Rachid Kamau,george.achieng.delta2019@vg-eval.test,025739571263,KE,Kericho,2026-01-22T18:07:33Z,active,false,,,KILELE,corrected in Sept export
CT-067948,Faith Fassi,caroline.njoroge.delta892@vg-eval.test,254-709-282317,KE,Nakuru,2026-02-03T14:07:25Z,active,false,,,KILELE,corrected in Sept export
CT-014857,Victor Bennani,joan.zahra.delta2451@vg-eval.test,254-736-464074,KE,Mombasa,2026-04-02T09:51:23Z,active,false,,,KILELE,corrected in Sept export
CT-032551,Lerato Achieng,mary.kiptoo.delta1706@vg-eval.test,0711354591,KE,Nakuru,2026-04-05T23:26:37Z,active,false,,,KILELE,corrected in Sept export
CT-200576,Karim Achieng,zanele.vermeulen.delta3077@vg-eval.test,0711233410,KE,Machakos,2026-08-16T19:15:56Z,active,false,,,KILELE,
CT-200027,Isaac Achieng,david.achieng.delta2528@vg-eval.test,254-726-393686,KE,Kericho,2026-08-30T13:10:14Z,active,false,,,KILELE,
CT-007144,Rachid Mwangi,lerato.achieng.delta1218@vg-eval.test,+254 702 958 302,KE,Nakuru,2026-03-05T08:01:16Z,active,false,,,KILELE,corrected in Sept export
CT-201099,David Kimani,fatima.barasa.delta3600@vg-eval.test,254-704-707942,KE,Kericho,2026-08-22T00:31:46Z,active,false,,,KILELE,
CT-201327,David Fassi,pieter.njoroge.delta3828@vg-eval.test,254-712-863772,KE,Kisumu,2026-08-15T08:57:26Z,active,false,,,KILELE,
CT-201630,Sarah Alaoui,lucy.naidoo.delta4131@vg-eval.test,+254 733 797 422,KE,Kericho,2026-08-10T10:07:44Z,active,false,,,KILELE,
CT-053006,Dennis Kamau,zanele.alaoui.delta1805@vg-eval.test,+254 730 009 629,KE,Malindi,2026-03-13T07:48:36Z,active,true,,,KILELE,corrected in Sept export
CT-200836,Sarah Otieno,thandi.vermeulen.delta3337@vg-eval.test,0703689999,KE,Malindi,2026-08-22T11:32:48Z,active,true,,,KILELE,
CT-077141,Simon Odhiambo,simon.haddad.delta820@vg-eval.test,025739728105,KE,Eldoret,2026-01-03T23:07:36Z,active,false,,,KILELE,corrected in Sept export
CT-200033,Kevin Bennani,nancy.naidoo.delta2534@vg-eval.test,025726530349,KE,Kisumu,2026-08-20T11:51:19Z,active,false,,,KILELE,
CT-200711,Nomsa Wanjiru,yassine.wanjiru.delta3212@vg-eval.test,254-728-142356,KE,Kisumu,2026-08-11T00:35:32Z,active,false,,,KILELE,
CT-200753,David Benali,mary.tazi.delta3254@vg-eval.test,025729497517,KE,Kericho,2026-08-16T04:32:53Z,active,false,,,KILELE,
CT-031624,Samuel Njenga,james.achieng.delta2219@vg-eval.test,0733976906,KE,Eldoret,2026-02-19T07:51:43Z,active,true,,,KILELE,corrected in Sept export
CT-201513,Thandi Kiptoo,simon.nkosi.delta4014@vg-eval.test,025713944062,KE,Eldoret,2026-08-15T02:22:29Z,active,false,,,KILELE,
CT-059147,Amina Vermeulen,kevin.tazi.delta517@vg-eval.test,0737045916,KE,Nyeri,2026-03-30T17:46:18Z,active,true,,,KILELE,corrected in Sept export
CT-200639,Lucy Wafula,faith.achieng.delta3140@vg-eval.test,254-720-190584,KE,Kisumu,2026-08-10T18:53:43Z,active,false,,,KILELE,
CT-200597,Ann Vermeulen,caroline.naidoo.delta3098@vg-eval.test,025705221553,KE,Nakuru,2026-08-10T01:52:45Z,active,true,,,KILELE,
CT-035260,Nancy Njenga,yassine.odhiambo.delta224@vg-eval.test,025711750978,KE,Nakuru,2026-02-14T19:05:53Z,active,true,,,KILELE,corrected in Sept export
CT-044915,Dennis Berrada,pieter.nkosi.delta110@vg-eval.test,254-730-127926,KE,Malindi,2026-04-03T00:04:07Z,active,false,,,KILELE,corrected in Sept export
CT-003908,George Nkosi,faith.haddad.delta195@vg-eval.test,025728089657,KE,Mombasa,2026-04-05T20:19:12Z,active,true,,,KILELE,corrected in Sept export
CT-031526,John Mwangi,brian.njoroge.delta2449@vg-eval.test,0732023664,KE,Nairobi,2026-01-28T00:47:26Z,active,true,,,KILELE,corrected in Sept export
CT-035471,Fatima Kamau,brian.berrada.delta1368@vg-eval.test,025704652545,KE,Mombasa,2026-01-18T01:52:20Z,active,true,,,KILELE,corrected in Sept export
CT-201127,Victor Haddad,thandi.benali.delta3628@vg-eval.test,254-733-000682,KE,Kisumu,2026-08-16T16:05:54Z,active,true,,,KILELE,
CT-200641,Fatima Haddad,isaac.mokoena.delta3142@vg-eval.test,025720881566,KE,Mombasa,2026-08-03T03:12:17Z,active,true,,,KILELE,
CT-016347,Diana Odhiambo,daniel.fassi.delta449@vg-eval.test,254-739-697164,KE,Kericho,2026-02-28T13:37:24Z,active,false,,,KILELE,corrected in Sept export
CT-200605,George Achieng,daniel.vermeulen.delta3106@vg-eval.test,025709181857,KE,Mombasa,2026-08-10T04:21:44Z,active,true,,,KILELE,
CT-061026,Yassine Otieno,johan.wafula.delta2394@vg-eval.test,254-717-309290,KE,Kericho,2026-03-09T16:08:56Z,active,true,,,KILELE,corrected in Sept export
CT-032570,Ann Kimani,paul.achieng.delta1099@vg-eval.test,025708366584,KE,Mombasa,2026-02-06T18:03:41Z,active,false,,,KILELE,corrected in Sept export
CT-051081,Sarah Odhiambo,isaac.berrada.delta1630@vg-eval.test,025713031473,KE,Mombasa,2026-01-03T18:27:45Z,active,false,,,KILELE,corrected in Sept export
CT-201287,Dennis Berrada,pieter.dlamini.delta3788@vg-eval.test,254-701-820213,KE,Nakuru,2026-08-24T01:55:37Z,active,false,,,KILELE,
CT-076547,Layla Wafula,isaac.mokoena.delta1732@vg-eval.test,0713821810,KE,Mombasa,2026-02-10T21:22:34Z,active,false,,,KILELE,corrected in Sept export
CT-201588,Peter Mokoena,george.njoroge.delta4089@vg-eval.test,0738231755,KE,Kisumu,2026-08-10T06:10:09Z,active,false,,,KILELE,
CT-007473,Amina Kiptoo,esther.njenga.delta548@vg-eval.test,254-734-886753,KE,Kisumu,2026-01-16T05:34:54Z,active,true,,,KILELE,corrected in Sept export
CT-201624,Faith Kimani,peter.dlamini.delta4125@vg-eval.test,0717576088,KE,Kisumu,2026-08-21T21:23:05Z,active,true,,,KILELE,
CT-017578,Kevin Barasa,simon.naidoo.delta323@vg-eval.test,025721061553,KE,Mombasa,2026-02-05T22:24:55Z,active,false,,,KILELE,corrected in Sept export
CT-007344,Joan Wanjiru,paul.elidrissi.delta182@vg-eval.test,0718914374,KE,Kisumu,2026-01-27T08:47:11Z,active,true,,,KILELE,corrected in Sept export
CT-201665,Brian Kimani,samuel.bennani.delta4166@vg-eval.test,025723560639,KE,Kisumu,2026-08-07T10:57:34Z,active,false,,,KILELE,
CT-200095,Daniel Vermeulen,paul.elidrissi.delta2596@vg-eval.test,254-719-555195,KE,Machakos,2026-08-04T21:48:48Z,active,false,,,KILELE,
CT-039396,Omar Kamau,sarah.cheruiyot.delta1138@vg-eval.test,0727815567,KE,Kericho,2026-02-05T13:07:00Z,active,false,,,KILELE,corrected in Sept export
CT-074840,Mercy Kamau,thandi.vermeulen.delta795@vg-eval.test,0722977690,KE,Nyeri,2026-03-12T10:23:05Z,active,false,,,KILELE,corrected in Sept export
CT-054831,Mercy Vermeulen,joan.njoroge.delta1570@vg-eval.test,0712756106,KE,Eldoret,2026-04-04T15:24:39Z,active,true,,,KILELE,corrected in Sept export
CT-014936,Caroline Odhiambo,salma.dlamini.delta1209@vg-eval.test,254-700-345631,KE,Mombasa,2026-02-11T13:19:53Z,active,false,,,KILELE,corrected in Sept export
CT-053197,Brian Berrada,omar.zahra.delta862@vg-eval.test,+254 719 568 835,KE,Nairobi,2026-03-04T10:33:59Z,active,true,,,KILELE,corrected in Sept export
CT-200989,Mary Wafula,sipho.kimani.delta3490@vg-eval.test,025715890512,KE,Nairobi,2026-08-23T23:32:03Z,active,false,,,KILELE,
CT-201644,Ann Kimani,george.njoroge.delta4145@vg-eval.test,0716560508,KE,Eldoret,2026-08-25T22:48:45Z,active,false,,,KILELE,
CT-200275,Thandi Zahra,diana.otieno.delta2776@vg-eval.test,254-728-921028,KE,Machakos,2026-08-12T09:30:55Z,active,true,,,KILELE,
CT-028865,James Zahra,johan.zahra.delta179@vg-eval.test,254-736-931175,KE,Mombasa,2026-04-02T21:16:44Z,active,true,,,KILELE,corrected in Sept export
CT-074637,Sarah Cheruiyot,peter.zahra.delta1169@vg-eval.test,025737976029,KE,Mombasa,2026-03-08T09:17:55Z,active,false,,,KILELE,corrected in Sept export
CT-200673,Sarah Wanjiru,peter.elidrissi.delta3174@vg-eval.test,025707551992,KE,Nakuru,2026-08-13T03:47:01Z,active,false,,,KILELE,
CT-200421,Samuel Bennani,faith.zahra.delta2922@vg-eval.test,025701423259,KE,Mombasa,2026-08-08T14:49:45Z,active,true,,,KILELE,
CT-030028,Thandi Kimani,yassine.berrada.delta162@vg-eval.test,254-739-933765,KE,Kisumu,2026-02-24T02:15:43Z,active,true,,,KILELE,corrected in Sept export
CT-037443,Sarah Otieno,lerato.otieno.delta1051@vg-eval.test,0722362585,KE,Thika,2026-01-21T15:36:41Z,active,true,,,KILELE,corrected in Sept export
CT-200908,Johan Okoth,caroline.kimani.delta3409@vg-eval.test,0701839134,KE,Kisumu,2026-08-29T07:46:58Z,active,false,,,KILELE,
CT-200362,Rose Barasa,mary.berrada.delta2863@vg-eval.test,+254 706 327 042,KE,Nyeri,2026-08-14T04:07:52Z,active,true,,,KILELE,
CT-200213,Caroline Odhiambo,ruth.benali.delta2714@vg-eval.test,025733557327,KE,Thika,2026-08-02T01:59:06Z,active,true,,,KILELE,
CT-200466,Peter Berrada,pieter.achieng.delta2967@vg-eval.test,+254 728 678 882,KE,Malindi,2026-08-11T22:11:00Z,active,true,,,KILELE,
CT-021524,George Okoth,yassine.kiptoo.delta2067@vg-eval.test,0722848734,KE,Kisumu,2026-04-04T19:42:28Z,active,false,,,KILELE,corrected in Sept export
CT-012401,Yassine Njoroge,ann.mutua.delta1737@vg-eval.test,025731240970,KE,Nyeri,2026-02-19T16:34:58Z,active,true,,,KILELE,corrected in Sept export
CT-009616,Simon Otieno,zanele.mutua.delta272@vg-eval.test,254-713-407098,KE,Kisumu,2026-02-13T01:49:47Z,active,false,,,KILELE,corrected in Sept export
CT-201625,Lerato Elidrissi,yassine.cheruiyot.delta4126@vg-eval.test,025721753223,KE,Nakuru,2026-08-18T18:55:18Z,active,false,,,KILELE,
CT-070957,Yassine Fassi,amina.elidrissi.delta1283@vg-eval.test,+254 719 238 855,KE,Nairobi,2026-01-27T20:07:32Z,active,true,,,KILELE,corrected in Sept export
CT-200556,Lucy Okoth,isaac.pretorius.delta3057@vg-eval.test,0719937080,KE,Kericho,2026-08-15T02:49:08Z,active,false,,,KILELE,
CT-201564,Salma Alaoui,daniel.kimani.delta4065@vg-eval.test,0710988487,KE,Mombasa,2026-08-01T22:00:29Z,active,true,,,KILELE,
CT-201508,Faith Achieng,thandi.otieno.delta4009@vg-eval.test,0733621497,KE,Kisumu,2026-08-15T20:41:43Z,active,true,,,KILELE,
CT-201284,Fatima Zahra,samuel.zahra.delta3785@vg-eval.test,0703240659,KE,Mombasa,2026-08-26T16:30:48Z,active,false,,,KILELE,
CT-070967,Faith Dlamini,sarah.njenga.delta2364@vg-eval.test,0703124745,KE,Mombasa,2026-03-05T22:21:19Z,active,false,,,KILELE,corrected in Sept export
CT-073863,Dennis Elidrissi,alice.mwangi.delta738@vg-eval.test,025737036117,KE,Mombasa,2026-03-24T20:27:48Z,active,false,,,KILELE,corrected in Sept export
CT-061648,Isaac Berrada,fatima.bennani.delta1054@vg-eval.test,025733243610,KE,Machakos,2026-03-21T21:56:02Z,active,true,,,KILELE,corrected in Sept export
CT-067577,Esther Haddad,lerato.njenga.delta223@vg-eval.test,+254 725 266 394,KE,Kisumu,2026-04-16T21:40:11Z,active,true,,,KILELE,corrected in Sept export
CT-061807,Fatima Nkosi,victor.njenga.delta1863@vg-eval.test,025713406483,KE,Machakos,2026-02-07T09:42:09Z,active,true,,,KILELE,corrected in Sept export
CT-025765,Dennis Elidrissi,nomsa.cheruiyot.delta1590@vg-eval.test,0715479272,KE,Malindi,2026-04-01T20:46:19Z,active,false,,,KILELE,corrected in Sept export
CT-201110,Johan Benali,rachid.mutua.delta3611@vg-eval.test,+254 734 696 777,KE,Machakos,2026-08-26T00:30:58Z,active,false,,,KILELE,
CT-065832,Simon Cheruiyot,nancy.kiptoo.delta1461@vg-eval.test,254-728-509109,KE,Nairobi,2026-01-10T21:06:31Z,active,true,,,KILELE,corrected in Sept export
CT-008472,Victor Odhiambo,brian.alaoui.delta2095@vg-eval.test,254-735-394915,KE,Nakuru,2026-02-21T08:11:26Z,active,true,,,KILELE,corrected in Sept export
CT-201181,Lucy Zahra,ann.njoroge.delta3682@vg-eval.test,025713553758,KE,Machakos,2026-08-15T21:07:05Z,active,true,,,KILELE,
CT-200652,Lucy Benali,david.nkosi.delta3153@vg-eval.test,0727830781,KE,Machakos,2026-08-24T14:38:05Z,active,true,,,KILELE,
CT-041046,Fatima Haddad,alice.barasa.delta1581@vg-eval.test,025709330303,KE,Kericho,2026-02-28T10:53:09Z,active,false,,,KILELE,corrected in Sept export
CT-035467,Faith Kamau,johan.berrada.delta448@vg-eval.test,0700397991,KE,Kericho,2026-02-05T09:53:48Z,active,true,,,KILELE,corrected in Sept export
CT-064450,Ruth Kimani,david.kimani.delta93@vg-eval.test,0736012237,KE,Eldoret,2026-03-10T18:13:11Z,active,true,,,KILELE,corrected in Sept export
CT-201546,Dennis Fassi,victor.odhiambo.delta4047@vg-eval.test,+254 704 387 578,KE,Thika,2026-08-20T23:20:32Z,active,true,,,KILELE,
CT-049947,Kevin Okoth,alice.alaoui.delta790@vg-eval.test,254-718-537603,KE,Machakos,2026-03-05T20:11:53Z,active,true,,,KILELE,corrected in Sept export
CT-026446,Daniel Mutua,rose.naidoo.delta1711@vg-eval.test,0722294009,KE,Eldoret,2026-04-03T07:19:01Z,active,false,,,KILELE,corrected in Sept export
CT-051412,Yassine Haddad,caroline.bennani.delta2@vg-eval.test,025722964835,KE,Nyeri,2026-02-09T09:11:53Z,active,false,,,KILELE,corrected in Sept export
CT-014431,James Nkosi,diana.zahra.delta566@vg-eval.test,025734652954,KE,Mombasa,2026-03-18T01:46:29Z,active,true,,,KILELE,corrected in Sept export
CT-035665,Mary Odhiambo,isaac.kamau.delta309@vg-eval.test,025731354121,KE,Thika,2026-04-04T16:44:04Z,active,true,,,KILELE,corrected in Sept export
CT-042537,David Haddad,layla.otieno.delta1128@vg-eval.test,025715331829,KE,Nyeri,2026-02-01T04:10:14Z,active,false,,,KILELE,corrected in Sept export
CT-066491,Peter Naidoo,peter.mwangi.delta580@vg-eval.test,025735249413,KE,Nakuru,2026-01-11T07:18:06Z,active,false,,,KILELE,corrected in Sept export
CT-200743,Kevin Kimani,victor.elidrissi.delta3244@vg-eval.test,254-706-081273,KE,Malindi,2026-08-24T10:49:14Z,active,true,,,KILELE,
CT-200401,Karim Pretorius,david.kiptoo.delta2902@vg-eval.test,025730013682,KE,Malindi,2026-08-19T05:04:26Z,active,true,,,KILELE,
CT-012083,Daniel Odhiambo,johan.benali.delta719@vg-eval.test,0739745860,KE,Kericho,2026-02-20T22:49:13Z,active,true,,,KILELE,corrected in Sept export
CT-029658,Johan Tazi,amina.njenga.delta654@vg-eval.test,0730852814,KE,Thika,2026-02-24T07:21:33Z,active,true,,,KILELE,corrected in Sept export
CT-077093,Alice Njoroge,lerato.zahra.delta340@vg-eval.test,025722179899,KE,Nyeri,2026-01-12T10:35:28Z,active,false,,,KILELE,corrected in Sept export
CT-034988,Yassine Tazi,george.alaoui.delta1000@vg-eval.test,+254 722 674 782,KE,Eldoret,2026-02-26T10:22:44Z,active,false,,,KILELE,corrected in Sept export
CT-201466,David Njenga,mercy.elidrissi.delta3967@vg-eval.test,+254 724 296 418,KE,Nairobi,2026-08-21T17:17:31Z,active,false,,,KILELE,
CT-201500,Rachid Mokoena,fatima.berrada.delta4001@vg-eval.test,0707453794,KE,Kericho,2026-08-25T16:28:28Z,active,false,,,KILELE,
CT-201525,Peter Zahra,salma.mutua.delta4026@vg-eval.test,025718190488,KE,Eldoret,2026-08-13T17:54:30Z,active,true,,,KILELE,
CT-019580,Amina Zahra,daniel.mokoena.delta506@vg-eval.test,+254 720 336 793,KE,Nyeri,2026-01-21T03:47:26Z,active,true,,,KILELE,corrected in Sept export
CT-046156,John Naidoo,samuel.fassi.delta1296@vg-eval.test,025712877942,KE,Kisumu,2026-03-07T01:01:26Z,active,true,,,KILELE,corrected in Sept export
CT-016988,Johan Kamau,nancy.kiptoo.delta1471@vg-eval.test,0708684649,KE,Kisumu,2026-01-12T18:54:14Z,active,true,,,KILELE,corrected in Sept export
CT-027598,Sarah Haddad,lerato.njenga.delta999@vg-eval.test,025713815512,KE,Thika,2026-02-16T09:24:54Z,active,true,,,KILELE,corrected in Sept export
CT-201394,Thandi Pretorius,george.benali.delta3895@vg-eval.test,+254 729 775 881,KE,Nairobi,2026-08-19T04:05:53Z,active,false,,,KILELE,
CT-201538,Sarah Mutua,joan.bennani.delta4039@vg-eval.test,+254 709 465 528,KE,Thika,2026-08-31T21:51:53Z,active,false,,,KILELE,
CT-058711,Isaac Njenga,faith.alaoui.delta1226@vg-eval.test,+254 739 279 438,KE,Thika,2026-01-06T20:10:08Z,active,true,,,KILELE,corrected in Sept export
CT-021042,Layla Okoth,james.dlamini.delta1478@vg-eval.test,0733425009,KE,Kisumu,2026-03-05T22:10:12Z,active,false,,,KILELE,corrected in Sept export
CT-201477,Alice Wafula,faith.naidoo.delta3978@vg-eval.test,025706660353,KE,Machakos,2026-08-07T15:47:24Z,active,false,,,KILELE,
CT-066545,Sarah Mwangi,sipho.naidoo.delta773@vg-eval.test,025726564447,KE,Thika,2026-02-10T18:14:14Z,active,false,,,KILELE,corrected in Sept export
CT-045619,Peter Bennani,ruth.mwangi.delta2142@vg-eval.test,254-732-557776,KE,Nairobi,2026-04-16T12:00:27Z,active,true,,,KILELE,corrected in Sept export
CT-200543,Brian Mutua,dennis.kiptoo.delta3044@vg-eval.test,254-701-305103,KE,Nairobi,2026-08-18T00:37:14Z,active,true,,,KILELE,
CT-029343,Brian Alaoui,thandi.wafula.delta1699@vg-eval.test,025707854771,KE,Nairobi,2026-03-20T15:49:53Z,active,false,,,KILELE,corrected in Sept export
CT-045956,Omar Mwangi,peter.zahra.delta2313@vg-eval.test,0724906289,KE,Kericho,2026-01-08T21:54:54Z,active,true,,,KILELE,corrected in Sept export
CT-200370,Pieter Bennani,mary.pretorius.delta2871@vg-eval.test,+254 726 655 228,KE,Nyeri,2026-08-31T14:12:30Z,active,true,,,KILELE,
CT-080020,Ruth Kimani,nomsa.elidrissi.delta1460@vg-eval.test,025735930908,KE,Malindi,2026-02-06T04:02:54Z,active,false,,,KILELE,corrected in Sept export
CT-200648,Diana Dlamini,ruth.tazi.delta3149@vg-eval.test,0721283328,KE,Machakos,2026-08-19T18:22:27Z,active,true,,,KILELE,
CT-069327,John Odhiambo,peter.odhiambo.delta431@vg-eval.test,254-736-382154,KE,Eldoret,2026-02-18T12:53:49Z,active,true,,,KILELE,corrected in Sept export
CT-034158,Omar Njenga,fatima.otieno.delta2123@vg-eval.test,+254 703 733 491,KE,Thika,2026-02-26T19:45:54Z,active,true,,,KILELE,corrected in Sept export
CT-200350,Ruth Otieno,esther.fassi.delta2851@vg-eval.test,+254 727 007 897,KE,Nakuru,2026-08-22T14:48:55Z,active,true,,,KILELE,
CT-200471,Pieter Benali,sipho.kimani.delta2972@vg-eval.test,254-737-961434,KE,Machakos,2026-08-31T08:45:52Z,active,true,,,KILELE,
CT-200890,Ruth Kiptoo,sarah.achieng.delta3391@vg-eval.test,+254 704 863 579,KE,Machakos,2026-08-22T23:06:15Z,active,false,,,KILELE,
CT-072314,Omar Benali,isaac.tazi.delta992@vg-eval.test,254-710-506233,KE,Machakos,2026-02-14T10:42:09Z,active,false,,,KILELE,corrected in Sept export
CT-050286,James Fassi,amina.elidrissi.delta1175@vg-eval.test,0733205156,KE,Malindi,2026-02-04T08:51:08Z,active,true,,,KILELE,corrected in Sept export
CT-200756,Pieter Mutua,sipho.haddad.delta3257@vg-eval.test,0718787211,KE,Kericho,2026-08-21T02:44:28Z,active,false,,,KILELE,
CT-200223,Omar Elidrissi,kevin.mwangi.delta2724@vg-eval.test,254-735-439924,KE,Thika,2026-08-20T00:45:48Z,active,false,,,KILELE,
CT-011661,Layla Nkosi,nancy.cheruiyot.delta931@vg-eval.test,+254 722 842 517,KE,Mombasa,2026-02-15T06:13:36Z,active,true,,,KILELE,corrected in Sept export
CT-201341,Lucy Cheruiyot,simon.alaoui.delta3842@vg-eval.test,025734039569,KE,Mombasa,2026-08-01T19:32:19Z,active,false,,,KILELE,
CT-025063,Ann Benali,joan.fassi.delta1085@vg-eval.test,0703481604,KE,Kisumu,2026-02-25T08:38:22Z,active,false,,,KILELE,corrected in Sept export
CT-200630,Thandi Njenga,victor.odhiambo.delta3131@vg-eval.test,+254 720 059 326,KE,Kisumu,2026-08-23T22:45:33Z,active,true,,,KILELE,
CT-200260,Johan Wafula,fatima.njenga.delta2761@vg-eval.test,0713139581,KE,Nairobi,2026-08-26T09:10:04Z,active,false,,,KILELE,
CT-201340,Rose Barasa,dennis.berrada.delta3841@vg-eval.test,0705531270,KE,Kisumu,2026-08-23T00:52:05Z,active,false,,,KILELE,
CT-072513,Faith Naidoo,fatima.zahra.delta2359@vg-eval.test,+254 718 548 544,KE,Kericho,2026-01-15T14:15:23Z,active,true,,,KILELE,corrected in Sept export
CT-200319,Daniel Okoth,esther.elidrissi.delta2820@vg-eval.test,254-705-712682,KE,Nyeri,2026-08-23T22:49:48Z,active,true,,,KILELE,
CT-201442,George Kimani,karim.alaoui.delta3943@vg-eval.test,+254 723 539 731,KE,Mombasa,2026-08-01T22:56:00Z,active,false,,,KILELE,
CT-201492,Daniel Vermeulen,mercy.pretorius.delta3993@vg-eval.test,0734717142,KE,Machakos,2026-08-17T06:21:55Z,active,false,,,KILELE,
CT-200132,John Otieno,nomsa.okoth.delta2633@vg-eval.test,0715720269,KE,Nairobi,2026-08-13T17:35:20Z,active,true,,,KILELE,
CT-030575,Joan Pretorius,rose.achieng.delta286@vg-eval.test,+254 731 183 554,KE,Kericho,2026-01-26T18:39:16Z,active,false,,,KILELE,corrected in Sept export
CT-200174,Brian Wafula,samuel.zahra.delta2675@vg-eval.test,+254 703 866 789,KE,Thika,2026-08-12T19:07:00Z,active,false,,,KILELE,
CT-044386,Yassine Otieno,paul.wafula.delta1062@vg-eval.test,+254 725 672 740,KE,Nyeri,2026-01-31T18:38:39Z,active,false,,,KILELE,corrected in Sept export
CT-201452,Ruth Wafula,faith.bennani.delta3953@vg-eval.test,0708284700,KE,Kericho,2026-08-18T12:59:02Z,active,true,,,KILELE,
CT-046614,Lerato Pretorius,lerato.otieno.delta2473@vg-eval.test,0735096689,KE,Nairobi,2026-01-24T22:19:15Z,active,true,,,KILELE,corrected in Sept export
CT-044059,Sipho Njoroge,rose.nkosi.delta439@vg-eval.test,025739861823,KE,Thika,2026-01-03T12:09:18Z,active,false,,,KILELE,corrected in Sept export
CT-010361,Layla Naidoo,simon.pretorius.delta962@vg-eval.test,025710225134,KE,Eldoret,2026-01-16T15:16:25Z,active,true,,,KILELE,corrected in Sept export
CT-063013,Sarah Benali,amina.tazi.delta1127@vg-eval.test,0733904742,KE,Thika,2026-03-14T00:27:42Z,active,false,,,KILELE,corrected in Sept export
CT-071768,Grace Alaoui,nancy.zahra.delta2278@vg-eval.test,025728980606,KE,Kisumu,2026-03-10T04:43:18Z,active,true,,,KILELE,corrected in Sept export
CT-043539,Lerato Dlamini,yassine.pretorius.delta878@vg-eval.test,254-716-202999,KE,Machakos,2026-02-13T23:28:28Z,active,false,,,KILELE,corrected in Sept export
CT-200496,Faith Mutua,sarah.kiptoo.delta2997@vg-eval.test,0715007668,KE,Mombasa,2026-08-13T12:37:10Z,active,false,,,KILELE,
CT-200741,Brian Dlamini,omar.mokoena.delta3242@vg-eval.test,025732383419,KE,Thika,2026-08-06T22:28:21Z,active,true,,,KILELE,
CT-026295,Lucy Zahra,esther.alaoui.delta560@vg-eval.test,0736653053,KE,Eldoret,2026-04-02T12:43:08Z,active,false,,,KILELE,corrected in Sept export
CT-200644,Samuel Vermeulen,john.zahra.delta3145@vg-eval.test,0702218498,KE,Mombasa,2026-08-17T05:41:34Z,active,true,,,KILELE,
CT-024822,John Mokoena,victor.pretorius.delta2454@vg-eval.test,025701503663,KE,Machakos,2026-03-22T12:47:59Z,active,true,,,KILELE,corrected in Sept export
CT-044769,Rose Kiptoo,samuel.njoroge.delta1851@vg-eval.test,0727178157,KE,Eldoret,2026-02-03T17:49:06Z,active,false,,,KILELE,corrected in Sept export
CT-068795,Zanele Kiptoo,zanele.naidoo.delta375@vg-eval.test,025734527321,KE,Kericho,2026-01-28T07:15:56Z,active,false,,,KILELE,corrected in Sept export
CT-200072,Lucy Mokoena,omar.mwangi.delta2573@vg-eval.test,0707403649,KE,Mombasa,2026-08-27T16:35:34Z,active,true,,,KILELE,
CT-050329,Yassine Kimani,james.naidoo.delta1282@vg-eval.test,025729664950,KE,Eldoret,2026-03-03T14:34:19Z,active,false,,,KILELE,corrected in Sept export
CT-200814,Caroline Vermeulen,diana.alaoui.delta3315@vg-eval.test,+254 711 471 747,KE,Kisumu,2026-08-31T12:37:41Z,active,false,,,KILELE,
CT-200270,Samuel Bennani,sarah.pretorius.delta2771@vg-eval.test,+254 725 033 399,KE,Machakos,2026-08-02T12:06:42Z,active,false,,,KILELE,
CT-200030,Sarah Odhiambo,brian.benali.delta2531@vg-eval.test,+254 714 514 481,KE,Nairobi,2026-08-15T21:11:04Z,active,false,,,KILELE,
CT-200117,Zanele Cheruiyot,pieter.elidrissi.delta2618@vg-eval.test,025709001529,KE,Nyeri,2026-08-21T15:47:04Z,active,true,,,KILELE,
CT-200196,Paul Alaoui,layla.dlamini.delta2697@vg-eval.test,0701156427,KE,Mombasa,2026-08-21T02:28:06Z,active,true,,,KILELE,
CT-201203,Esther Kiptoo,thandi.haddad.delta3704@vg-eval.test,254-726-827743,KE,Nakuru,2026-08-13T19:13:31Z,active,false,,,KILELE,
CT-200902,Thandi Haddad,peter.achieng.delta3403@vg-eval.test,+254 727 263 624,KE,Machakos,2026-08-31T22:08:42Z,active,false,,,KILELE,
CT-049516,James Vermeulen,mercy.kiptoo.delta2055@vg-eval.test,+254 732 997 670,KE,Mombasa,2026-02-02T09:11:23Z,active,false,,,KILELE,corrected in Sept export
CT-200770,Layla Alaoui,victor.kamau.delta3271@vg-eval.test,+254 728 357 667,KE,Kisumu,2026-08-13T04:30:32Z,active,true,,,KILELE,
CT-200181,Sipho Tazi,daniel.mokoena.delta2682@vg-eval.test,025703586429,KE,Mombasa,2026-08-15T02:18:07Z,active,false,,,KILELE,
CT-022143,Sarah Pretorius,nancy.benali.delta557@vg-eval.test,254-739-353789,KE,Kisumu,2026-03-21T23:50:58Z,active,false,,,KILELE,corrected in Sept export
CT-200048,James Kamau,diana.benali.delta2549@vg-eval.test,0738431486,KE,Thika,2026-08-17T05:02:04Z,active,true,,,KILELE,
CT-200381,Kevin Njoroge,lerato.zahra.delta2882@vg-eval.test,025707504696,KE,Nakuru,2026-08-17T09:27:11Z,active,false,,,KILELE,
CT-045313,Daniel Kimani,rachid.otieno.delta401@vg-eval.test,025739713852,KE,Machakos,2026-01-12T13:46:41Z,active,true,,,KILELE,corrected in Sept export
CT-200897,John Odhiambo,daniel.bennani.delta3398@vg-eval.test,025718786696,KE,Nyeri,2026-08-18T07:47:00Z,active,false,,,KILELE,
CT-077107,Kevin Tazi,nomsa.benali.delta2368@vg-eval.test,+254 739 239 433,KE,Kisumu,2026-02-28T22:09:20Z,active,true,,,KILELE,corrected in Sept export
CT-059795,John Elidrissi,david.wafula.delta1720@vg-eval.test,+254 703 411 165,KE,Kisumu,2026-02-13T16:10:38Z,active,false,,,KILELE,corrected in Sept export
CT-201633,Victor Nkosi,karim.wanjiru.delta4134@vg-eval.test,025716195971,KE,Mombasa,2026-08-29T12:05:05Z,active,false,,,KILELE,
CT-057460,Simon Mokoena,ruth.barasa.delta94@vg-eval.test,025721753824,KE,Machakos,2026-01-21T11:24:52Z,active,false,,,KILELE,corrected in Sept export
CT-000483,Thandi Wanjiru,mary.odhiambo.delta2485@vg-eval.test,025702023828,KE,Machakos,2026-03-20T22:00:52Z,active,true,,,KILELE,corrected in Sept export
CT-200337,Yassine Mwangi,johan.mutua.delta2838@vg-eval.test,025736088708,KE,Machakos,2026-08-03T05:36:58Z,active,false,,,KILELE,
CT-052026,Grace Kamau,lucy.zahra.delta736@vg-eval.test,+254 728 171 196,KE,Nyeri,2026-01-09T12:34:25Z,active,true,,,KILELE,corrected in Sept export
CT-200096,Pieter Mutua,lerato.otieno.delta2597@vg-eval.test,0739769780,KE,Machakos,2026-08-22T23:01:12Z,active,false,,,KILELE,
CT-059904,Thandi Odhiambo,brian.elidrissi.delta846@vg-eval.test,254-734-205395,KE,Eldoret,2026-03-27T13:49:08Z,active,false,,,KILELE,corrected in Sept export
CT-030123,Ruth Otieno,kevin.mwangi.delta57@vg-eval.test,254-733-439935,KE,Eldoret,2026-03-06T16:29:54Z,active,true,,,KILELE,corrected in Sept export
CT-021222,Johan Kiptoo,grace.cheruiyot.delta2409@vg-eval.test,025712430526,KE,Eldoret,2026-03-14T18:13:39Z,active,true,,,KILELE,corrected in Sept export
CT-200301,Fatima Njenga,johan.nkosi.delta2802@vg-eval.test,025724497986,KE,Nyeri,2026-08-13T15:21:35Z,active,true,,,KILELE,
CT-022780,Mary Achieng,amina.okoth.delta1199@vg-eval.test,025719670197,KE,Kericho,2026-01-20T01:29:20Z,active,false,,,KILELE,corrected in Sept export
CT-050735,Ann Kamau,lucy.benali.delta2166@vg-eval.test,254-735-656302,KE,Eldoret,2026-02-19T08:44:45Z,active,true,,,KILELE,corrected in Sept export
CT-200312,John Dlamini,samuel.haddad.delta2813@vg-eval.test,0701844037,KE,Machakos,2026-08-09T23:44:51Z,active,false,,,KILELE,
CT-051371,Joan Vermeulen,layla.benali.delta777@vg-eval.test,+254 726 383 439,KE,Malindi,2026-03-31T01:54:24Z,active,true,,,KILELE,corrected in Sept export
CT-200954,David Wanjiru,michael.naidoo.delta3455@vg-eval.test,+254 716 805 493,KE,Kisumu,2026-08-13T05:23:17Z,active,false,,,KILELE,
CT-062463,Yassine Mwangi,grace.haddad.delta833@vg-eval.test,025714737576,KE,Nyeri,2026-03-14T01:08:11Z,active,false,,,KILELE,corrected in Sept export
CT-033877,Amina Zahra,ruth.berrada.delta1930@vg-eval.test,254-726-704321,KE,Nyeri,2026-02-27T11:07:08Z,active,true,,,KILELE,corrected in Sept export
CT-048856,Simon Alaoui,alice.kiptoo.delta1086@vg-eval.test,0731544540,KE,Kisumu,2026-04-02T00:51:07Z,active,false,,,KILELE,corrected in Sept export
CT-201435,James Barasa,samuel.mokoena.delta3936@vg-eval.test,254-707-617628,KE,Mombasa,2026-08-05T03:48:41Z,active,false,,,KILELE,
CT-072738,Kevin Haddad,nancy.wanjiru.delta2137@vg-eval.test,+254 722 556 854,KE,Nakuru,2026-01-08T21:08:34Z,active,false,,,KILELE,corrected in Sept export
CT-001174,Fatima Njenga,victor.achieng.delta909@vg-eval.test,025735632798,KE,Mombasa,2026-03-01T08:57:46Z,active,true,,,KILELE,corrected in Sept export
CT-201023,Dennis Mokoena,zanele.njoroge.delta3524@vg-eval.test,254-723-738039,KE,Malindi,2026-08-26T15:00:07Z,active,true,,,KILELE,
CT-201128,Diana Alaoui,daniel.haddad.delta3629@vg-eval.test,0719841738,KE,Nairobi,2026-08-06T14:26:17Z,active,true,,,KILELE,
CT-029706,Omar Alaoui,diana.berrada.delta460@vg-eval.test,0739096705,KE,Nakuru,2026-01-07T21:15:53Z,active,true,,,KILELE,corrected in Sept export
CT-008124,Omar Bennani,joan.kiptoo.delta1812@vg-eval.test,025717807334,KE,Machakos,2026-04-09T12:59:22Z,active,false,,,KILELE,corrected in Sept export
CT-201190,Kevin Njoroge,nomsa.bennani.delta3691@vg-eval.test,+254 724 030 449,KE,Thika,2026-08-03T15:47:29Z,active,true,,,KILELE,
CT-201174,Victor Achieng,nomsa.dlamini.delta3675@vg-eval.test,+254 714 621 081,KE,Nyeri,2026-08-20T10:08:52Z,active,false,,,KILELE,
CT-200663,James Kamau,zanele.wafula.delta3164@vg-eval.test,254-733-570619,KE,Kisumu,2026-08-18T11:56:39Z,active,false,,,KILELE,
CT-200859,Isaac Mokoena,james.wanjiru.delta3360@vg-eval.test,254-727-810150,KE,Nakuru,2026-08-12T20:34:53Z,active,false,,,KILELE,
CT-024768,Fatima Berrada,simon.zahra.delta1267@vg-eval.test,254-707-365649,KE,Kisumu,2026-02-11T02:03:15Z,active,true,,,KILELE,corrected in Sept export
CT-006862,David Cheruiyot,mercy.njoroge.delta2349@vg-eval.test,025711050120,KE,Nakuru,2026-01-03T22:27:17Z,active,true,,,KILELE,corrected in Sept export
CT-027697,Brian Mokoena,lucy.kimani.delta597@vg-eval.test,025725645035,KE,Mombasa,2026-04-14T08:48:25Z,active,false,,,KILELE,corrected in Sept export
CT-200541,Mary Pretorius,lucy.mokoena.delta3042@vg-eval.test,025715526576,KE,Nairobi,2026-08-02T13:25:41Z,active,false,,,KILELE,
CT-014176,Lucy Wafula,mary.zahra.delta1124@vg-eval.test,025710544782,KE,Malindi,2026-01-01T18:19:06Z,active,true,,,KILELE,corrected in Sept export
CT-201358,Daniel Mutua,sarah.otieno.delta3859@vg-eval.test,+254 734 101 637,KE,Thika,2026-08-18T19:27:05Z,active,false,,,KILELE,
CT-201247,Ruth Achieng,rachid.haddad.delta3748@vg-eval.test,254-702-628548,KE,Eldoret,2026-08-12T09:35:35Z,active,false,,,KILELE,
CT-012409,David Mokoena,lucy.wanjiru.delta2281@vg-eval.test,025701952264,KE,Nakuru,2026-01-26T06:47:54Z,active,false,,,KILELE,corrected in Sept export
CT-036559,James Alaoui,grace.okoth.delta948@vg-eval.test,254-738-108526,KE,Kericho,2026-03-14T13:33:08Z,active,false,,,KILELE,corrected in Sept export
CT-201583,Sipho Berrada,kevin.zahra.delta4084@vg-eval.test,254-710-185550,KE,Kisumu,2026-08-04T08:26:22Z,active,false,,,KILELE,
CT-069087,Caroline Wafula,grace.tazi.delta543@vg-eval.test,025709309965,KE,Machakos,2026-01-05T21:44:03Z,active,false,,,KILELE,corrected in Sept export
CT-201472,Fatima Fassi,lucy.mutua.delta3973@vg-eval.test,0706149231,KE,Nakuru,2026-08-31T03:29:18Z,active,true,,,KILELE,
CT-200523,Nancy Fassi,daniel.barasa.delta3024@vg-eval.test,254-703-753385,KE,Eldoret,2026-08-06T23:00:58Z,active,false,,,KILELE,
CT-200080,Brian Cheruiyot,john.otieno.delta2581@vg-eval.test,0714630868,KE,Nakuru,2026-08-23T16:46:38Z,active,false,,,KILELE,
CT-050641,Amina Vermeulen,peter.cheruiyot.delta1363@vg-eval.test,0722232193,KE,Mombasa,2026-03-27T18:31:37Z,active,true,,,KILELE,corrected in Sept export
CT-200546,Victor Cheruiyot,mary.naidoo.delta3047@vg-eval.test,+254 721 730 953,KE,Kericho,2026-08-29T23:52:34Z,active,true,,,KILELE,
CT-201660,Lucy Naidoo,sarah.wanjiru.delta4161@vg-eval.test,0734508359,KE,Machakos,2026-08-15T22:24:08Z,active,true,,,KILELE,
CT-073944,Ann Elidrissi,james.okoth.delta158@vg-eval.test,025722263814,KE,Kisumu,2026-04-04T11:49:19Z,active,true,,,KILELE,corrected in Sept export
CT-047315,Peter Nkosi,pieter.achieng.delta19@vg-eval.test,254-728-174186,KE,Kericho,2026-03-20T17:49:40Z,active,false,,,KILELE,corrected in Sept export
CT-201530,Caroline Wafula,ruth.zahra.delta4031@vg-eval.test,+254 733 430 814,KE,Nakuru,2026-08-19T19:45:45Z,active,true,,,KILELE,
CT-201527,Ann Okoth,diana.mutua.delta4028@vg-eval.test,254-716-825991,KE,Nakuru,2026-08-07T00:01:18Z,active,true,,,KILELE,
CT-200414,Ann Pretorius,sarah.kimani.delta2915@vg-eval.test,+254 735 041 001,KE,Malindi,2026-08-07T05:50:28Z,active,true,,,KILELE,
CT-200769,Mercy Kamau,mary.njoroge.delta3270@vg-eval.test,025714638460,KE,Kisumu,2026-08-01T22:17:32Z,active,true,,,KILELE,
CT-201378,Johan Barasa,rose.njoroge.delta3879@vg-eval.test,+254 731 608 680,KE,Nakuru,2026-08-08T20:27:15Z,active,false,,,KILELE,
CT-004670,Salma Barasa,mary.naidoo.delta659@vg-eval.test,0715968903,KE,Nairobi,2026-04-10T19:05:46Z,active,false,,,KILELE,corrected in Sept export
CT-200175,Rose Tazi,yassine.njenga.delta2676@vg-eval.test,254-737-092918,KE,Mombasa,2026-08-31T18:40:16Z,active,true,,,KILELE,
CT-015954,Kevin Kimani,yassine.dlamini.delta453@vg-eval.test,0735500619,KE,Mombasa,2026-03-16T14:30:17Z,active,false,,,KILELE,corrected in Sept export
CT-079833,Lucy Mutua,victor.mwangi.delta2016@vg-eval.test,0716054784,KE,Eldoret,2026-02-10T20:09:19Z,active,false,,,KILELE,corrected in Sept export
CT-066014,Thandi Kiptoo,rachid.mwangi.delta259@vg-eval.test,0720378483,KE,Mombasa,2026-02-12T16:36:06Z,active,true,,,KILELE,corrected in Sept export
CT-058338,Alice Naidoo,kevin.barasa.delta2325@vg-eval.test,0712618487,KE,Eldoret,2026-02-27T11:15:14Z,active,false,,,KILELE,corrected in Sept export
CT-022975,Amina Mokoena,sipho.vermeulen.delta1389@vg-eval.test,+254 727 123 901,KE,Nakuru,2026-04-10T05:31:12Z,active,false,,,KILELE,corrected in Sept export
CT-008329,Omar Dlamini,zanele.dlamini.delta608@vg-eval.test,025718938685,KE,Malindi,2026-04-15T02:47:03Z,active,false,,,KILELE,corrected in Sept export
CT-040951,George Bennani,sipho.naidoo.delta1479@vg-eval.test,0701759362,KE,Thika,2026-01-21T07:14:44Z,active,true,,,KILELE,corrected in Sept export
CT-201549,Alice Naidoo,lerato.cheruiyot.delta4050@vg-eval.test,025729652219,KE,Thika,2026-08-22T13:50:40Z,active,true,,,KILELE,
CT-050829,James Cheruiyot,diana.nkosi.delta1885@vg-eval.test,254-701-275540,KE,Mombasa,2026-01-24T02:43:38Z,active,true,,,KILELE,corrected in Sept export
CT-201020,Lucy Achieng,ann.zahra.delta3521@vg-eval.test,0710632078,KE,Nairobi,2026-08-01T13:33:14Z,active,true,,,KILELE,
CT-047908,Samuel Pretorius,thandi.alaoui.delta573@vg-eval.test,254-703-315630,KE,Kisumu,2026-02-09T08:18:34Z,active,false,,,KILELE,corrected in Sept export
CT-200536,Sipho Benali,johan.alaoui.delta3037@vg-eval.test,0713348293,KE,Kisumu,2026-08-14T21:56:24Z,active,false,,,KILELE,
CT-071310,Simon Mutua,pieter.fassi.delta2338@vg-eval.test,025726551285,KE,Kisumu,2026-04-15T23:13:21Z,active,false,,,KILELE,corrected in Sept export
CT-012658,Brian Cheruiyot,sarah.wanjiru.delta2476@vg-eval.test,+254 712 809 249,KE,Nairobi,2026-03-30T19:57:30Z,active,false,,,KILELE,corrected in Sept export
CT-201222,Grace Njenga,isaac.cheruiyot.delta3723@vg-eval.test,+254 733 079 353,KE,Kisumu,2026-08-09T07:47:53Z,active,true,,,KILELE,
CT-200643,Mercy Kamau,peter.vermeulen.delta3144@vg-eval.test,254-700-806447,KE,Nairobi,2026-08-27T17:09:34Z,active,true,,,KILELE,
CT-066857,Nomsa Mokoena,dennis.mokoena.delta1607@vg-eval.test,0710893792,KE,Machakos,2026-03-17T22:28:03Z,active,true,,,KILELE,corrected in Sept export
CT-044627,Fatima Vermeulen,fatima.kiptoo.delta263@vg-eval.test,0734654156,KE,Nyeri,2026-03-26T00:37:37Z,active,true,,,KILELE,corrected in Sept export
CT-025814,Yassine Mokoena,pieter.haddad.delta498@vg-eval.test,0723299019,KE,Eldoret,2026-01-15T18:22:04Z,active,false,,,KILELE,corrected in Sept export
CT-006196,Omar Bennani,isaac.cheruiyot.delta151@vg-eval.test,0722237427,KE,Malindi,2026-02-17T05:20:32Z,active,true,,,KILELE,corrected in Sept export
CT-200363,Pieter Elidrissi,esther.wanjiru.delta2864@vg-eval.test,254-728-158944,KE,Nakuru,2026-08-15T22:31:24Z,active,true,,,KILELE,
CT-075487,Diana Barasa,mary.njoroge.delta2171@vg-eval.test,0728860420,KE,Nakuru,2026-01-17T12:47:01Z,active,false,,,KILELE,corrected in Sept export
CT-004954,Alice Njoroge,george.dlamini.delta699@vg-eval.test,025720392506,KE,Kericho,2026-04-12T13:21:34Z,active,false,,,KILELE,corrected in Sept export
CT-200400,Fatima Njoroge,mercy.mutua.delta2901@vg-eval.test,0715333317,KE,Nyeri,2026-08-15T02:13:33Z,active,false,,,KILELE,
CT-010255,Rose Otieno,amina.dlamini.delta1308@vg-eval.test,0708421065,KE,Thika,2026-03-21T19:39:55Z,active,false,,,KILELE,corrected in Sept export
CT-044165,Omar Benali,rose.haddad.delta2315@vg-eval.test,+254 720 243 463,KE,Malindi,2026-03-24T15:31:41Z,active,true,,,KILELE,corrected in Sept export
CT-201671,Sarah Cheruiyot,nancy.berrada.delta4172@vg-eval.test,254-736-600475,KE,Malindi,2026-08-29T05:48:43Z,active,false,,,KILELE,
CT-018624,Alice Cheruiyot,daniel.wanjiru.delta489@vg-eval.test,025700660051,KE,Nairobi,2026-03-27T23:02:19Z,active,false,,,KILELE,corrected in Sept export
CT-013511,Isaac Zahra,omar.achieng.delta743@vg-eval.test,025738654080,KE,Nyeri,2026-03-14T00:12:10Z,active,false,,,KILELE,corrected in Sept export
CT-071570,Johan Benali,pieter.dlamini.delta1723@vg-eval.test,0707006456,KE,Mombasa,2026-04-10T11:07:39Z,active,false,,,KILELE,corrected in Sept export
CT-039351,John Njenga,esther.wanjiru.delta1279@vg-eval.test,0731984824,KE,Mombasa,2026-01-17T16:25:28Z,active,false,,,KILELE,corrected in Sept export
CT-006165,Nomsa Haddad,layla.kimani.delta1543@vg-eval.test,025718304275,KE,Kericho,2026-02-07T10:30:42Z,active,true,,,KILELE,corrected in Sept export
CT-201486,George Berrada,rachid.dlamini.delta3987@vg-eval.test,+254 710 166 291,KE,Nyeri,2026-08-14T09:41:40Z,active,false,,,KILELE,
CT-075454,Mary Wanjiru,caroline.mutua.delta2252@vg-eval.test,254-737-483373,KE,Eldoret,2026-01-01T19:45:06Z,active,true,,,KILELE,corrected in Sept export
CT-057307,Thandi Mwangi,sarah.tazi.delta201@vg-eval.test,254-704-541536,KE,Kisumu,2026-04-12T03:31:18Z,active,false,,,KILELE,corrected in Sept export
CT-045499,Johan Alaoui,mary.bennani.delta1384@vg-eval.test,025728370766,KE,Nairobi,2026-03-06T10:25:04Z,active,true,,,KILELE,corrected in Sept export
CT-200878,Nancy Kamau,sarah.mwangi.delta3379@vg-eval.test,+254 739 862 922,KE,Nairobi,2026-08-23T17:50:32Z,active,true,,,KILELE,
CT-019427,Diana Kimani,john.zahra.delta1967@vg-eval.test,+254 709 973 840,KE,Malindi,2026-02-28T16:14:00Z,active,true,,,KILELE,corrected in Sept export
CT-201571,Nomsa Fassi,nomsa.elidrissi.delta4072@vg-eval.test,254-726-798346,KE,Machakos,2026-08-11T13:48:37Z,active,false,,,KILELE,
CT-069642,George Naidoo,omar.bennani.delta1700@vg-eval.test,0732214807,KE,Mombasa,2026-02-25T22:59:56Z,active,false,,,KILELE,corrected in Sept export
CT-200727,Yassine Wafula,alice.naidoo.delta3228@vg-eval.test,254-711-333015,KE,Mombasa,2026-08-15T21:51:09Z,active,true,,,KILELE,
CT-017464,Diana Kimani,esther.mutua.delta155@vg-eval.test,+254 703 273 399,KE,Machakos,2026-02-09T22:58:05Z,active,false,,,KILELE,corrected in Sept export
CT-201240,Simon Naidoo,karim.njenga.delta3741@vg-eval.test,0701700733,KE,Nakuru,2026-08-21T20:16:40Z,active,false,,,KILELE,
CT-200802,Lerato Barasa,karim.alaoui.delta3303@vg-eval.test,+254 736 939 387,KE,Malindi,2026-08-31T03:00:21Z,active,true,,,KILELE,
CT-201487,Michael Mutua,george.naidoo.delta3988@vg-eval.test,254-711-326749,KE,Thika,2026-08-23T23:23:14Z,active,true,,,KILELE,
CT-037675,Yassine Vermeulen,ruth.cheruiyot.delta591@vg-eval.test,254-729-624503,KE,Thika,2026-01-27T05:33:02Z,active,false,,,KILELE,corrected in Sept export
CT-004372,Mercy Wanjiru,salma.mutua.delta399@vg-eval.test,254-709-163000,KE,Nakuru,2026-01-16T02:24:08Z,active,true,,,KILELE,corrected in Sept export
CT-038573,Pieter Vermeulen,david.alaoui.delta532@vg-eval.test,254-732-482413,KE,Kisumu,2026-03-01T16:59:49Z,active,false,,,KILELE,corrected in Sept export
CT-200150,Pieter Tazi,samuel.haddad.delta2651@vg-eval.test,+254 731 964 961,KE,Mombasa,2026-08-30T21:35:30Z,active,false,,,KILELE,
CT-063263,Lerato Benali,kevin.haddad.delta1434@vg-eval.test,025705604660,KE,Kisumu,2026-02-12T10:40:35Z,active,false,,,KILELE,corrected in Sept export
CT-033561,Mercy Mwangi,joan.fassi.delta2023@vg-eval.test,+254 725 618 528,KE,Eldoret,2026-03-11T17:35:38Z,active,true,,,KILELE,corrected in Sept export
CT-201154,Rachid Kimani,george.fassi.delta3655@vg-eval.test,+254 706 344 923,KE,Machakos,2026-08-24T18:18:37Z,active,false,,,KILELE,
CT-000303,Sarah Alaoui,caroline.nkosi.delta1351@vg-eval.test,0721522570,KE,Eldoret,2026-03-15T02:11:16Z,active,true,,,KILELE,corrected in Sept export
CT-200554,Esther Zahra,paul.mwangi.delta3055@vg-eval.test,+254 720 077 306,KE,Nyeri,2026-08-13T13:50:55Z,active,false,,,KILELE,
CT-200220,George Okoth,zanele.mokoena.delta2721@vg-eval.test,0716941964,KE,Kericho,2026-08-25T04:17:30Z,active,false,,,KILELE,
CT-201239,Omar Odhiambo,johan.pretorius.delta3740@vg-eval.test,254-710-862252,KE,Mombasa,2026-08-25T02:42:07Z,active,false,,,KILELE,
CT-019404,Amina Fassi,isaac.pretorius.delta398@vg-eval.test,254-703-537227,KE,Nakuru,2026-03-13T07:47:55Z,active,true,,,KILELE,corrected in Sept export
CT-200858,Rachid Mwangi,george.dlamini.delta3359@vg-eval.test,+254 719 834 916,KE,Nairobi,2026-08-17T22:34:33Z,active,true,,,KILELE,
CT-075861,Lucy Cheruiyot,faith.njoroge.delta564@vg-eval.test,025719480675,KE,Nakuru,2026-02-17T07:04:23Z,active,false,,,KILELE,corrected in Sept export
CT-002629,George Tazi,faith.achieng.delta2443@vg-eval.test,0734938505,KE,Nyeri,2026-03-17T14:43:09Z,active,false,,,KILELE,corrected in Sept export
CT-028017,Ruth Kimani,alice.kimani.delta1810@vg-eval.test,025727760007,KE,Nairobi,2026-02-10T16:13:52Z,active,true,,,KILELE,corrected in Sept export
CT-001930,Mercy Haddad,caroline.wanjiru.delta2284@vg-eval.test,025709108008,KE,Nairobi,2026-03-30T20:01:47Z,active,true,,,KILELE,corrected in Sept export
CT-201198,Fatima Kiptoo,layla.fassi.delta3699@vg-eval.test,+254 702 787 857,KE,Nyeri,2026-08-21T00:29:56Z,active,true,,,KILELE,
CT-200093,Lerato Njoroge,isaac.achieng.delta2594@vg-eval.test,025703878006,KE,Nairobi,2026-08-12T04:50:59Z,active,false,,,KILELE,
CT-200109,Thandi Zahra,layla.elidrissi.delta2610@vg-eval.test,025706640293,KE,Thika,2026-08-23T03:07:33Z,active,false,,,KILELE,
CT-052478,Nancy Zahra,caroline.barasa.delta622@vg-eval.test,0735200241,KE,Nairobi,2026-04-02T16:13:52Z,active,false,,,KILELE,corrected in Sept export
CT-044132,Daniel Njoroge,yassine.bennani.delta2361@vg-eval.test,025706802424,KE,Nyeri,2026-03-29T16:01:28Z,active,false,,,KILELE,corrected in Sept export
CT-061809,James Alaoui,samuel.vermeulen.delta1244@vg-eval.test,0731420143,KE,Nyeri,2026-03-28T11:36:43Z,active,false,,,KILELE,corrected in Sept export
CT-201196,Sarah Njenga,david.njenga.delta3697@vg-eval.test,0718481560,KE,Eldoret,2026-08-06T12:13:06Z,active,false,,,KILELE,
CT-201658,Victor Haddad,brian.achieng.delta4159@vg-eval.test,+254 726 111 933,KE,Machakos,2026-08-19T01:50:31Z,active,false,,,KILELE,
CT-200259,Alice Dlamini,layla.wanjiru.delta2760@vg-eval.test,254-728-621233,KE,Nakuru,2026-08-16T19:40:20Z,active,true,,,KILELE,
CT-028832,George Kamau,george.benali.delta1877@vg-eval.test,+254 706 427 525,KE,Nakuru,2026-03-22T19:44:25Z,active,false,,,KILELE,corrected in Sept export
CT-200857,Ruth Cheruiyot,rose.fassi.delta3358@vg-eval.test,025709030083,KE,Machakos,2026-08-15T23:13:05Z,active,true,,,KILELE,
CT-046645,Alice Barasa,michael.tazi.delta277@vg-eval.test,025739611693,KE,Thika,2026-04-06T13:53:29Z,active,false,,,KILELE,corrected in Sept export
CT-053819,Isaac Achieng,omar.odhiambo.delta1765@vg-eval.test,+254 710 243 687,KE,Machakos,2026-01-02T14:46:25Z,active,false,,,KILELE,corrected in Sept export
CT-200697,Simon Fassi,omar.benali.delta3198@vg-eval.test,025731799355,KE,Eldoret,2026-08-03T06:38:12Z,active,false,,,KILELE,
CT-072248,Caroline Barasa,mary.mwangi.delta1712@vg-eval.test,254-723-700011,KE,Kericho,2026-03-05T22:53:18Z,active,true,,,KILELE,corrected in Sept export
CT-200022,Peter Achieng,john.naidoo.delta2523@vg-eval.test,+254 707 162 152,KE,Eldoret,2026-08-21T01:05:30Z,active,false,,,KILELE,
CT-068370,Peter Vermeulen,sipho.barasa.delta1955@vg-eval.test,0725945365,KE,Malindi,2026-01-22T07:11:32Z,active,true,,,KILELE,corrected in Sept export
CT-046425,Brian Haddad,thandi.barasa.delta2337@vg-eval.test,0719227651,KE,Mombasa,2026-01-26T17:30:23Z,active,false,,,KILELE,corrected in Sept export
CT-068884,Michael Wanjiru,zanele.tazi.delta554@vg-eval.test,254-702-048560,KE,Thika,2026-04-13T19:46:15Z,active,false,,,KILELE,corrected in Sept export
CT-200056,Alice Mokoena,pieter.elidrissi.delta2557@vg-eval.test,0738423895,KE,Machakos,2026-08-23T07:19:13Z,active,true,,,KILELE,
CT-080512,Caroline Alaoui,layla.elidrissi.delta1055@vg-eval.test,025717736576,KE,Nairobi,2026-03-06T00:41:25Z,active,false,,,KILELE,corrected in Sept export
CT-017801,Diana Mutua,samuel.benali.delta1983@vg-eval.test,025700828155,KE,Nakuru,2026-01-31T03:08:04Z,active,false,,,KILELE,corrected in Sept export
CT-200898,Sipho Vermeulen,nomsa.okoth.delta3399@vg-eval.test,+254 724 307 028,KE,Machakos,2026-08-27T05:28:21Z,active,false,,,KILELE,
CT-050170,Amina Zahra,johan.zahra.delta561@vg-eval.test,0707959977,KE,Eldoret,2026-02-25T14:31:21Z,active,false,,,KILELE,corrected in Sept export
CT-014187,Sipho Kamau,lerato.wanjiru.delta2242@vg-eval.test,0724131632,KE,Mombasa,2026-03-17T15:46:44Z,active,true,,,KILELE,corrected in Sept export
CT-200212,Rose Otieno,mercy.kamau.delta2713@vg-eval.test,0724217229,KE,Malindi,2026-08-10T03:15:50Z,active,false,,,KILELE,
CT-062587,Simon Kamau,esther.barasa.delta2486@vg-eval.test,0711377421,KE,Nairobi,2026-01-09T00:01:03Z,active,true,,,KILELE,corrected in Sept export
CT-056496,Mercy Wafula,david.njenga.delta1609@vg-eval.test,+254 720 441 729,KE,Eldoret,2026-03-12T13:01:43Z,active,false,,,KILELE,corrected in Sept export
CT-068115,Joan Alaoui,salma.cheruiyot.delta1375@vg-eval.test,+254 730 296 594,KE,Mombasa,2026-01-23T20:49:20Z,active,true,,,KILELE,corrected in Sept export
CT-077987,Johan Dlamini,nancy.nkosi.delta1249@vg-eval.test,0710201877,KE,Kisumu,2026-02-10T04:54:02Z,active,true,,,KILELE,corrected in Sept export
CT-047137,Lucy Benali,yassine.vermeulen.delta844@vg-eval.test,025706404745,KE,Mombasa,2026-04-06T01:20:13Z,active,false,,,KILELE,corrected in Sept export
CT-053027,Alice Njenga,yassine.odhiambo.delta1641@vg-eval.test,254-713-247481,KE,Nairobi,2026-03-04T03:25:10Z,active,true,,,KILELE,corrected in Sept export
CT-055860,James Cheruiyot,isaac.wanjiru.delta2237@vg-eval.test,0708254386,KE,Nakuru,2026-01-06T20:25:01Z,active,true,,,KILELE,corrected in Sept export
CT-201296,Simon Pretorius,simon.vermeulen.delta3797@vg-eval.test,0704504867,KE,Malindi,2026-08-19T17:42:29Z,active,false,,,KILELE,
CT-201078,Johan Dlamini,yassine.mokoena.delta3579@vg-eval.test,+254 739 460 882,KE,Eldoret,2026-08-23T05:52:30Z,active,false,,,KILELE,
CT-200871,Caroline Mwangi,rachid.otieno.delta3372@vg-eval.test,254-712-567267,KE,Nakuru,2026-08-30T14:37:23Z,active,true,,,KILELE,
CT-017465,David Cheruiyot,yassine.achieng.delta27@vg-eval.test,0701696602,KE,Machakos,2026-04-11T13:57:39Z,active,true,,,KILELE,corrected in Sept export
CT-002845,Samuel Njoroge,brian.vermeulen.delta2144@vg-eval.test,025709114920,KE,Kericho,2026-01-30T17:54:20Z,active,true,,,KILELE,corrected in Sept export
CT-200946,Peter Haddad,caroline.kimani.delta3447@vg-eval.test,+254 710 546 365,KE,Malindi,2026-08-03T22:00:03Z,active,false,,,KILELE,
CT-040588,Grace Kamau,yassine.otieno.delta214@vg-eval.test,025719208461,KE,Nairobi,2026-02-02T23:27:44Z,active,false,,,KILELE,corrected in Sept export
CT-201639,John Odhiambo,layla.wafula.delta4140@vg-eval.test,254-728-197130,KE,Eldoret,2026-08-20T18:05:45Z,active,true,,,KILELE,
CT-200407,Pieter Otieno,rachid.cheruiyot.delta2908@vg-eval.test,254-714-494351,KE,Thika,2026-08-18T04:12:30Z,active,true,,,KILELE,
CT-201248,Victor Vermeulen,rose.dlamini.delta3749@vg-eval.test,0727613639,KE,Malindi,2026-08-28T05:55:15Z,active,false,,,KILELE,
CT-200715,Kevin Otieno,caroline.wafula.delta3216@vg-eval.test,254-734-780400,KE,Nyeri,2026-08-12T02:26:11Z,active,false,,,KILELE,
CT-201015,Esther Bennani,esther.alaoui.delta3516@vg-eval.test,254-729-689707,KE,Eldoret,2026-08-02T12:44:25Z,active,false,,,KILELE,
CT-024802,David Benali,ruth.barasa.delta1624@vg-eval.test,025729871588,KE,Mombasa,2026-03-19T12:16:07Z,active,true,,,KILELE,corrected in Sept export
CT-200876,Peter Mokoena,john.kamau.delta3377@vg-eval.test,0731731457,KE,Nairobi,2026-08-08T10:31:54Z,active,true,,,KILELE,
CT-020189,Ruth Benali,paul.kimani.delta3@vg-eval.test,0738324195,KE,Kericho,2026-02-27T02:37:39Z,active,false,,,KILELE,corrected in Sept export
CT-005947,Kevin Elidrissi,omar.bennani.delta1223@vg-eval.test,025739534623,KE,Nyeri,2026-04-11T16:20:37Z,active,true,,,KILELE,corrected in Sept export
CT-062691,Amina Otieno,lerato.okoth.delta273@vg-eval.test,+254 701 931 325,KE,Malindi,2026-03-07T07:34:40Z,active,false,,,KILELE,corrected in Sept export
CT-200410,Johan Okoth,pieter.alaoui.delta2911@vg-eval.test,+254 714 643 389,KE,Kisumu,2026-08-31T06:06:12Z,active,true,,,KILELE,
CT-201114,Johan Wafula,rachid.njenga.delta3615@vg-eval.test,+254 714 680 162,KE,Nairobi,2026-08-19T10:11:51Z,active,true,,,KILELE,
CT-017920,Grace Njenga,victor.berrada.delta1917@vg-eval.test,0705521724,KE,Nairobi,2026-01-17T22:46:05Z,active,false,,,KILELE,corrected in Sept export
CT-200333,Grace Otieno,ruth.otieno.delta2834@vg-eval.test,025700057079,KE,Mombasa,2026-08-28T05:01:39Z,active,true,,,KILELE,
CT-076946,Joan Njoroge,george.tazi.delta524@vg-eval.test,025739792330,KE,Malindi,2026-03-07T17:34:40Z,active,false,,,KILELE,corrected in Sept export
CT-023977,Nancy Kimani,victor.tazi.delta1470@vg-eval.test,0736349974,KE,Eldoret,2026-04-08T13:17:00Z,active,false,,,KILELE,corrected in Sept export
CT-200318,Isaac Zahra,ruth.achieng.delta2819@vg-eval.test,+254 720 217 240,KE,Nairobi,2026-08-19T21:08:48Z,active,true,,,KILELE,
CT-201362,David Elidrissi,mary.vermeulen.delta3863@vg-eval.test,+254 707 061 233,KE,Mombasa,2026-08-21T14:30:11Z,active,true,,,KILELE,
CT-064990,Simon Haddad,simon.achieng.delta1153@vg-eval.test,025732783462,KE,Kericho,2026-02-12T02:08:24Z,active,true,,,KILELE,corrected in Sept export
CT-031009,Victor Mutua,dennis.okoth.delta1268@vg-eval.test,025710959014,KE,Thika,2026-03-25T19:00:21Z,active,false,,,KILELE,corrected in Sept export
CT-031570,Salma Okoth,paul.kimani.delta571@vg-eval.test,+254 726 118 891,KE,Mombasa,2026-04-08T13:02:58Z,active,false,,,KILELE,corrected in Sept export
CT-201116,Thandi Achieng,yassine.alaoui.delta3617@vg-eval.test,0734584241,KE,Nakuru,2026-08-24T17:31:43Z,active,true,,,KILELE,
CT-064475,Johan Mwangi,ann.otieno.delta1944@vg-eval.test,254-718-875875,KE,Malindi,2026-04-06T16:57:42Z,active,true,,,KILELE,corrected in Sept export
CT-029835,Daniel Pretorius,sipho.achieng.delta1591@vg-eval.test,025727261286,KE,Nakuru,2026-01-23T20:13:26Z,active,true,,,KILELE,corrected in Sept export
CT-200309,Sipho Benali,daniel.achieng.delta2810@vg-eval.test,025719781124,KE,Kisumu,2026-08-31T11:05:58Z,active,false,,,KILELE,
CT-200165,Brian Benali,lucy.elidrissi.delta2666@vg-eval.test,025737513206,KE,Malindi,2026-08-01T21:33:49Z,active,false,,,KILELE,
CT-004837,Brian Haddad,isaac.alaoui.delta1731@vg-eval.test,025726362554,KE,Nakuru,2026-02-23T16:57:10Z,active,true,,,KILELE,corrected in Sept export
CT-042792,Amina Mutua,ann.wanjiru.delta2164@vg-eval.test,0720072464,KE,Malindi,2026-03-19T21:36:46Z,active,true,,,KILELE,corrected in Sept export
CT-040012,Karim Tazi,brian.vermeulen.delta932@vg-eval.test,+254 738 966 659,KE,Eldoret,2026-01-18T17:07:36Z,active,false,,,KILELE,corrected in Sept export
CT-046028,Daniel Bennani,george.fassi.delta359@vg-eval.test,025735677795,KE,Malindi,2026-02-02T19:43:57Z,active,true,,,KILELE,corrected in Sept export
CT-200929,Nomsa Mokoena,nomsa.zahra.delta3430@vg-eval.test,025722185803,KE,Thika,2026-08-26T23:50:07Z,active,true,,,KILELE,
CT-070655,Brian Zahra,victor.njenga.delta270@vg-eval.test,+254 702 518 518,KE,Thika,2026-01-28T07:47:39Z,active,true,,,KILELE,corrected in Sept export
CT-002476,Sarah Kamau,karim.zahra.delta2440@vg-eval.test,025727625701,KE,Kisumu,2026-02-21T11:06:25Z,active,false,,,KILELE,corrected in Sept export
CT-200482,Johan Njenga,george.mokoena.delta2983@vg-eval.test,+254 719 971 428,KE,Machakos,2026-08-16T09:01:25Z,active,false,,,KILELE,
CT-003833,Zanele Mokoena,faith.bennani.delta2410@vg-eval.test,0733020957,KE,Nairobi,2026-01-04T10:26:47Z,active,false,,,KILELE,corrected in Sept export
CT-200422,Sarah Cheruiyot,paul.vermeulen.delta2923@vg-eval.test,+254 729 793 976,KE,Malindi,2026-08-25T12:00:17Z,active,false,,,KILELE,
CT-023149,Samuel Alaoui,james.tazi.delta1064@vg-eval.test,025715574902,KE,Machakos,2026-02-25T08:05:40Z,active,false,,,KILELE,corrected in Sept export
CT-200445,Grace Kimani,mercy.odhiambo.delta2946@vg-eval.test,025730279257,KE,Mombasa,2026-08-21T18:03:32Z,active,true,,,KILELE,
CT-025241,Pieter Zahra,james.kiptoo.delta365@vg-eval.test,0713471937,KE,Mombasa,2026-02-10T04:40:45Z,active,false,,,KILELE,corrected in Sept export
CT-201592,Ann Wafula,isaac.odhiambo.delta4093@vg-eval.test,0736628918,KE,Malindi,2026-08-25T06:14:43Z,active,false,,,KILELE,
CT-200111,Grace Alaoui,peter.haddad.delta2612@vg-eval.test,254-734-981975,KE,Kisumu,2026-08-19T11:01:24Z,active,true,,,KILELE,
CT-047978,Brian Nkosi,esther.tazi.delta1302@vg-eval.test,254-730-827114,KE,Nairobi,2026-03-10T05:02:56Z,active,true,,,KILELE,corrected in Sept export
CT-201679,Yassine Mutua,nomsa.elidrissi.delta4180@vg-eval.test,254-712-815256,KE,Thika,2026-08-12T12:08:55Z,active,false,,,KILELE,
CT-200609,Layla Njenga,dennis.alaoui.delta3110@vg-eval.test,025714711416,KE,Kisumu,2026-08-23T00:37:34Z,active,false,,,KILELE,
CT-040160,Faith Naidoo,rose.bennani.delta672@vg-eval.test,025731822144,KE,Kericho,2026-01-02T06:35:36Z,active,false,,,KILELE,corrected in Sept export
CT-201396,Caroline Tazi,michael.mokoena.delta3897@vg-eval.test,0709594864,KE,Nairobi,2026-08-26T09:31:13Z,active,true,,,KILELE,
CT-201429,Paul Tazi,caroline.nkosi.delta3930@vg-eval.test,025716124336,KE,Nyeri,2026-08-12T09:13:27Z,active,true,,,KILELE,
CT-014516,Mary Kimani,caroline.benali.delta2097@vg-eval.test,0739490068,KE,Nyeri,2026-03-12T04:13:45Z,active,false,,,KILELE,corrected in Sept export
CT-012952,Kevin Naidoo,simon.dlamini.delta366@vg-eval.test,025724917725,KE,Nyeri,2026-02-10T05:00:51Z,active,false,,,KILELE,corrected in Sept export
CT-201638,Layla Njoroge,james.otieno.delta4139@vg-eval.test,+254 713 177 061,KE,Malindi,2026-08-15T09:44:32Z,active,false,,,KILELE,
CT-200833,Salma Wafula,rachid.nkosi.delta3334@vg-eval.test,025705277967,KE,Machakos,2026-08-23T12:06:56Z,active,true,,,KILELE,
CT-079831,Diana Alaoui,fatima.zahra.delta1572@vg-eval.test,025718003818,KE,Nyeri,2026-02-01T03:55:43Z,active,false,,,KILELE,corrected in Sept export
CT-011866,Karim Barasa,mary.barasa.delta329@vg-eval.test,025707986105,KE,Thika,2026-01-27T23:23:17Z,active,true,,,KILELE,corrected in Sept export
CT-011479,Caroline Odhiambo,grace.barasa.delta876@vg-eval.test,+254 720 908 813,KE,Malindi,2026-01-05T04:41:39Z,active,true,,,KILELE,corrected in Sept export
CT-200463,Mary Dlamini,rose.dlamini.delta2964@vg-eval.test,254-716-144566,KE,Kericho,2026-08-04T17:07:45Z,active,false,,,KILELE,
CT-201027,Joan Elidrissi,dennis.kiptoo.delta3528@vg-eval.test,254-734-144487,KE,Kisumu,2026-08-22T16:41:56Z,active,true,,,KILELE,
CT-074164,Ruth Kamau,brian.kiptoo.delta133@vg-eval.test,254-704-173410,KE,Nyeri,2026-03-18T19:25:13Z,active,false,,,KILELE,corrected in Sept export
CT-033395,Dennis Elidrissi,johan.naidoo.delta1934@vg-eval.test,025703006803,KE,Kericho,2026-03-28T08:04:49Z,active,true,,,KILELE,corrected in Sept export
CT-201122,Rachid Haddad,rose.zahra.delta3623@vg-eval.test,+254 726 544 313,KE,Nairobi,2026-08-31T05:17:16Z,active,false,,,KILELE,
CT-201464,Zanele Pretorius,grace.fassi.delta3965@vg-eval.test,0710979728,KE,Nairobi,2026-08-07T13:10:47Z,active,true,,,KILELE,
CT-000096,Faith Mutua,simon.kamau.delta635@vg-eval.test,025702437432,KE,Malindi,2026-01-14T09:05:52Z,active,false,,,KILELE,corrected in Sept export
CT-200225,Faith Otieno,kevin.elidrissi.delta2726@vg-eval.test,025702413768,KE,Malindi,2026-08-04T06:21:55Z,active,false,,,KILELE,
CT-032594,Mercy Bennani,ruth.cheruiyot.delta123@vg-eval.test,025723814998,KE,Nakuru,2026-03-26T03:35:52Z,active,false,,,KILELE,corrected in Sept export
CT-200264,Fatima Bennani,john.barasa.delta2765@vg-eval.test,0732159661,KE,Malindi,2026-08-08T14:13:04Z,active,true,,,KILELE,
CT-000789,David Cheruiyot,ruth.odhiambo.delta2131@vg-eval.test,254-722-349200,KE,Machakos,2026-01-29T11:19:27Z,active,true,,,KILELE,corrected in Sept export
CT-201173,Joan Achieng,ruth.wafula.delta3674@vg-eval.test,025712865541,KE,Kisumu,2026-08-07T19:21:25Z,active,false,,,KILELE,
CT-012941,Isaac Njoroge,layla.tazi.delta408@vg-eval.test,025714512430,KE,Nairobi,2026-03-05T17:23:07Z,active,false,,,KILELE,corrected in Sept export
CT-201277,Johan Vermeulen,zanele.mokoena.delta3778@vg-eval.test,025711143380,KE,Nakuru,2026-08-17T23:33:39Z,active,false,,,KILELE,
CT-048534,Sipho Alaoui,isaac.okoth.delta1644@vg-eval.test,+254 724 643 334,KE,Mombasa,2026-03-04T03:37:50Z,active,false,,,KILELE,corrected in Sept export
CT-080247,Simon Naidoo,omar.zahra.delta1683@vg-eval.test,254-700-815358,KE,Kericho,2026-03-15T01:28:52Z,active,true,,,KILELE,corrected in Sept export
CT-200112,Thandi Pretorius,joan.vermeulen.delta2613@vg-eval.test,0735482479,KE,Machakos,2026-08-10T20:39:56Z,active,true,,,KILELE,
CT-069324,Joan Naidoo,layla.benali.delta1640@vg-eval.test,254-738-381030,KE,Thika,2026-04-13T20:09:43Z,active,false,,,KILELE,corrected in Sept export
CT-201621,Johan Otieno,karim.vermeulen.delta4122@vg-eval.test,025733610555,KE,Kisumu,2026-08-15T16:39:14Z,active,true,,,KILELE,
CT-201233,Nomsa Vermeulen,george.berrada.delta3734@vg-eval.test,025702013456,KE,Nakuru,2026-08-07T14:00:16Z,active,true,,,KILELE,
CT-040199,Diana Cheruiyot,brian.benali.delta2303@vg-eval.test,025727189665,KE,Nairobi,2026-03-06T08:38:38Z,active,false,,,KILELE,corrected in Sept export
CT-200685,Yassine Barasa,esther.mokoena.delta3186@vg-eval.test,025730772593,KE,Machakos,2026-08-05T14:44:27Z,active,true,,,KILELE,
CT-201018,Johan Njoroge,johan.barasa.delta3519@vg-eval.test,+254 710 303 089,KE,Machakos,2026-08-28T10:13:32Z,active,true,,,KILELE,
CT-023713,Sipho Njenga,karim.haddad.delta1949@vg-eval.test,254-722-879813,KE,Malindi,2026-01-20T07:04:11Z,active,false,,,KILELE,corrected in Sept export
CT-017620,Layla Barasa,karim.vermeulen.delta1401@vg-eval.test,+254 711 426 343,KE,Kericho,2026-02-02T07:16:47Z,active,true,,,KILELE,corrected in Sept export
CT-201646,Rose Mwangi,alice.fassi.delta4147@vg-eval.test,+254 706 210 079,KE,Eldoret,2026-08-05T04:04:24Z,active,false,,,KILELE,
CT-022485,Peter Cheruiyot,james.wafula.delta1495@vg-eval.test,0709173516,KE,Nyeri,2026-02-14T07:42:40Z,active,true,,,KILELE,corrected in Sept export
CT-079715,Fatima Berrada,joan.naidoo.delta20@vg-eval.test,025712233306,KE,Mombasa,2026-02-02T01:05:26Z,active,true,,,KILELE,corrected in Sept export
CT-025290,Samuel Bennani,nancy.otieno.delta1772@vg-eval.test,025706917665,KE,Nairobi,2026-01-11T05:32:59Z,active,true,,,KILELE,corrected in Sept export
CT-006505,John Pretorius,george.zahra.delta1360@vg-eval.test,254-706-848521,KE,Nakuru,2026-02-21T17:29:05Z,active,false,,,KILELE,corrected in Sept export
CT-016174,Rose Wafula,grace.berrada.delta2238@vg-eval.test,+254 715 166 664,KE,Nyeri,2026-03-04T12:44:56Z,active,false,,,KILELE,corrected in Sept export
CT-200581,Diana Njenga,yassine.naidoo.delta3082@vg-eval.test,025737580371,KE,Kisumu,2026-08-21T20:50:40Z,active,true,,,KILELE,
CT-050116,Zanele Kamau,zanele.mwangi.delta1496@vg-eval.test,254-704-386358,KE,Eldoret,2026-03-19T20:28:33Z,active,true,,,KILELE,corrected in Sept export
CT-072481,Samuel Otieno,dennis.benali.delta2230@vg-eval.test,0735657723,KE,Malindi,2026-03-09T18:10:08Z,active,false,,,KILELE,corrected in Sept export
CT-200284,Yassine Achieng,fatima.dlamini.delta2785@vg-eval.test,0710069770,KE,Kisumu,2026-08-17T17:17:44Z,active,false,,,KILELE,
CT-027101,Ruth Zahra,george.kiptoo.delta60@vg-eval.test,0728633569,KE,Machakos,2026-01-01T14:42:01Z,active,true,,,KILELE,corrected in Sept export
CT-058155,Mercy Kiptoo,fatima.barasa.delta2287@vg-eval.test,025725730843,KE,Nakuru,2026-02-02T04:55:48Z,active,false,,,KILELE,corrected in Sept export
CT-201547,Lucy Kamau,rachid.mokoena.delta4048@vg-eval.test,254-707-176967,KE,Nyeri,2026-08-07T08:07:24Z,active,true,,,KILELE,
CT-075078,George Alaoui,brian.haddad.delta1592@vg-eval.test,+254 706 096 316,KE,Eldoret,2026-02-22T00:25:50Z,active,true,,,KILELE,corrected in Sept export
CT-200626,Diana Zahra,yassine.benali.delta3127@vg-eval.test,+254 709 168 670,KE,Nairobi,2026-08-12T11:43:05Z,active,true,,,KILELE,
CT-050545,Lerato Okoth,karim.pretorius.delta2463@vg-eval.test,+254 739 076 687,KE,Kericho,2026-01-15T20:26:32Z,active,true,,,KILELE,corrected in Sept export
CT-201243,John Pretorius,ruth.dlamini.delta3744@vg-eval.test,254-715-521618,KE,Kisumu,2026-08-19T00:19:41Z,active,true,,,KILELE,
CT-021832,Peter Fassi,pieter.achieng.delta2258@vg-eval.test,+254 710 632 951,KE,Kericho,2026-03-10T21:35:43Z,active,true,,,KILELE,corrected in Sept export
CT-049995,George Njenga,thandi.vermeulen.delta1534@vg-eval.test,+254 710 960 013,KE,Nakuru,2026-01-07T11:24:45Z,active,false,,,KILELE,corrected in Sept export
CT-071541,Brian Mwangi,mercy.naidoo.delta2292@vg-eval.test,0729191514,KE,Machakos,2026-01-01T09:33:12Z,active,false,,,KILELE,corrected in Sept export
CT-036287,Grace Bennani,yassine.mutua.delta1603@vg-eval.test,0711695327,KE,Nairobi,2026-01-25T01:25:56Z,active,false,,,KILELE,corrected in Sept export
CT-066697,Pieter Wanjiru,layla.nkosi.delta1958@vg-eval.test,025711282005,KE,Nyeri,2026-01-30T02:35:32Z,active,true,,,KILELE,corrected in Sept export
CT-022222,Zanele Fassi,peter.elidrissi.delta1217@vg-eval.test,0725522538,KE,Eldoret,2026-03-06T11:25:35Z,active,true,,,KILELE,corrected in Sept export
CT-034517,Dennis Nkosi,mercy.naidoo.delta292@vg-eval.test,0722414512,KE,Malindi,2026-03-01T16:49:04Z,active,true,,,KILELE,corrected in Sept export
CT-037837,Simon Njoroge,lucy.otieno.delta511@vg-eval.test,0702593340,KE,Nyeri,2026-02-24T06:48:47Z,active,false,,,KILELE,corrected in Sept export
CT-007790,Alice Pretorius,peter.naidoo.delta2099@vg-eval.test,025736615742,KE,Thika,2026-02-06T00:09:35Z,active,true,,,KILELE,corrected in Sept export
CT-003511,Sipho Naidoo,rose.barasa.delta1391@vg-eval.test,0709625864,KE,Mombasa,2026-03-08T15:13:07Z,active,true,,,KILELE,corrected in Sept export
CT-000509,Mary Njenga,daniel.wafula.delta2406@vg-eval.test,254-715-934387,KE,Nyeri,2026-04-16T04:51:42Z,active,false,,,KILELE,corrected in Sept export
CT-064568,Caroline Cheruiyot,ruth.mwangi.delta2412@vg-eval.test,+254 732 767 526,KE,Mombasa,2026-03-01T13:12:06Z,active,false,,,KILELE,corrected in Sept export
CT-200892,Peter Fassi,john.wanjiru.delta3393@vg-eval.test,0716871589,KE,Mombasa,2026-08-10T13:32:35Z,active,true,,,KILELE,
CT-037560,Diana Kimani,dennis.odhiambo.delta457@vg-eval.test,254-724-179572,KE,Machakos,2026-02-27T18:03:40Z,active,false,,,KILELE,corrected in Sept export
CT-003268,Esther Wanjiru,grace.okoth.delta2362@vg-eval.test,254-722-721711,KE,Thika,2026-03-24T09:53:58Z,active,false,,,KILELE,corrected in Sept export
CT-073362,Rachid Kimani,ruth.pretorius.delta1901@vg-eval.test,+254 708 264 124,KE,Kericho,2026-01-05T23:21:39Z,active,true,,,KILELE,corrected in Sept export
CT-027218,Layla Haddad,samuel.tazi.delta996@vg-eval.test,0726728520,KE,Mombasa,2026-03-07T20:28:21Z,active,true,,,KILELE,corrected in Sept export
CT-046711,Lerato Alaoui,johan.dlamini.delta8@vg-eval.test,025731880451,KE,Thika,2026-02-19T07:21:19Z,active,false,,,KILELE,corrected in Sept export
CT-000518,Layla Wanjiru,daniel.mutua.delta1038@vg-eval.test,025725561444,KE,Thika,2026-01-03T10:07:44Z,active,true,,,KILELE,corrected in Sept export
CT-020583,Zanele Vermeulen,thandi.kimani.delta2336@vg-eval.test,0709725552,KE,Machakos,2026-02-15T19:20:13Z,active,false,,,KILELE,corrected in Sept export
CT-061394,David Alaoui,salma.vermeulen.delta787@vg-eval.test,254-723-382383,KE,Kericho,2026-04-11T09:17:38Z,active,false,,,KILELE,corrected in Sept export
CT-201295,Diana Bennani,nomsa.otieno.delta3796@vg-eval.test,254-735-584598,KE,Nairobi,2026-08-17T08:33:01Z,active,true,,,KILELE,
CT-019699,Brian Vermeulen,rose.nkosi.delta642@vg-eval.test,+254 725 927 412,KE,Mombasa,2026-03-17T23:05:08Z,active,true,,,KILELE,corrected in Sept export
CT-200976,Layla Odhiambo,isaac.odhiambo.delta3477@vg-eval.test,0702545990,KE,Kisumu,2026-08-01T21:47:27Z,active,true,,,KILELE,
CT-200713,Joan Dlamini,paul.alaoui.delta3214@vg-eval.test,025717469820,KE,Eldoret,2026-08-18T18:10:57Z,active,true,,,KILELE,
CT-069930,Faith Bennani,daniel.mokoena.delta1122@vg-eval.test,0702496340,KE,Mombasa,2026-02-13T14:14:09Z,active,false,,,KILELE,corrected in Sept export
CT-031865,Sarah Mokoena,david.zahra.delta1908@vg-eval.test,025715400964,KE,Mombasa,2026-01-01T13:57:43Z,active,false,,,KILELE,corrected in Sept export
CT-012284,Mary Alaoui,brian.elidrissi.delta2044@vg-eval.test,025710336414,KE,Eldoret,2026-03-15T08:01:33Z,active,true,,,KILELE,corrected in Sept export
CT-019067,Alice Njenga,victor.odhiambo.delta595@vg-eval.test,025707214188,KE,Kericho,2026-02-03T01:39:06Z,active,false,,,KILELE,corrected in Sept export
CT-030531,Salma Pretorius,thandi.fassi.delta1431@vg-eval.test,025733546354,KE,Kisumu,2026-02-13T02:53:39Z,active,false,,,KILELE,corrected in Sept export
CT-062943,Sarah Tazi,peter.vermeulen.delta1487@vg-eval.test,0721580830,KE,Malindi,2026-01-28T21:43:36Z,active,false,,,KILELE,corrected in Sept export
CT-076921,Isaac Kimani,kevin.mokoena.delta2038@vg-eval.test,025725446899,KE,Kisumu,2026-02-16T12:30:10Z,active,true,,,KILELE,corrected in Sept export
CT-061964,Nomsa Cheruiyot,salma.mwangi.delta2150@vg-eval.test,+254 729 212 495,KE,Machakos,2026-02-08T06:52:40Z,active,false,,,KILELE,corrected in Sept export
CT-066156,Nomsa Vermeulen,michael.wafula.delta2456@vg-eval.test,+254 712 057 839,KE,Eldoret,2026-04-12T01:04:12Z,active,false,,,KILELE,corrected in Sept export
CT-200364,Peter Elidrissi,grace.tazi.delta2865@vg-eval.test,0728316402,KE,Nairobi,2026-08-15T23:18:11Z,active,false,,,KILELE,
CT-200151,Mary Nkosi,peter.otieno.delta2652@vg-eval.test,254-731-595911,KE,Kisumu,2026-08-11T08:58:07Z,active,true,,,KILELE,
CT-049216,Diana Odhiambo,isaac.benali.delta645@vg-eval.test,0714025971,KE,Nairobi,2026-04-11T19:18:33Z,active,false,,,KILELE,corrected in Sept export
CT-200049,Amina Barasa,lerato.njenga.delta2550@vg-eval.test,025713346511,KE,Malindi,2026-08-23T07:11:19Z,active,true,,,KILELE,
CT-075216,Peter Tazi,sarah.vermeulen.delta2371@vg-eval.test,0718610423,KE,Nyeri,2026-01-03T02:52:16Z,active,false,,,KILELE,corrected in Sept export
CT-200058,Isaac Naidoo,nancy.njenga.delta2559@vg-eval.test,+254 736 864 583,KE,Thika,2026-08-12T00:01:14Z,active,true,,,KILELE,
CT-016729,Johan Zahra,daniel.njenga.delta910@vg-eval.test,254-719-357357,KE,Malindi,2026-04-15T13:06:01Z,active,true,,,KILELE,corrected in Sept export
CT-045875,Caroline Fassi,sipho.kamau.delta613@vg-eval.test,025706300314,KE,Nyeri,2026-03-03T12:42:04Z,active,true,,,KILELE,corrected in Sept export
CT-067516,George Cheruiyot,zanele.odhiambo.delta968@vg-eval.test,254-700-316355,KE,Thika,2026-03-20T09:08:59Z,active,false,,,KILELE,corrected in Sept export
CT-069196,Thandi Mokoena,brian.mwangi.delta485@vg-eval.test,0714870145,KE,Nakuru,2026-01-02T04:46:58Z,active,false,,,KILELE,corrected in Sept export
CT-201672,Joan Vermeulen,ruth.okoth.delta4173@vg-eval.test,0704183403,KE,Nairobi,2026-08-14T08:51:37Z,active,true,,,KILELE,
CT-046287,Simon Kiptoo,peter.kiptoo.delta2429@vg-eval.test,0732431725,KE,Malindi,2026-02-23T03:00:35Z,active,true,,,KILELE,corrected in Sept export
CT-044869,Caroline Odhiambo,james.tazi.delta1288@vg-eval.test,+254 713 612 884,KE,Machakos,2026-01-09T19:05:29Z,active,true,,,KILELE,corrected in Sept export
CT-200089,Faith Zahra,john.okoth.delta2590@vg-eval.test,025705644055,KE,Kericho,2026-08-02T14:38:00Z,active,true,,,KILELE,
CT-017314,Rachid Wafula,kevin.alaoui.delta1918@vg-eval.test,254-731-966549,KE,Nyeri,2026-02-01T02:18:22Z,active,false,,,KILELE,corrected in Sept export
CT-061744,Layla Pretorius,thandi.haddad.delta896@vg-eval.test,254-723-064700,KE,Malindi,2026-03-23T17:57:53Z,active,false,,,KILELE,corrected in Sept export
CT-011763,Faith Njoroge,nomsa.berrada.delta1736@vg-eval.test,+254 717 750 852,KE,Mombasa,2026-01-26T04:06:20Z,active,true,,,KILELE,corrected in Sept export
CT-035175,Fatima Mwangi,esther.nkosi.delta864@vg-eval.test,254-728-205491,KE,Thika,2026-02-28T19:48:39Z,active,false,,,KILELE,corrected in Sept export
CT-201266,Brian Vermeulen,ruth.wafula.delta3767@vg-eval.test,+254 729 002 809,KE,Kisumu,2026-08-15T16:26:43Z,active,false,,,KILELE,
CT-050830,Isaac Berrada,paul.mutua.delta1026@vg-eval.test,254-738-490001,KE,Mombasa,2026-04-02T06:58:56Z,active,true,,,KILELE,corrected in Sept export
CT-022885,Ann Pretorius,rachid.berrada.delta1676@vg-eval.test,025730580653,KE,Nakuru,2026-02-23T01:22:38Z,active,true,,,KILELE,corrected in Sept export
CT-062857,Omar Alaoui,esther.mokoena.delta2322@vg-eval.test,025709367457,KE,Mombasa,2026-02-01T17:46:01Z,active,false,,,KILELE,corrected in Sept export
CT-031021,Isaac Wafula,pieter.mutua.delta1451@vg-eval.test,254-709-248242,KE,Nairobi,2026-01-30T08:20:38Z,active,false,,,KILELE,corrected in Sept export
CT-201201,Nomsa Haddad,peter.odhiambo.delta3702@vg-eval.test,025729539174,KE,Kisumu,2026-08-24T07:34:56Z,active,true,,,KILELE,
CT-200744,Zanele Alaoui,ruth.wafula.delta3245@vg-eval.test,0700771595,KE,Eldoret,2026-08-03T03:00:08Z,active,false,,,KILELE,
CT-022040,John Bennani,brian.dlamini.delta1716@vg-eval.test,025725484994,KE,Mombasa,2026-01-06T20:59:56Z,active,false,,,KILELE,corrected in Sept export
CT-052796,Diana Mutua,zanele.kimani.delta2355@vg-eval.test,+254 734 236 349,KE,Malindi,2026-01-14T08:14:47Z,active,true,,,KILELE,corrected in Sept export
CT-029321,James Kimani,mercy.barasa.delta2481@vg-eval.test,0708295273,KE,Nyeri,2026-02-07T18:52:54Z,active,false,,,KILELE,corrected in Sept export
CT-078385,Karim Vermeulen,nancy.elidrissi.delta1582@vg-eval.test,025722261815,KE,Kericho,2026-02-03T06:25:22Z,active,false,,,KILELE,corrected in Sept export
CT-201041,Simon Mokoena,layla.haddad.delta3542@vg-eval.test,025731049387,KE,Kisumu,2026-08-12T04:53:04Z,active,false,,,KILELE,
CT-200707,Nomsa Kamau,faith.berrada.delta3208@vg-eval.test,254-729-380672,KE,Eldoret,2026-08-16T06:09:36Z,active,true,,,KILELE,
CT-022067,Joan Otieno,fatima.otieno.delta1097@vg-eval.test,254-718-030754,KE,Kisumu,2026-03-11T21:34:12Z,active,false,,,KILELE,corrected in Sept export
CT-056120,John Okoth,daniel.alaoui.delta1021@vg-eval.test,0715801311,KE,Nyeri,2026-01-17T11:11:44Z,active,true,,,KILELE,corrected in Sept export
CT-060594,Thandi Fassi,victor.pretorius.delta1685@vg-eval.test,254-715-642422,KE,Thika,2026-02-12T19:44:43Z,active,true,,,KILELE,corrected in Sept export
CT-020217,Grace Wafula,johan.achieng.delta2491@vg-eval.test,+254 709 816 197,KE,Thika,2026-03-15T01:41:36Z,active,false,,,KILELE,corrected in Sept export
CT-201357,Nancy Wanjiru,alice.fassi.delta3858@vg-eval.test,025733212311,KE,Nairobi,2026-08-01T23:20:43Z,active,true,,,KILELE,
CT-201272,George Berrada,joan.alaoui.delta3773@vg-eval.test,0719733249,KE,Machakos,2026-08-11T14:29:49Z,active,true,,,KILELE,
CT-067113,Johan Naidoo,paul.mokoena.delta1257@vg-eval.test,025725005062,KE,Malindi,2026-03-26T13:24:27Z,active,true,,,KILELE,corrected in Sept export
CT-077281,Caroline Kimani,diana.fassi.delta1183@vg-eval.test,+254 736 367 932,KE,Nyeri,2026-03-20T01:28:04Z,active,true,,,KILELE,corrected in Sept export
CT-024769,Mercy Otieno,simon.benali.delta1830@vg-eval.test,0703857951,KE,Kericho,2026-03-23T10:38:07Z,active,false,,,KILELE,corrected in Sept export
CT-067190,Daniel Barasa,grace.benali.delta29@vg-eval.test,+254 738 719 611,KE,Nakuru,2026-01-17T14:57:22Z,active,true,,,KILELE,corrected in Sept export
CT-029531,Samuel Zahra,yassine.tazi.delta533@vg-eval.test,+254 707 011 081,KE,Thika,2026-03-13T00:08:26Z,active,false,,,KILELE,corrected in Sept export
CT-079784,Layla Dlamini,michael.kiptoo.delta1941@vg-eval.test,025733809370,KE,Nakuru,2026-02-26T11:49:44Z,active,false,,,KILELE,corrected in Sept export
CT-026472,Mary Kimani,rose.kiptoo.delta1898@vg-eval.test,+254 733 714 013,KE,Nairobi,2026-02-13T04:58:02Z,active,true,,,KILELE,corrected in Sept export
CT-200849,Layla Naidoo,ruth.naidoo.delta3350@vg-eval.test,025706355240,KE,Nakuru,2026-08-08T07:38:11Z,active,true,,,KILELE,
CT-076264,Nomsa Mokoena,simon.barasa.delta452@vg-eval.test,0731340575,KE,Machakos,2026-03-01T03:30:12Z,active,true,,,KILELE,corrected in Sept export
CT-200509,Sarah Dlamini,yassine.otieno.delta3010@vg-eval.test,025718058824,KE,Mombasa,2026-08-22T05:13:18Z,active,true,,,KILELE,
CT-005073,Faith Okoth,sarah.cheruiyot.delta926@vg-eval.test,025723579863,KE,Nyeri,2026-04-01T21:17:50Z,active,true,,,KILELE,corrected in Sept export
CT-028801,Sarah Elidrissi,fatima.pretorius.delta782@vg-eval.test,025701372109,KE,Kisumu,2026-01-09T08:39:21Z,active,true,,,KILELE,corrected in Sept export
CT-200593,David Mokoena,salma.vermeulen.delta3094@vg-eval.test,025722994569,KE,Machakos,2026-08-04T15:59:27Z,active,false,,,KILELE,
CT-067067,Alice Otieno,layla.naidoo.delta1139@vg-eval.test,0716264812,KE,Machakos,2026-03-22T07:17:51Z,active,true,,,KILELE,corrected in Sept export
CT-017435,Faith Benali,alice.njoroge.delta105@vg-eval.test,254-714-135325,KE,Kericho,2026-03-16T21:38:31Z,active,false,,,KILELE,corrected in Sept export
CT-200981,Rose Dlamini,caroline.alaoui.delta3482@vg-eval.test,025704919251,KE,Mombasa,2026-08-02T11:01:51Z,active,false,,,KILELE,
CT-069852,Yassine Fassi,diana.vermeulen.delta2434@vg-eval.test,254-705-122893,KE,Mombasa,2026-01-15T02:23:15Z,active,false,,,KILELE,corrected in Sept export
CT-054207,Layla Kamau,nomsa.barasa.delta641@vg-eval.test,+254 708 217 613,KE,Kericho,2026-01-23T20:17:56Z,active,false,,,KILELE,corrected in Sept export
CT-201594,Samuel Mokoena,omar.wafula.delta4095@vg-eval.test,+254 713 288 957,KE,Eldoret,2026-08-25T16:33:59Z,active,true,,,KILELE,
CT-047217,Victor Cheruiyot,omar.fassi.delta1598@vg-eval.test,0737533220,KE,Nyeri,2026-01-06T11:44:35Z,active,false,,,KILELE,corrected in Sept export
CT-020626,Caroline Tazi,ann.nkosi.delta496@vg-eval.test,254-739-675309,KE,Malindi,2026-01-07T13:09:12Z,active,false,,,KILELE,corrected in Sept export
CT-031538,Amina Mutua,rose.alaoui.delta620@vg-eval.test,0739040198,KE,Eldoret,2026-02-17T23:51:40Z,active,false,,,KILELE,corrected in Sept export
CT-055929,Layla Otieno,amina.njoroge.delta2248@vg-eval.test,0709437959,KE,Nyeri,2026-04-01T03:39:52Z,active,false,,,KILELE,corrected in Sept export
CT-200250,Brian Njenga,sarah.berrada.delta2751@vg-eval.test,+254 709 347 536,KE,Nakuru,2026-08-05T12:24:23Z,active,false,,,KILELE,
CT-029484,Thandi Odhiambo,fatima.naidoo.delta1819@vg-eval.test,025714889954,KE,Mombasa,2026-04-08T16:11:06Z,active,true,,,KILELE,corrected in Sept export
CT-201393,Diana Kamau,mary.njoroge.delta3894@vg-eval.test,025701001566,KE,Kisumu,2026-08-30T19:35:40Z,active,true,,,KILELE,
CT-019666,Sarah Wafula,michael.cheruiyot.delta1517@vg-eval.test,+254 711 296 754,KE,Malindi,2026-02-20T01:00:31Z,active,true,,,KILELE,corrected in Sept export
CT-200494,John Haddad,sipho.kimani.delta2995@vg-eval.test,+254 719 980 179,KE,Eldoret,2026-08-13T08:17:19Z,active,true,,,KILELE,
CT-200296,Karim Odhiambo,john.odhiambo.delta2797@vg-eval.test,0704522608,KE,Machakos,2026-08-17T18:28:49Z,active,false,,,KILELE,
CT-201520,Lucy Wafula,layla.njoroge.delta4021@vg-eval.test,0718811926,KE,Nakuru,2026-08-26T22:15:39Z,active,true,,,KILELE,
CT-031318,Sarah Dlamini,peter.haddad.delta649@vg-eval.test,0731911152,KE,Eldoret,2026-01-23T01:52:33Z,active,false,,,KILELE,corrected in Sept export
CT-019830,Amina Alaoui,grace.dlamini.delta2413@vg-eval.test,025724798900,KE,Kisumu,2026-01-13T20:06:23Z,active,true,,,KILELE,corrected in Sept export
CT-200699,Faith Alaoui,joan.alaoui.delta3200@vg-eval.test,254-706-764282,KE,Thika,2026-08-03T09:09:39Z,active,false,,,KILELE,
CT-005180,Yassine Berrada,zanele.otieno.delta552@vg-eval.test,0739402467,KE,Eldoret,2026-03-07T07:49:09Z,active,false,,,KILELE,corrected in Sept export
CT-200060,Diana Barasa,michael.kimani.delta2561@vg-eval.test,0703701158,KE,Machakos,2026-08-09T02:05:31Z,active,true,,,KILELE,
CT-003782,Nancy Kiptoo,lerato.mwangi.delta302@vg-eval.test,0701051410,KE,Kericho,2026-02-08T13:25:52Z,active,true,,,KILELE,corrected in Sept export
CT-070992,Ann Mutua,pieter.benali.delta2122@vg-eval.test,025726429796,KE,Nakuru,2026-01-22T05:17:08Z,active,true,,,KILELE,corrected in Sept export
CT-201225,Thandi Bennani,nancy.dlamini.delta3726@vg-eval.test,025720786327,KE,Malindi,2026-08-06T18:32:07Z,active,true,,,KILELE,
CT-033915,Caroline Achieng,yassine.elidrissi.delta2426@vg-eval.test,025732878205,KE,Machakos,2026-03-04T03:43:15Z,active,true,,,KILELE,corrected in Sept export
CT-201019,George Vermeulen,layla.bennani.delta3520@vg-eval.test,254-723-323823,KE,Thika,2026-08-24T12:02:31Z,active,true,,,KILELE,
CT-076305,John Fassi,sarah.mutua.delta1664@vg-eval.test,025728345365,KE,Mombasa,2026-01-31T08:11:51Z,active,true,,,KILELE,corrected in Sept export
CT-042024,Paul Vermeulen,joan.kiptoo.delta735@vg-eval.test,+254 717 727 702,KE,Nakuru,2026-02-26T20:10:59Z,active,false,,,KILELE,corrected in Sept export
CT-201675,Esther Okoth,samuel.wafula.delta4176@vg-eval.test,254-714-154628,KE,Machakos,2026-08-26T03:26:47Z,active,true,,,KILELE,
CT-046767,Daniel Alaoui,joan.elidrissi.delta956@vg-eval.test,+254 728 389 496,KE,Nyeri,2026-01-27T11:24:24Z,active,false,,,KILELE,corrected in Sept export
CT-007923,Sarah Odhiambo,mercy.mokoena.delta1500@vg-eval.test,0729265007,KE,Machakos,2026-03-16T16:36:06Z,active,true,,,KILELE,corrected in Sept export
CT-029788,Paul Bennani,yassine.wafula.delta1900@vg-eval.test,+254 726 421 410,KE,Kisumu,2026-03-21T17:29:33Z,active,false,,,KILELE,corrected in Sept export
CT-034642,David Wafula,rachid.alaoui.delta2120@vg-eval.test,254-712-632180,KE,Mombasa,2026-01-30T21:49:54Z,active,false,,,KILELE,corrected in Sept export
CT-200816,Zanele Odhiambo,thandi.fassi.delta3317@vg-eval.test,0732861294,KE,Nakuru,2026-08-20T11:14:58Z,active,true,,,KILELE,
CT-031072,Amina Mwangi,rachid.bennani.delta262@vg-eval.test,+254 724 121 722,KE,Machakos,2026-01-08T14:13:16Z,active,true,,,KILELE,corrected in Sept export
CT-016202,Zanele Mwangi,layla.mwangi.delta898@vg-eval.test,+254 704 004 420,KE,Mombasa,2026-04-02T21:05:00Z,active,false,,,KILELE,corrected in Sept export
CT-039148,Mary Kiptoo,michael.zahra.delta2453@vg-eval.test,025733200770,KE,Nyeri,2026-01-02T13:20:45Z,active,true,,,KILELE,corrected in Sept export
CT-021190,Grace Barasa,karim.odhiambo.delta1078@vg-eval.test,254-700-181004,KE,Mombasa,2026-03-02T18:28:32Z,active,true,,,KILELE,corrected in Sept export
CT-201613,Caroline Haddad,kevin.bennani.delta4114@vg-eval.test,025729804591,KE,Thika,2026-08-09T10:19:31Z,active,true,,,KILELE,
CT-044836,Peter Kimani,caroline.berrada.delta211@vg-eval.test,0720682762,KE,Eldoret,2026-02-07T02:52:40Z,active,true,,,KILELE,corrected in Sept export
CT-200550,Layla Vermeulen,brian.mutua.delta3051@vg-eval.test,+254 739 888 950,KE,Malindi,2026-08-12T05:46:23Z,active,false,,,KILELE,
CT-028073,Nancy Otieno,johan.haddad.delta1467@vg-eval.test,0706949379,KE,Nairobi,2026-03-14T03:14:05Z,active,true,,,KILELE,corrected in Sept export
CT-201060,John Kiptoo,mercy.wanjiru.delta3561@vg-eval.test,0716995144,KE,Kisumu,2026-08-09T00:22:02Z,active,false,,,KILELE,
CT-047861,James Wanjiru,amina.achieng.delta1856@vg-eval.test,254-735-733240,KE,Malindi,2026-02-27T10:37:36Z,active,true,,,KILELE,corrected in Sept export
CT-042097,Amina Okoth,daniel.kimani.delta2266@vg-eval.test,025705015939,KE,Nyeri,2026-01-05T01:01:42Z,active,true,,,KILELE,corrected in Sept export
CT-063419,Alice Njenga,ruth.barasa.delta61@vg-eval.test,254-727-307243,KE,Nairobi,2026-01-07T19:11:23Z,active,false,,,KILELE,corrected in Sept export
CT-036439,Sarah Mwangi,lucy.wanjiru.delta1025@vg-eval.test,254-707-685923,KE,Thika,2026-04-08T15:45:33Z,active,false,,,KILELE,corrected in Sept export
CT-200923,James Mwangi,sarah.otieno.delta3424@vg-eval.test,254-704-305036,KE,Kisumu,2026-08-06T20:48:30Z,active,false,,,KILELE,
CT-200131,Mary Dlamini,dennis.benali.delta2632@vg-eval.test,254-723-853456,KE,Thika,2026-08-27T10:12:08Z,active,true,,,KILELE,
CT-028077,Diana Pretorius,yassine.haddad.delta2291@vg-eval.test,0704610290,KE,Malindi,2026-02-10T23:13:49Z,active,true,,,KILELE,corrected in Sept export
CT-201490,Fatima Fassi,faith.pretorius.delta3991@vg-eval.test,+254 701 765 442,KE,Nakuru,2026-08-16T13:33:49Z,active,false,,,KILELE,
CT-018012,Yassine Fassi,johan.okoth.delta2169@vg-eval.test,0736169343,KE,Eldoret,2026-04-16T08:08:59Z,active,true,,,KILELE,corrected in Sept export
CT-022063,Brian Wanjiru,mary.achieng.delta2018@vg-eval.test,025717808276,KE,Thika,2026-02-15T15:47:32Z,active,true,,,KILELE,corrected in Sept export
CT-016186,Kevin Nkosi,dennis.vermeulen.delta2039@vg-eval.test,254-704-882831,KE,Nakuru,2026-01-12T13:24:32Z,active,true,,,KILELE,corrected in Sept export
CT-200360,Dennis Njoroge,omar.kimani.delta2861@vg-eval.test,0712352980,KE,Malindi,2026-08-25T06:10:37Z,active,false,,,KILELE,
CT-067055,Brian Njoroge,george.otieno.delta923@vg-eval.test,254-725-502758,KE,Mombasa,2026-03-17T19:41:01Z,active,false,,,KILELE,corrected in Sept export
CT-004341,Mary Elidrissi,rachid.otieno.delta213@vg-eval.test,254-712-285282,KE,Malindi,2026-03-19T12:00:57Z,active,false,,,KILELE,corrected in Sept export
CT-044490,Kevin Kimani,esther.wanjiru.delta827@vg-eval.test,0714766040,KE,Malindi,2026-04-02T16:32:05Z,active,false,,,KILELE,corrected in Sept export
CT-200224,Daniel Bennani,sarah.mokoena.delta2725@vg-eval.test,0716466026,KE,Kericho,2026-08-30T19:08:34Z,active,true,,,KILELE,
CT-201191,Fatima Vermeulen,amina.mutua.delta3692@vg-eval.test,254-730-804328,KE,Kericho,2026-08-11T13:02:17Z,active,false,,,KILELE,
CT-040091,Mercy Benali,daniel.nkosi.delta985@vg-eval.test,0721774434,KE,Nairobi,2026-04-08T20:38:23Z,active,false,,,KILELE,corrected in Sept export
CT-200966,Victor Odhiambo,nomsa.achieng.delta3467@vg-eval.test,+254 709 624 587,KE,Kisumu,2026-08-29T01:43:52Z,active,true,,,KILELE,
CT-042577,Ann Elidrissi,lucy.nkosi.delta1239@vg-eval.test,254-712-394129,KE,Eldoret,2026-02-20T20:51:16Z,active,false,,,KILELE,corrected in Sept export
CT-200612,Kevin Kimani,kevin.vermeulen.delta3113@vg-eval.test,0719388834,KE,Kericho,2026-08-06T23:11:10Z,active,false,,,KILELE,
CT-200241,Karim Okoth,brian.kamau.delta2742@vg-eval.test,025711739035,KE,Nakuru,2026-08-15T20:47:13Z,active,true,,,KILELE,
CT-000868,Yassine Odhiambo,faith.pretorius.delta1131@vg-eval.test,0723535720,KE,Machakos,2026-04-05T03:59:28Z,active,true,,,KILELE,corrected in Sept export
CT-053257,John Njoroge,lucy.alaoui.delta68@vg-eval.test,254-737-996436,KE,Kericho,2026-01-11T13:03:41Z,active,true,,,KILELE,corrected in Sept export
CT-021518,Isaac Fassi,layla.nkosi.delta86@vg-eval.test,+254 709 237 646,KE,Thika,2026-01-01T07:05:21Z,active,true,,,KILELE,corrected in Sept export
CT-200895,Amina Achieng,lucy.okoth.delta3396@vg-eval.test,254-725-307859,KE,Kericho,2026-08-08T13:06:24Z,active,false,,,KILELE,
CT-201375,Grace Naidoo,ruth.elidrissi.delta3876@vg-eval.test,254-711-169690,KE,Nakuru,2026-08-18T07:18:14Z,active,true,,,KILELE,
CT-047393,Grace Otieno,karim.kiptoo.delta1114@vg-eval.test,+254 717 596 622,KE,Kericho,2026-03-02T09:45:33Z,active,false,,,KILELE,corrected in Sept export
CT-200704,Paul Cheruiyot,fatima.bennani.delta3205@vg-eval.test,0720076167,KE,Machakos,2026-08-23T23:17:47Z,active,true,,,KILELE,
CT-030535,Mercy Kiptoo,thandi.okoth.delta2402@vg-eval.test,0717498573,KE,Malindi,2026-01-18T00:57:48Z,active,true,,,KILELE,corrected in Sept export
CT-200649,Pieter Njoroge,rachid.tazi.delta3150@vg-eval.test,025731931557,KE,Kericho,2026-08-29T04:18:19Z,active,true,,,KILELE,
CT-014705,Daniel Pretorius,joan.kiptoo.delta2195@vg-eval.test,0721074750,KE,Kisumu,2026-02-19T20:09:53Z,active,true,,,KILELE,corrected in Sept export
CT-060908,Nomsa Vermeulen,john.berrada.delta2382@vg-eval.test,0714151353,KE,Kericho,2026-01-27T16:55:19Z,active,false,,,KILELE,corrected in Sept export
CT-200202,Amina Barasa,mercy.kiptoo.delta2703@vg-eval.test,+254 721 844 619,KE,Thika,2026-08-09T02:51:00Z,active,false,,,KILELE,
CT-053081,Ann Kamau,paul.mokoena.delta2032@vg-eval.test,+254 701 432 044,KE,Nairobi,2026-02-10T15:15:43Z,active,true,,,KILELE,corrected in Sept export
CT-201352,Sarah Alaoui,caroline.vermeulen.delta3853@vg-eval.test,0736858504,KE,Kisumu,2026-08-19T08:09:32Z,active,true,,,KILELE,
CT-070471,Daniel Kimani,joan.wafula.delta1616@vg-eval.test,025713592773,KE,Mombasa,2026-02-15T13:45:51Z,active,true,,,KILELE,corrected in Sept export
CT-200127,Pieter Zahra,alice.kiptoo.delta2628@vg-eval.test,254-722-442020,KE,Nyeri,2026-08-17T08:54:39Z,active,true,,,KILELE,
CT-200530,Pieter Tazi,mercy.bennani.delta3031@vg-eval.test,+254 708 332 389,KE,Nakuru,2026-08-08T18:56:22Z,active,true,,,KILELE,
CT-200465,Thandi Berrada,faith.zahra.delta2966@vg-eval.test,025703324630,KE,Kisumu,2026-08-14T05:45:33Z,active,false,,,KILELE,
CT-200584,Layla Barasa,nancy.okoth.delta3085@vg-eval.test,0712216703,KE,Machakos,2026-08-02T18:50:41Z,active,true,,,KILELE,
CT-201142,Karim Nkosi,thandi.mokoena.delta3643@vg-eval.test,+254 707 744 724,KE,Machakos,2026-08-19T21:03:50Z,active,true,,,KILELE,
CT-200327,Lucy Achieng,zanele.mutua.delta2828@vg-eval.test,254-719-874425,KE,Thika,2026-08-29T18:51:23Z,active,false,,,KILELE,
CT-036961,James Mutua,esther.wafula.delta1057@vg-eval.test,0725107447,KE,Kericho,2026-02-18T15:32:53Z,active,true,,,KILELE,corrected in Sept export
CT-031241,Dennis Benali,amina.benali.delta2422@vg-eval.test,254-729-356088,KE,Kisumu,2026-03-10T02:59:09Z,active,false,,,KILELE,corrected in Sept export
CT-200073,Nancy Zahra,mercy.berrada.delta2574@vg-eval.test,025730600855,KE,Kisumu,2026-08-02T09:28:43Z,active,false,,,KILELE,
CT-200821,James Benali,ruth.odhiambo.delta3322@vg-eval.test,025713719094,KE,Nyeri,2026-08-03T18:18:30Z,active,false,,,KILELE,
CT-200877,Isaac Kiptoo,grace.vermeulen.delta3378@vg-eval.test,025706373884,KE,Nyeri,2026-08-31T22:42:39Z,active,true,,,KILELE,
CT-021526,James Mwangi,rachid.njenga.delta1525@vg-eval.test,0724530450,KE,Nyeri,2026-02-16T19:38:07Z,active,true,,,KILELE,corrected in Sept export
CT-014576,Mercy Elidrissi,simon.bennani.delta545@vg-eval.test,+254 727 599 846,KE,Kisumu,2026-01-14T11:59:20Z,active,false,,,KILELE,corrected in Sept export
CT-021860,Sarah Barasa,isaac.mokoena.delta1458@vg-eval.test,025711304370,KE,Nakuru,2026-03-31T13:20:15Z,active,true,,,KILELE,corrected in Sept export
CT-008706,Salma Berrada,nancy.kamau.delta378@vg-eval.test,254-729-886493,KE,Machakos,2026-01-19T04:47:41Z,active,true,,,KILELE,corrected in Sept export
CT-069063,Nancy Tazi,george.kiptoo.delta1454@vg-eval.test,0731058258,KE,Machakos,2026-01-26T17:53:12Z,active,false,,,KILELE,corrected in Sept export
CT-060266,Thandi Mokoena,grace.bennani.delta772@vg-eval.test,254-736-739844,KE,Nakuru,2026-02-14T20:42:10Z,active,false,,,KILELE,corrected in Sept export
CT-079278,Faith Pretorius,john.achieng.delta1269@vg-eval.test,025714447180,KE,Thika,2026-01-19T18:35:27Z,active,true,,,KILELE,corrected in Sept export
CT-043079,Faith Bennani,david.otieno.delta89@vg-eval.test,254-702-892558,KE,Nyeri,2026-01-05T12:26:40Z,active,true,,,KILELE,corrected in Sept export
CT-201642,Esther Nkosi,kevin.berrada.delta4143@vg-eval.test,+254 726 066 168,KE,Thika,2026-08-02T04:14:15Z,active,true,,,KILELE,
CT-000238,Joan Pretorius,john.wanjiru.delta1213@vg-eval.test,025729504727,KE,Nairobi,2026-02-21T22:34:04Z,active,true,,,KILELE,corrected in Sept export
CT-042562,Victor Bennani,simon.naidoo.delta906@vg-eval.test,254-722-485088,KE,Kisumu,2026-02-22T07:07:00Z,active,true,,,KILELE,corrected in Sept export
CT-200665,Caroline Mwangi,paul.berrada.delta3166@vg-eval.test,025725123381,KE,Nakuru,2026-08-11T18:51:31Z,active,false,,,KILELE,
CT-011526,Layla Mokoena,simon.kiptoo.delta947@vg-eval.test,025732426488,KE,Nyeri,2026-04-17T15:48:39Z,active,false,,,KILELE,corrected in Sept export
CT-200292,Pieter Pretorius,michael.tazi.delta2793@vg-eval.test,0731970796,KE,Nakuru,2026-08-02T07:44:26Z,active,false,,,KILELE,
CT-200104,Diana Okoth,brian.otieno.delta2605@vg-eval.test,0721961125,KE,Malindi,2026-08-09T08:41:39Z,active,false,,,KILELE,
CT-012782,Zanele Wafula,david.njoroge.delta1167@vg-eval.test,0711110642,KE,Thika,2026-03-25T08:16:21Z,active,false,,,KILELE,corrected in Sept export
CT-201119,Faith Wafula,simon.mutua.delta3620@vg-eval.test,254-713-414772,KE,Nakuru,2026-08-15T11:07:52Z,active,false,,,KILELE,
CT-053481,Yassine Mutua,yassine.wanjiru.delta1465@vg-eval.test,+254 724 085 764,KE,Kericho,2026-01-01T15:08:56Z,active,false,,,KILELE,corrected in Sept export
CT-066691,Simon Fassi,simon.mwangi.delta2282@vg-eval.test,+254 729 932 320,KE,Mombasa,2026-03-12T06:25:37Z,active,false,,,KILELE,corrected in Sept export
CT-014885,David Mokoena,george.vermeulen.delta100@vg-eval.test,0718486362,KE,Nyeri,2026-02-04T07:38:48Z,active,false,,,KILELE,corrected in Sept export
CT-200219,Karim Wanjiru,george.nkosi.delta2720@vg-eval.test,254-727-954429,KE,Nairobi,2026-08-13T05:50:56Z,active,false,,,KILELE,
CT-200559,David Elidrissi,james.bennani.delta3060@vg-eval.test,254-723-498120,KE,Nyeri,2026-08-31T18:46:14Z,active,true,,,KILELE,
CT-200510,Caroline Tazi,johan.alaoui.delta3011@vg-eval.test,+254 717 403 864,KE,Machakos,2026-08-31T08:44:37Z,active,false,,,KILELE,
CT-200402,Grace Dlamini,mercy.berrada.delta2903@vg-eval.test,+254 721 774 700,KE,Machakos,2026-08-04T05:51:29Z,active,false,,,KILELE,
CT-065121,Peter Odhiambo,yassine.odhiambo.delta1779@vg-eval.test,+254 722 188 253,KE,Machakos,2026-01-03T09:17:31Z,active,true,,,KILELE,corrected in Sept export
CT-201347,Esther Elidrissi,nancy.bennani.delta3848@vg-eval.test,254-717-337287,KE,Thika,2026-08-04T06:31:38Z,active,false,,,KILELE,
CT-200427,Rachid Mutua,paul.pretorius.delta2928@vg-eval.test,254-725-461952,KE,Mombasa,2026-08-12T01:35:37Z,active,false,,,KILELE,
CT-200731,Johan Wanjiru,ann.cheruiyot.delta3232@vg-eval.test,254-721-798963,KE,Nairobi,2026-08-19T06:12:32Z,active,false,,,KILELE,
CT-200038,Ruth Mutua,daniel.otieno.delta2539@vg-eval.test,+254 704 932 059,KE,Machakos,2026-08-24T04:00:32Z,active,true,,,KILELE,
CT-012623,Peter Odhiambo,alice.vermeulen.delta822@vg-eval.test,0732428222,KE,Machakos,2026-03-13T09:29:32Z,active,true,,,KILELE,corrected in Sept export
CT-038527,Joan Odhiambo,zanele.cheruiyot.delta639@vg-eval.test,025705530981,KE,Nairobi,2026-02-06T20:32:24Z,active,false,,,KILELE,corrected in Sept export
CT-201180,Thandi Mokoena,david.wanjiru.delta3681@vg-eval.test,0726951662,KE,Mombasa,2026-08-22T22:21:57Z,active,false,,,KILELE,
CT-075985,Isaac Berrada,james.mokoena.delta2370@vg-eval.test,254-713-554621,KE,Kericho,2026-03-29T21:00:07Z,active,true,,,KILELE,corrected in Sept export
CT-029184,Pieter Cheruiyot,yassine.haddad.delta2343@vg-eval.test,025709481760,KE,Eldoret,2026-03-02T13:45:25Z,active,true,,,KILELE,corrected in Sept export
CT-017153,Zanele Haddad,brian.berrada.delta134@vg-eval.test,025736032915,KE,Kericho,2026-03-27T22:56:36Z,active,false,,,KILELE,corrected in Sept export
CT-045243,Daniel Berrada,yassine.zahra.delta569@vg-eval.test,0711256030,KE,Mombasa,2026-02-06T21:09:30Z,active,true,,,KILELE,corrected in Sept export
CT-201614,Mercy Achieng,nancy.vermeulen.delta4115@vg-eval.test,+254 725 820 041,KE,Kericho,2026-08-21T07:00:19Z,active,true,,,KILELE,
CT-200979,Diana Zahra,yassine.kimani.delta3480@vg-eval.test,254-736-680127,KE,Thika,2026-08-24T18:18:21Z,active,true,,,KILELE,
CT-200681,Peter Kimani,michael.njoroge.delta3182@vg-eval.test,025700684748,KE,Malindi,2026-08-08T11:07:29Z,active,false,,,KILELE,
CT-200331,Diana Nkosi,george.tazi.delta2832@vg-eval.test,254-708-674495,KE,Malindi,2026-08-19T06:12:56Z,active,false,,,KILELE,
CT-047036,Fatima Tazi,johan.vermeulen.delta2352@vg-eval.test,+254 729 002 836,KE,Nairobi,2026-03-09T16:07:14Z,active,true,,,KILELE,corrected in Sept export
CT-038330,Ann Kimani,mary.berrada.delta615@vg-eval.test,0727504285,KE,Machakos,2026-01-20T04:41:05Z,active,true,,,KILELE,corrected in Sept export
CT-054369,Layla Kamau,salma.bennani.delta1990@vg-eval.test,025700124905,KE,Thika,2026-03-19T06:51:07Z,active,true,,,KILELE,corrected in Sept export
CT-200102,Omar Cheruiyot,rose.zahra.delta2603@vg-eval.test,+254 737 941 914,KE,Nairobi,2026-08-10T02:14:39Z,active,true,,,KILELE,
CT-002084,Karim Mwangi,dennis.benali.delta2062@vg-eval.test,025721260514,KE,Mombasa,2026-03-25T14:02:36Z,active,false,,,KILELE,corrected in Sept export
CT-200454,James Elidrissi,salma.mokoena.delta2955@vg-eval.test,+254 739 165 993,KE,Thika,2026-08-25T22:26:43Z,active,true,,,KILELE,
CT-030288,Faith Alaoui,simon.naidoo.delta702@vg-eval.test,025711818566,KE,Thika,2026-01-12T21:51:43Z,active,true,,,KILELE,corrected in Sept export
CT-079824,Sarah Zahra,brian.okoth.delta380@vg-eval.test,025718499818,KE,Machakos,2026-01-03T17:52:46Z,active,false,,,KILELE,corrected in Sept export
CT-070451,Rose Benali,caroline.njoroge.delta1666@vg-eval.test,+254 708 214 592,KE,Nairobi,2026-04-03T21:21:29Z,active,false,,,KILELE,corrected in Sept export
CT-200765,Omar Alaoui,amina.kimani.delta3266@vg-eval.test,025736283859,KE,Nakuru,2026-08-26T12:38:04Z,active,false,,,KILELE,
CT-075261,David Kiptoo,alice.otieno.delta1788@vg-eval.test,0733254441,KE,Thika,2026-01-02T23:09:49Z,active,false,,,KILELE,corrected in Sept export
CT-076791,Sarah Benali,ruth.haddad.delta2346@vg-eval.test,0735111485,KE,Kericho,2026-03-31T17:42:33Z,active,false,,,KILELE,corrected in Sept export
CT-045721,Sarah Elidrissi,amina.wanjiru.delta638@vg-eval.test,0730773931,KE,Nakuru,2026-03-27T19:09:20Z,active,false,,,KILELE,corrected in Sept export
CT-067325,David Okoth,nomsa.wafula.delta1660@vg-eval.test,0705954990,KE,Machakos,2026-01-30T04:11:51Z,active,true,,,KILELE,corrected in Sept export
CT-028797,Ruth Mwangi,paul.tazi.delta2351@vg-eval.test,0716815935,KE,Nyeri,2026-01-01T03:40:17Z,active,false,,,KILELE,corrected in Sept export
CT-201211,Rachid Cheruiyot,paul.elidrissi.delta3712@vg-eval.test,254-703-319711,KE,Thika,2026-08-08T19:57:09Z,active,true,,,KILELE,
CT-056943,Sipho Mokoena,sipho.elidrissi.delta2380@vg-eval.test,254-736-536371,KE,Malindi,2026-01-20T10:15:50Z,active,false,,,KILELE,corrected in Sept export
CT-048007,Mary Cheruiyot,john.zahra.delta877@vg-eval.test,0729116139,KE,Machakos,2026-01-14T04:16:30Z,active,false,,,KILELE,corrected in Sept export
CT-078552,Ruth Benali,sarah.alaoui.delta400@vg-eval.test,025708354334,KE,Thika,2026-01-24T02:47:45Z,active,true,,,KILELE,corrected in Sept export
CT-201523,Nomsa Pretorius,diana.kiptoo.delta4024@vg-eval.test,254-733-599735,KE,Nyeri,2026-08-06T05:50:30Z,active,true,,,KILELE,
CT-200297,Nancy Elidrissi,faith.mutua.delta2798@vg-eval.test,025711162370,KE,Mombasa,2026-08-30T13:31:53Z,active,true,,,KILELE,
CT-076724,Grace Wanjiru,thandi.okoth.delta544@vg-eval.test,254-728-862728,KE,Malindi,2026-03-17T09:51:58Z,active,true,,,KILELE,corrected in Sept export
CT-050585,Pieter Kimani,rachid.cheruiyot.delta257@vg-eval.test,025707320320,KE,Mombasa,2026-03-27T21:28:03Z,active,false,,,KILELE,corrected in Sept export
CT-201024,Yassine Mokoena,esther.haddad.delta3525@vg-eval.test,0720779481,KE,Kericho,2026-08-12T19:25:20Z,active,false,,,KILELE,
CT-200688,Faith Barasa,lucy.naidoo.delta3189@vg-eval.test,0707089705,KE,Nakuru,2026-08-14T12:37:35Z,active,true,,,KILELE,
CT-069853,Fatima Alaoui,george.wanjiru.delta929@vg-eval.test,254-738-708423,KE,Malindi,2026-03-14T16:12:33Z,active,true,,,KILELE,corrected in Sept export
CT-200385,Fatima Benali,amina.berrada.delta2886@vg-eval.test,025712074146,KE,Mombasa,2026-08-31T16:59:50Z,active,false,,,KILELE,
CT-200825,Thandi Mokoena,mercy.berrada.delta3326@vg-eval.test,025719669104,KE,Machakos,2026-08-02T21:58:01Z,active,false,,,KILELE,
CT-065915,Lucy Achieng,mercy.okoth.delta1710@vg-eval.test,+254 715 148 000,KE,Thika,2026-03-28T15:59:03Z,active,false,,,KILELE,corrected in Sept export
CT-201172,Fatima Wanjiru,layla.mwangi.delta3673@vg-eval.test,0725483143,KE,Kisumu,2026-08-23T16:55:24Z,active,false,,,KILELE,
CT-027306,Layla Elidrissi,joan.naidoo.delta1156@vg-eval.test,254-701-023540,KE,Mombasa,2026-04-14T06:01:36Z,active,false,,,KILELE,corrected in Sept export
CT-200959,Layla Wafula,nancy.otieno.delta3460@vg-eval.test,254-712-637572,KE,Malindi,2026-08-31T11:48:50Z,active,true,,,KILELE,
CT-201539,Amina Kamau,ruth.pretorius.delta4040@vg-eval.test,254-722-230616,KE,Eldoret,2026-08-11T08:10:23Z,active,true,,,KILELE,
CT-200397,Brian Wanjiru,salma.berrada.delta2898@vg-eval.test,025709087150,KE,Malindi,2026-08-24T11:36:42Z,active,true,,,KILELE,
CT-200777,Esther Dlamini,rose.otieno.delta3278@vg-eval.test,025705401454,KE,Kisumu,2026-08-28T12:44:54Z,active,false,,,KILELE,
CT-201031,Ann Vermeulen,isaac.haddad.delta3532@vg-eval.test,254-739-695788,KE,Eldoret,2026-08-10T07:29:08Z,active,true,,,KILELE,
CT-201055,David Bennani,faith.wafula.delta3556@vg-eval.test,254-721-509393,KE,Eldoret,2026-08-08T17:30:13Z,active,false,,,KILELE,
CT-200021,Kevin Nkosi,lerato.barasa.delta2522@vg-eval.test,025710248026,KE,Kisumu,2026-08-15T03:16:47Z,active,false,,,KILELE,
CT-063219,Pieter Berrada,brian.benali.delta1444@vg-eval.test,0717431507,KE,Thika,2026-01-10T23:50:29Z,active,false,,,KILELE,corrected in Sept export
CT-069979,Nancy Nkosi,amina.kimani.delta405@vg-eval.test,0728291359,KE,Eldoret,2026-02-04T20:08:49Z,active,false,,,KILELE,corrected in Sept export
CT-201324,Amina Fassi,karim.kiptoo.delta3825@vg-eval.test,0722400306,KE,Eldoret,2026-08-15T12:29:55Z,active,false,,,KILELE,
CT-027305,Rachid Wafula,alice.otieno.delta2177@vg-eval.test,025733333823,KE,Eldoret,2026-01-06T00:41:30Z,active,false,,,KILELE,corrected in Sept export
CT-024844,Victor Bennani,rose.mokoena.delta1968@vg-eval.test,0725550971,KE,Eldoret,2026-01-27T15:51:27Z,active,false,,,KILELE,corrected in Sept export
CT-028750,Pieter Otieno,layla.vermeulen.delta1965@vg-eval.test,254-737-793257,KE,Machakos,2026-03-10T03:09:56Z,active,false,,,KILELE,corrected in Sept export
CT-201153,Daniel Achieng,pieter.barasa.delta3654@vg-eval.test,025711237695,KE,Mombasa,2026-08-27T21:34:29Z,active,true,,,KILELE,
CT-079815,Esther Elidrissi,brian.berrada.delta456@vg-eval.test,+254 704 482 940,KE,Malindi,2026-02-18T00:30:11Z,active,true,,,KILELE,corrected in Sept export
CT-016930,Rose Wanjiru,sarah.njenga.delta1557@vg-eval.test,0721283672,KE,Malindi,2026-03-04T11:10:54Z,active,false,,,KILELE,corrected in Sept export
CT-200043,Samuel Nkosi,johan.mutua.delta2544@vg-eval.test,254-718-432469,KE,Eldoret,2026-08-07T12:25:38Z,active,false,,,KILELE,
CT-078917,Isaac Njenga,joan.kimani.delta1039@vg-eval.test,+254 723 231 779,KE,Eldoret,2026-03-12T03:54:19Z,active,true,,,KILELE,corrected in Sept export
CT-200982,Zanele Pretorius,alice.mokoena.delta3483@vg-eval.test,+254 701 585 310,KE,Nairobi,2026-08-23T11:08:07Z,active,true,,,KILELE,
CT-076164,Rachid Mutua,mary.vermeulen.delta81@vg-eval.test,025706424928,KE,Mombasa,2026-03-04T05:12:20Z,active,true,,,KILELE,corrected in Sept export
CT-069376,Omar Berrada,daniel.cheruiyot.delta1724@vg-eval.test,254-718-762706,KE,Kericho,2026-02-16T19:59:18Z,active,true,,,KILELE,corrected in Sept export
CT-201488,Lucy Bennani,diana.otieno.delta3989@vg-eval.test,0714864885,KE,Nyeri,2026-08-02T00:49:50Z,active,true,,,KILELE,
CT-042632,Johan Pretorius,peter.mutua.delta933@vg-eval.test,254-707-954343,KE,Malindi,2026-01-02T17:42:29Z,active,false,,,KILELE,corrected in Sept export
CT-071246,Ann Berrada,grace.njoroge.delta1301@vg-eval.test,+254 722 854 841,KE,Malindi,2026-01-12T22:58:33Z,active,false,,,KILELE,corrected in Sept export
CT-031181,George Kiptoo,george.njenga.delta951@vg-eval.test,+254 733 853 318,KE,Malindi,2026-03-24T12:06:18Z,active,true,,,KILELE,corrected in Sept export
CT-028193,Daniel Mokoena,salma.odhiambo.delta1319@vg-eval.test,+254 725 671 997,KE,Eldoret,2026-01-15T21:12:51Z,active,false,,,KILELE,corrected in Sept export
CT-200061,Rachid Haddad,james.zahra.delta2562@vg-eval.test,025714167737,KE,Nyeri,2026-08-14T08:27:58Z,active,true,,,KILELE,
CT-201250,Salma Odhiambo,yassine.odhiambo.delta3751@vg-eval.test,+254 706 816 102,KE,Mombasa,2026-08-04T02:00:12Z,active,false,,,KILELE,
CT-008991,Caroline Dlamini,peter.mutua.delta1353@vg-eval.test,025715447758,KE,Kisumu,2026-01-24T12:12:20Z,active,false,,,KILELE,corrected in Sept export
CT-200345,Simon Alaoui,omar.kimani.delta2846@vg-eval.test,025719305774,KE,Malindi,2026-08-05T22:11:57Z,active,false,,,KILELE,
CT-201077,Dennis Achieng,ann.naidoo.delta3578@vg-eval.test,025732062381,KE,Machakos,2026-08-10T17:49:11Z,active,true,,,KILELE,
CT-200231,George Odhiambo,alice.naidoo.delta2732@vg-eval.test,254-702-119684,KE,Malindi,2026-08-17T22:07:16Z,active,false,,,KILELE,
CT-077728,Nancy Okoth,victor.alaoui.delta2300@vg-eval.test,0719491802,KE,Mombasa,2026-04-11T00:10:58Z,active,true,,,KILELE,corrected in Sept export
CT-027390,Joan Fassi,james.okoth.delta2496@vg-eval.test,+254 714 093 389,KE,Thika,2026-03-23T23:49:21Z,active,true,,,KILELE,corrected in Sept export
CT-200335,Paul Bennani,james.bennani.delta2836@vg-eval.test,254-707-245949,KE,Kisumu,2026-08-01T19:03:12Z,active,true,,,KILELE,
CT-201587,Faith Kimani,kevin.kamau.delta4088@vg-eval.test,254-739-240656,KE,Kericho,2026-08-15T05:28:57Z,active,false,,,KILELE,
CT-063830,Omar Alaoui,karim.benali.delta2411@vg-eval.test,025709455803,KE,Kericho,2026-01-08T09:30:30Z,active,true,,,KILELE,corrected in Sept export
CT-200277,Michael Mokoena,paul.mutua.delta2778@vg-eval.test,025727219907,KE,Kisumu,2026-08-28T23:20:04Z,active,true,,,KILELE,
CT-200787,Paul Mutua,john.nkosi.delta3288@vg-eval.test,254-731-097453,KE,Nyeri,2026-08-19T22:07:39Z,active,false,,,KILELE,
CT-045564,Samuel Njenga,sipho.kimani.delta2021@vg-eval.test,0738057543,KE,Nyeri,2026-01-28T01:38:40Z,active,true,,,KILELE,corrected in Sept export
CT-056547,Simon Nkosi,rachid.barasa.delta1674@vg-eval.test,025709333182,KE,Malindi,2026-03-27T03:39:05Z,active,false,,,KILELE,corrected in Sept export
CT-201413,James Mwangi,faith.okoth.delta3914@vg-eval.test,025700194384,KE,Mombasa,2026-08-20T01:14:57Z,active,true,,,KILELE,
CT-034242,Nomsa Alaoui,thandi.vermeulen.delta602@vg-eval.test,0727081877,KE,Mombasa,2026-01-12T21:21:52Z,active,true,,,KILELE,corrected in Sept export
CT-200992,Victor Elidrissi,nomsa.njoroge.delta3493@vg-eval.test,0715908439,KE,Kisumu,2026-08-26T23:37:41Z,active,true,,,KILELE,
CT-060462,Sarah Mwangi,diana.alaoui.delta2397@vg-eval.test,0705508804,KE,Kericho,2026-03-16T03:21:41Z,active,false,,,KILELE,corrected in Sept export
CT-200758,George Vermeulen,victor.pretorius.delta3259@vg-eval.test,+254 720 133 787,KE,Eldoret,2026-08-31T02:27:45Z,active,false,,,KILELE,
CT-056780,Paul Zahra,nomsa.kiptoo.delta58@vg-eval.test,+254 711 197 988,KE,Thika,2026-02-14T03:17:42Z,active,false,,,KILELE,corrected in Sept export
CT-045465,Victor Benali,esther.bennani.delta2274@vg-eval.test,+254 719 057 076,KE,Eldoret,2026-01-11T08:02:16Z,active,true,,,KILELE,corrected in Sept export
CT-200090,Samuel Vermeulen,mary.cheruiyot.delta2591@vg-eval.test,+254 705 866 638,KE,Kisumu,2026-08-31T21:57:14Z,active,false,,,KILELE,
CT-201269,Ruth Benali,joan.kiptoo.delta3770@vg-eval.test,025723808806,KE,Nakuru,2026-08-31T16:29:07Z,active,false,,,KILELE,
CT-012438,Thandi Wafula,zanele.otieno.delta1981@vg-eval.test,0709549665,KE,Mombasa,2026-02-11T09:32:41Z,active,true,,,KILELE,corrected in Sept export
CT-201087,Samuel Kamau,karim.tazi.delta3588@vg-eval.test,254-717-846764,KE,Nakuru,2026-08-22T18:27:12Z,active,false,,,KILELE,
CT-056686,Nomsa Tazi,james.elidrissi.delta585@vg-eval.test,0738170786,KE,Nairobi,2026-02-14T01:22:31Z,active,false,,,KILELE,corrected in Sept export
CT-200820,Lucy Njenga,johan.kiptoo.delta3321@vg-eval.test,0739288209,KE,Malindi,2026-08-08T15:44:16Z,active,false,,,KILELE,
CT-200211,George Fassi,mary.cheruiyot.delta2712@vg-eval.test,254-713-665405,KE,Nakuru,2026-08-12T23:02:58Z,active,false,,,KILELE,
CT-200209,Dennis Tazi,fatima.mwangi.delta2710@vg-eval.test,025729690280,KE,Kisumu,2026-08-06T10:48:50Z,active,false,,,KILELE,
CT-052175,Caroline Achieng,paul.kiptoo.delta1571@vg-eval.test,0725273566,KE,Thika,2026-03-01T00:15:08Z,active,true,,,KILELE,corrected in Sept export
CT-054147,Brian Mwangi,george.wafula.delta1527@vg-eval.test,0723321256,KE,Mombasa,2026-04-13T18:55:24Z,active,false,,,KILELE,corrected in Sept export
CT-001935,David Wanjiru,mary.mwangi.delta2245@vg-eval.test,+254 718 707 029,KE,Thika,2026-03-16T11:43:36Z,active,true,,,KILELE,corrected in Sept export
CT-200152,Ann Mutua,dennis.odhiambo.delta2653@vg-eval.test,0702611801,KE,Machakos,2026-08-24T15:36:41Z,active,true,,,KILELE,
CT-200672,Nancy Alaoui,nomsa.kiptoo.delta3173@vg-eval.test,0734559279,KE,Malindi,2026-08-17T11:49:38Z,active,true,,,KILELE,
CT-047793,Salma Otieno,pieter.otieno.delta130@vg-eval.test,254-721-473876,KE,Malindi,2026-03-08T23:42:11Z,active,false,,,KILELE,corrected in Sept export
CT-200748,Thandi Benali,alice.bennani.delta3249@vg-eval.test,0733231868,KE,Nakuru,2026-08-27T23:44:41Z,active,true,,,KILELE,
CT-200483,Dennis Achieng,thandi.dlamini.delta2984@vg-eval.test,254-724-853873,KE,Kisumu,2026-08-02T11:32:40Z,active,true,,,KILELE,
CT-201261,Salma Mokoena,sipho.barasa.delta3762@vg-eval.test,025728633280,KE,Nakuru,2026-08-14T05:22:43Z,active,true,,,KILELE,
CT-025530,Layla Barasa,simon.kamau.delta796@vg-eval.test,025736755583,KE,Kisumu,2026-03-12T16:32:35Z,active,false,,,KILELE,corrected in Sept export
CT-006093,Nancy Fassi,james.pretorius.delta156@vg-eval.test,+254 735 912 160,KE,Malindi,2026-02-17T11:59:55Z,active,true,,,KILELE,corrected in Sept export
CT-200403,Michael Naidoo,dennis.benali.delta2904@vg-eval.test,254-718-014538,KE,Nakuru,2026-08-13T23:28:27Z,active,true,,,KILELE,
CT-015097,Sarah Bennani,samuel.haddad.delta1717@vg-eval.test,+254 732 866 872,KE,Nairobi,2026-01-31T02:46:12Z,active,true,,,KILELE,corrected in Sept export
CT-200971,Nomsa Bennani,grace.elidrissi.delta3472@vg-eval.test,254-720-957835,KE,Nyeri,2026-08-21T11:30:07Z,active,true,,,KILELE,
CT-200217,Diana Alaoui,ruth.njoroge.delta2718@vg-eval.test,025708592638,KE,Mombasa,2026-08-12T15:49:55Z,active,false,,,KILELE,
CT-024049,Samuel Achieng,isaac.kamau.delta742@vg-eval.test,0716295559,KE,Nyeri,2026-01-30T17:58:14Z,active,true,,,KILELE,corrected in Sept export
CT-200656,Caroline Barasa,rachid.barasa.delta3157@vg-eval.test,0709755171,KE,Thika,2026-08-14T12:40:12Z,active,true,,,KILELE,
CT-047928,Dennis Mutua,layla.okoth.delta570@vg-eval.test,0723141326,KE,Kisumu,2026-04-12T18:28:59Z,active,true,,,KILELE,corrected in Sept export
CT-006988,Omar Okoth,john.dlamini.delta145@vg-eval.test,025735390139,KE,Machakos,2026-03-06T07:41:25Z,active,true,,,KILELE,corrected in Sept export
CT-069688,Peter Wafula,esther.odhiambo.delta1452@vg-eval.test,0731902423,KE,Thika,2026-02-17T23:25:29Z,active,true,,,KILELE,corrected in Sept export
CT-201249,Kevin Dlamini,salma.bennani.delta3750@vg-eval.test,025717437150,KE,Mombasa,2026-08-16T15:06:14Z,active,false,,,KILELE,
CT-200459,Isaac Okoth,nancy.njenga.delta2960@vg-eval.test,254-739-404698,KE,Kisumu,2026-08-11T00:09:28Z,active,true,,,KILELE,
CT-201063,Dennis Mokoena,ann.barasa.delta3564@vg-eval.test,254-700-281943,KE,Thika,2026-08-28T15:32:47Z,active,false,,,KILELE,
CT-003490,Kevin Elidrissi,joan.kamau.delta1261@vg-eval.test,0707672200,KE,Kericho,2026-02-07T11:53:01Z,active,false,,,KILELE,corrected in Sept export
CT-013786,Amina Fassi,lucy.nkosi.delta301@vg-eval.test,025723884537,KE,Machakos,2026-03-06T04:53:01Z,active,true,,,KILELE,corrected in Sept export
CT-201236,James Tazi,faith.njoroge.delta3737@vg-eval.test,0735801485,KE,Kisumu,2026-08-01T03:46:31Z,active,true,,,KILELE,
CT-022033,Michael Zahra,salma.tazi.delta1615@vg-eval.test,254-715-568444,KE,Nairobi,2026-01-14T00:50:25Z,active,true,,,KILELE,corrected in Sept export
CT-200050,Victor Benali,kevin.cheruiyot.delta2551@vg-eval.test,+254 727 910 722,KE,Nakuru,2026-08-03T06:28:14Z,active,true,,,KILELE,
CT-014869,Yassine Cheruiyot,ruth.kiptoo.delta1383@vg-eval.test,0700316469,KE,Mombasa,2026-01-14T03:26:29Z,active,true,,,KILELE,corrected in Sept export
CT-200015,Simon Mokoena,fatima.barasa.delta2516@vg-eval.test,254-722-917160,KE,Nakuru,2026-08-29T08:11:43Z,active,true,,,KILELE,
CT-201615,Sipho Achieng,peter.mwangi.delta4116@vg-eval.test,254-711-806705,KE,Mombasa,2026-08-25T06:47:07Z,active,false,,,KILELE,
CT-034196,Daniel Haddad,caroline.mutua.delta196@vg-eval.test,0732078636,KE,Nakuru,2026-01-13T07:30:57Z,active,true,,,KILELE,corrected in Sept export
CT-075467,Johan Dlamini,brian.elidrissi.delta606@vg-eval.test,0700133656,KE,Thika,2026-03-09T02:45:40Z,active,true,,,KILELE,corrected in Sept export
CT-201278,Samuel Wafula,joan.barasa.delta3779@vg-eval.test,+254 710 135 012,KE,Malindi,2026-08-01T00:00:43Z,active,false,,,KILELE,
CT-200449,Mercy Kimani,pieter.cheruiyot.delta2950@vg-eval.test,025718589140,KE,Malindi,2026-08-05T19:31:21Z,active,false,,,KILELE,
CT-049712,Samuel Mutua,thandi.kiptoo.delta2109@vg-eval.test,0703198835,KE,Malindi,2026-02-01T16:59:47Z,active,true,,,KILELE,corrected in Sept export
CT-008816,Sarah Odhiambo,zanele.zahra.delta2400@vg-eval.test,0721460426,KE,Mombasa,2026-03-02T15:34:47Z,active,false,,,KILELE,corrected in Sept export
CT-201540,Ruth Mutua,nomsa.achieng.delta4041@vg-eval.test,0715527787,KE,Mombasa,2026-08-02T15:22:26Z,active,true,,,KILELE,
CT-200677,James Tazi,lerato.mokoena.delta3178@vg-eval.test,025720123933,KE,Malindi,2026-08-26T00:36:22Z,active,false,,,KILELE,
CT-201319,Rose Haddad,faith.mwangi.delta3820@vg-eval.test,254-710-027998,KE,Thika,2026-08-24T20:14:33Z,active,false,,,KILELE,
CT-080338,Rachid Kimani,zanele.kimani.delta588@vg-eval.test,0703538906,KE,Malindi,2026-03-30T00:54:38Z,active,true,,,KILELE,corrected in Sept export
CT-037825,Dennis Mutua,zanele.zahra.delta847@vg-eval.test,254-737-561066,KE,Mombasa,2026-03-27T11:43:07Z,active,true,,,KILELE,corrected in Sept export
CT-055338,Diana Njenga,brian.cheruiyot.delta593@vg-eval.test,025711056078,KE,Kericho,2026-03-30T09:03:24Z,active,true,,,KILELE,corrected in Sept export
CT-080726,Omar Berrada,alice.cheruiyot.delta1957@vg-eval.test,+254 711 900 955,KE,Eldoret,2026-04-03T05:27:52Z,active,true,,,KILELE,corrected in Sept export
CT-200351,Lucy Bennani,dennis.wanjiru.delta2852@vg-eval.test,254-725-806923,KE,Nairobi,2026-08-01T12:37:03Z,active,true,,,KILELE,
CT-003823,Diana Elidrissi,john.naidoo.delta455@vg-eval.test,254-707-517235,KE,Nyeri,2026-03-04T06:31:53Z,active,false,,,KILELE,corrected in Sept export
CT-029915,Rachid Alaoui,johan.berrada.delta357@vg-eval.test,254-720-137988,KE,Malindi,2026-02-05T17:28:58Z,active,true,,,KILELE,corrected in Sept export
CT-050166,Isaac Njoroge,diana.njenga.delta2060@vg-eval.test,254-725-091699,KE,Malindi,2026-03-10T07:38:55Z,active,true,,,KILELE,corrected in Sept export
CT-032521,Brian Cheruiyot,michael.dlamini.delta2420@vg-eval.test,025721703228,KE,Kericho,2026-01-19T08:24:15Z,active,true,,,KILELE,corrected in Sept export
CT-201001,Lerato Elidrissi,victor.elidrissi.delta3502@vg-eval.test,025704541318,KE,Machakos,2026-08-21T09:09:30Z,active,true,,,KILELE,
CT-200600,Joan Mwangi,salma.pretorius.delta3101@vg-eval.test,0710741826,KE,Nakuru,2026-08-21T13:44:45Z,active,true,,,KILELE,
CT-201263,Grace Pretorius,john.elidrissi.delta3764@vg-eval.test,254-713-453730,KE,Nyeri,2026-08-11T03:36:55Z,active,false,,,KILELE,
CT-200475,Zanele Naidoo,isaac.kimani.delta2976@vg-eval.test,254-737-379611,KE,Nakuru,2026-08-27T10:47:08Z,active,true,,,KILELE,
CT-040773,Nomsa Haddad,sipho.bennani.delta216@vg-eval.test,025728823290,KE,Thika,2026-01-28T05:29:23Z,active,true,,,KILELE,corrected in Sept export
CT-200621,Mercy Berrada,victor.bennani.delta3122@vg-eval.test,025735890170,KE,Mombasa,2026-08-05T20:03:04Z,active,true,,,KILELE,
CT-023501,Pieter Dlamini,samuel.kamau.delta38@vg-eval.test,025707982403,KE,Machakos,2026-01-30T14:34:21Z,active,false,,,KILELE,corrected in Sept export
CT-200320,Omar Mwangi,victor.okoth.delta2821@vg-eval.test,0710860714,KE,Machakos,2026-08-14T09:50:55Z,active,true,,,KILELE,
CT-200322,Grace Benali,pieter.odhiambo.delta2823@vg-eval.test,+254 721 077 924,KE,Thika,2026-08-24T08:44:08Z,active,false,,,KILELE,
CT-010083,Sipho Wafula,samuel.berrada.delta2475@vg-eval.test,254-716-087591,KE,Nakuru,2026-04-05T02:04:34Z,active,false,,,KILELE,corrected in Sept export
CT-072534,John Dlamini,nomsa.vermeulen.delta184@vg-eval.test,025736795844,KE,Kisumu,2026-03-31T05:27:10Z,active,false,,,KILELE,corrected in Sept export
CT-067115,Victor Njoroge,nancy.mokoena.delta1115@vg-eval.test,254-712-080858,KE,Nairobi,2026-01-07T23:32:40Z,active,true,,,KILELE,corrected in Sept export
CT-029685,Mercy Alaoui,johan.dlamini.delta1943@vg-eval.test,254-713-950752,KE,Thika,2026-02-26T12:55:36Z,active,false,,,KILELE,corrected in Sept export
CT-200666,Michael Otieno,yassine.wanjiru.delta3167@vg-eval.test,+254 736 754 472,KE,Malindi,2026-08-02T11:14:30Z,active,false,,,KILELE,
CT-056969,Rose Wanjiru,rose.alaoui.delta322@vg-eval.test,0705090498,KE,Thika,2026-02-19T08:42:25Z,active,true,,,KILELE,corrected in Sept export
CT-200798,Zanele Otieno,nancy.kimani.delta3299@vg-eval.test,+254 721 247 235,KE,Eldoret,2026-08-04T14:55:30Z,active,false,,,KILELE,
CT-053889,Victor Wanjiru,rose.haddad.delta230@vg-eval.test,+254 737 888 667,KE,Kisumu,2026-02-05T22:51:28Z,active,false,,,KILELE,corrected in Sept export
CT-019866,Simon Alaoui,michael.alaoui.delta71@vg-eval.test,0729720476,KE,Nakuru,2026-03-29T06:06:27Z,active,false,,,KILELE,corrected in Sept export
CT-049617,Faith Achieng,diana.dlamini.delta1995@vg-eval.test,0715094285,KE,Mombasa,2026-01-11T14:45:12Z,active,true,,,KILELE,corrected in Sept export
CT-051232,Caroline Bennani,yassine.kamau.delta953@vg-eval.test,0719068555,KE,Thika,2026-01-06T15:33:19Z,active,false,,,KILELE,corrected in Sept export
CT-039063,John Njoroge,esther.alaoui.delta509@vg-eval.test,254-725-908935,KE,Eldoret,2026-03-27T13:13:54Z,active,true,,,KILELE,corrected in Sept export
CT-066069,Samuel Nkosi,david.kimani.delta1042@vg-eval.test,0714214110,KE,Machakos,2026-01-04T10:58:54Z,active,true,,,KILELE,corrected in Sept export
CT-064141,David Wanjiru,salma.berrada.delta2036@vg-eval.test,0708683852,KE,Kericho,2026-01-16T23:27:25Z,active,false,,,KILELE,corrected in Sept export
CT-073032,Paul Elidrissi,daniel.nkosi.delta978@vg-eval.test,0732815053,KE,Machakos,2026-02-22T22:23:40Z,active,true,,,KILELE,corrected in Sept export
CT-032331,Brian Wanjiru,peter.mwangi.delta575@vg-eval.test,025737812842,KE,Nyeri,2026-04-06T05:17:36Z,active,false,,,KILELE,corrected in Sept export
CT-066829,Thandi Berrada,nomsa.tazi.delta334@vg-eval.test,254-720-703991,KE,Thika,2026-01-28T17:33:54Z,active,false,,,KILELE,corrected in Sept export
CT-200008,Amina Mokoena,george.odhiambo.delta2509@vg-eval.test,0723584827,KE,Machakos,2026-08-06T02:56:05Z,active,false,,,KILELE,
CT-041537,Zanele Naidoo,fatima.okoth.delta1940@vg-eval.test,0715579166,KE,Machakos,2026-02-16T10:52:12Z,active,false,,,KILELE,corrected in Sept export
CT-024169,Sipho Berrada,george.dlamini.delta1109@vg-eval.test,+254 703 056 122,KE,Kericho,2026-01-18T10:33:09Z,active,true,,,KILELE,corrected in Sept export
CT-075450,George Mokoena,michael.kamau.delta633@vg-eval.test,254-715-679769,KE,Nairobi,2026-01-21T15:44:04Z,active,false,,,KILELE,corrected in Sept export
CT-014589,Sipho Odhiambo,rose.tazi.delta2445@vg-eval.test,254-719-624607,KE,Mombasa,2026-02-21T23:08:05Z,active,false,,,KILELE,corrected in Sept export
CT-201395,George Kiptoo,diana.benali.delta3896@vg-eval.test,254-718-462117,KE,Malindi,2026-08-18T14:57:10Z,active,true,,,KILELE,
CT-012731,Pieter Alaoui,fatima.fassi.delta1404@vg-eval.test,0716456655,KE,Nakuru,2026-02-10T04:40:52Z,active,true,,,KILELE,corrected in Sept export
CT-079227,Karim Tazi,thandi.zahra.delta1216@vg-eval.test,254-734-401878,KE,Kericho,2026-01-15T18:34:33Z,active,false,,,KILELE,corrected in Sept export
CT-200334,Michael Naidoo,amina.wafula.delta2835@vg-eval.test,+254 705 643 976,KE,Thika,2026-08-03T15:26:05Z,active,false,,,KILELE,
CT-029818,Mary Okoth,james.mokoena.delta1388@vg-eval.test,025700624354,KE,Nakuru,2026-03-22T02:48:04Z,active,true,,,KILELE,corrected in Sept export
CT-049727,James Benali,diana.wanjiru.delta590@vg-eval.test,025732950661,KE,Mombasa,2026-03-31T09:35:10Z,active,true,,,KILELE,corrected in Sept export
CT-200201,Fatima Mutua,mercy.zahra.delta2702@vg-eval.test,025729114133,KE,Kericho,2026-08-30T12:02:31Z,active,true,,,KILELE,
CT-046262,Simon Pretorius,omar.haddad.delta1793@vg-eval.test,0731970874,KE,Nakuru,2026-03-24T14:44:29Z,active,false,,,KILELE,corrected in Sept export
CT-006523,James Tazi,george.achieng.delta1756@vg-eval.test,254-705-220062,KE,Nakuru,2026-04-15T15:19:14Z,active,true,,,KILELE,corrected in Sept export
CT-012621,Zanele Mokoena,pieter.elidrissi.delta1006@vg-eval.test,025708881054,KE,Kericho,2026-01-21T04:53:24Z,active,true,,,KILELE,corrected in Sept export
CT-074064,Mary Elidrissi,ann.odhiambo.delta252@vg-eval.test,0705118862,KE,Eldoret,2026-03-26T19:48:45Z,active,false,,,KILELE,corrected in Sept export
CT-080191,Salma Njoroge,ann.alaoui.delta1613@vg-eval.test,0722197757,KE,Malindi,2026-03-18T05:02:12Z,active,true,,,KILELE,corrected in Sept export
CT-201005,Daniel Mwangi,joan.mwangi.delta3506@vg-eval.test,025706134951,KE,Mombasa,2026-08-29T21:09:34Z,active,false,,,KILELE,
CT-030278,John Wafula,dennis.naidoo.delta444@vg-eval.test,+254 701 299 178,KE,Kericho,2026-02-14T07:26:40Z,active,true,,,KILELE,corrected in Sept export
CT-201433,Dennis Wafula,brian.okoth.delta3934@vg-eval.test,025739205925,KE,Nairobi,2026-08-18T06:30:45Z,active,false,,,KILELE,
CT-056276,James Mwangi,paul.mwangi.delta1214@vg-eval.test,+254 708 826 955,KE,Kisumu,2026-03-23T01:53:03Z,active,true,,,KILELE,corrected in Sept export
CT-010792,Sipho Kamau,fatima.cheruiyot.delta2126@vg-eval.test,025700782636,KE,Nakuru,2026-02-18T21:35:53Z,active,true,,,KILELE,corrected in Sept export
CT-201289,Daniel Elidrissi,brian.odhiambo.delta3790@vg-eval.test,025731552430,KE,Mombasa,2026-08-07T21:13:51Z,active,true,,,KILELE,
CT-201134,Brian Wanjiru,karim.kamau.delta3635@vg-eval.test,+254 716 914 038,KE,Nakuru,2026-08-12T12:52:38Z,active,false,,,KILELE,
CT-057065,Peter Benali,thandi.pretorius.delta1029@vg-eval.test,0724857042,KE,Mombasa,2026-03-13T05:44:01Z,active,true,,,KILELE,corrected in Sept export
CT-200222,Karim Njoroge,rachid.mutua.delta2723@vg-eval.test,+254 708 373 324,KE,Machakos,2026-08-09T09:28:30Z,active,true,,,KILELE,
CT-013756,Faith Nkosi,rachid.kamau.delta1337@vg-eval.test,0730414799,KE,Nyeri,2026-03-09T18:15:44Z,active,true,,,KILELE,corrected in Sept export
CT-013362,Isaac Mwangi,ann.berrada.delta477@vg-eval.test,025721769647,KE,Kericho,2026-03-19T07:03:27Z,active,true,,,KILELE,corrected in Sept export
CT-034118,Diana Dlamini,sarah.kiptoo.delta364@vg-eval.test,0717753001,KE,Nyeri,2026-01-01T22:35:53Z,active,false,,,KILELE,corrected in Sept export
CT-200575,Zanele Bennani,yassine.njoroge.delta3076@vg-eval.test,254-709-870764,KE,Thika,2026-08-20T17:23:40Z,active,true,,,KILELE,
CT-004818,Lucy Nkosi,diana.nkosi.delta1264@vg-eval.test,025715718085,KE,Nairobi,2026-01-21T16:17:18Z,active,false,,,KILELE,corrected in Sept export
CT-056812,Rachid Njoroge,esther.haddad.delta2110@vg-eval.test,0707165981,KE,Nyeri,2026-02-14T18:34:00Z,active,true,,,KILELE,corrected in Sept export
CT-200121,Rose Benali,simon.naidoo.delta2622@vg-eval.test,025729323209,KE,Malindi,2026-08-24T15:08:22Z,active,true,,,KILELE,
CT-201304,Joan Mwangi,johan.berrada.delta3805@vg-eval.test,0734358000,KE,Mombasa,2026-08-29T16:13:45Z,active,true,,,KILELE,
CT-200173,Simon Berrada,lucy.naidoo.delta2674@vg-eval.test,025714029656,KE,Kisumu,2026-08-22T13:02:06Z,active,true,,,KILELE,
CT-200899,Diana Bennani,joan.zahra.delta3400@vg-eval.test,254-732-010570,KE,Nyeri,2026-08-31T10:18:14Z,active,false,,,KILELE,
CT-045707,Faith Achieng,joan.mutua.delta994@vg-eval.test,0714387017,KE,Thika,2026-01-27T12:52:17Z,active,true,,,KILELE,corrected in Sept export
CT-201285,Simon Benali,john.benali.delta3786@vg-eval.test,025729937200,KE,Nyeri,2026-08-29T03:49:06Z,active,true,,,KILELE,
CT-200354,Alice Mokoena,amina.pretorius.delta2855@vg-eval.test,+254 728 341 115,KE,Nyeri,2026-08-10T03:07:52Z,active,false,,,KILELE,
CT-200887,Samuel Mutua,samuel.wanjiru.delta3388@vg-eval.test,254-725-833924,KE,Mombasa,2026-08-26T00:31:01Z,active,false,,,KILELE,
CT-200140,Ann Mokoena,samuel.tazi.delta2641@vg-eval.test,0724069894,KE,Thika,2026-08-10T10:47:08Z,active,true,,,KILELE,
CT-200288,Brian Haddad,david.wafula.delta2789@vg-eval.test,0705079084,KE,Mombasa,2026-08-04T15:59:54Z,active,true,,,KILELE,
CT-201255,Diana Cheruiyot,rose.mutua.delta3756@vg-eval.test,254-717-349410,KE,Malindi,2026-08-20T12:43:44Z,active,true,,,KILELE,
CT-050080,Faith Wanjiru,grace.wafula.delta1046@vg-eval.test,0736964457,KE,Malindi,2026-03-10T10:49:35Z,active,false,,,KILELE,corrected in Sept export
CT-201179,Brian Njoroge,grace.wanjiru.delta3680@vg-eval.test,254-719-183386,KE,Kisumu,2026-08-09T09:47:44Z,active,false,,,KILELE,
CT-009307,Dennis Njenga,isaac.alaoui.delta41@vg-eval.test,025723435954,KE,Kisumu,2026-03-06T03:12:10Z,active,true,,,KILELE,corrected in Sept export
CT-201344,Peter Mokoena,lucy.berrada.delta3845@vg-eval.test,0728569765,KE,Eldoret,2026-08-21T04:43:57Z,active,true,,,KILELE,
CT-201121,Alice Njenga,james.njoroge.delta3622@vg-eval.test,025728874338,KE,Thika,2026-08-10T17:33:06Z,active,true,,,KILELE,
CT-069240,Sipho Cheruiyot,grace.dlamini.delta121@vg-eval.test,+254 737 652 763,KE,Kericho,2026-04-07T02:24:49Z,active,false,,,KILELE,corrected in Sept export
CT-053071,Isaac Kimani,karim.nkosi.delta1371@vg-eval.test,254-734-444536,KE,Nyeri,2026-03-11T00:35:54Z,active,false,,,KILELE,corrected in Sept export
CT-200972,Omar Okoth,mercy.benali.delta3473@vg-eval.test,0712393967,KE,Malindi,2026-08-02T04:54:27Z,active,false,,,KILELE,
CT-200855,Johan Mwangi,faith.wafula.delta3356@vg-eval.test,254-734-726902,KE,Nakuru,2026-08-02T19:31:59Z,active,true,,,KILELE,
CT-201268,Grace Berrada,paul.nkosi.delta3769@vg-eval.test,0703509548,KE,Nakuru,2026-08-29T11:28:02Z,active,false,,,KILELE,
CT-072351,James Zahra,dennis.pretorius.delta2010@vg-eval.test,0729263677,KE,Kisumu,2026-02-22T22:23:14Z,active,false,,,KILELE,corrected in Sept export
CT-042168,Sarah Fassi,mercy.njoroge.delta1028@vg-eval.test,025726680238,KE,Mombasa,2026-02-07T17:19:23Z,active,true,,,KILELE,corrected in Sept export
CT-200352,Daniel Dlamini,alice.njenga.delta2853@vg-eval.test,0735747972,KE,Kericho,2026-08-09T18:26:19Z,active,false,,,KILELE,
CT-023742,Michael Benali,rachid.naidoo.delta1310@vg-eval.test,025702127630,KE,Kericho,2026-04-14T14:46:32Z,active,true,,,KILELE,corrected in Sept export
CT-200399,Lerato Otieno,lucy.alaoui.delta2900@vg-eval.test,254-724-457713,KE,Eldoret,2026-08-10T04:23:42Z,active,true,,,KILELE,
CT-036867,Rachid Barasa,mercy.dlamini.delta1380@vg-eval.test,+254 730 454 413,KE,Malindi,2026-03-31T17:15:35Z,active,false,,,KILELE,corrected in Sept export
CT-201519,Alice Mokoena,george.odhiambo.delta4020@vg-eval.test,254-718-412217,KE,Machakos,2026-08-02T17:06:45Z,active,false,,,KILELE,
CT-008463,Alice Naidoo,mercy.haddad.delta22@vg-eval.test,254-707-728640,KE,Nairobi,2026-04-17T10:51:01Z,active,false,,,KILELE,corrected in Sept export
CT-062675,Simon Mwangi,mercy.fassi.delta733@vg-eval.test,0705059864,KE,Thika,2026-01-07T17:23:57Z,active,true,,,KILELE,corrected in Sept export
CT-201428,Rachid Pretorius,yassine.kimani.delta3929@vg-eval.test,0709084817,KE,Kericho,2026-08-16T19:46:30Z,active,false,,,KILELE,
CT-043421,Rose Njoroge,daniel.alaoui.delta1414@vg-eval.test,+254 700 760 007,KE,Nairobi,2026-01-08T09:06:37Z,active,true,,,KILELE,corrected in Sept export
CT-201661,Rose Mwangi,nomsa.nkosi.delta4162@vg-eval.test,025733451529,KE,Nakuru,2026-08-14T02:07:56Z,active,false,,,KILELE,
CT-201562,Kevin Kamau,paul.alaoui.delta4063@vg-eval.test,+254 720 657 944,KE,Nyeri,2026-08-15T23:15:51Z,active,false,,,KILELE,
CT-201430,Grace Elidrissi,nomsa.benali.delta3931@vg-eval.test,+254 710 814 283,KE,Kericho,2026-08-17T03:01:49Z,active,true,,,KILELE,
CT-201611,Rose Mwangi,faith.njoroge.delta4112@vg-eval.test,254-713-892519,KE,Kisumu,2026-08-14T22:33:33Z,active,false,,,KILELE,
CT-050941,Brian Naidoo,brian.mutua.delta1764@vg-eval.test,025709310517,KE,Kisumu,2026-03-05T08:44:20Z,active,false,,,KILELE,corrected in Sept export
CT-054167,Rose Dlamini,john.berrada.delta2316@vg-eval.test,025726548170,KE,Kisumu,2026-04-14T00:48:08Z,active,true,,,KILELE,corrected in Sept export
CT-062607,Pieter Elidrissi,david.mwangi.delta696@vg-eval.test,+254 730 528 147,KE,Nairobi,2026-03-15T15:05:53Z,active,false,,,KILELE,corrected in Sept export
CT-060004,Salma Haddad,dennis.okoth.delta363@vg-eval.test,+254 735 789 796,KE,Nyeri,2026-02-25T03:21:47Z,active,false,,,KILELE,corrected in Sept export
CT-200555,James Naidoo,layla.bennani.delta3056@vg-eval.test,254-738-793721,KE,Kericho,2026-08-20T08:05:45Z,active,false,,,KILELE,
CT-064983,Nancy Vermeulen,sipho.bennani.delta617@vg-eval.test,254-730-549081,KE,Malindi,2026-01-13T04:39:42Z,active,false,,,KILELE,corrected in Sept export
CT-033958,Layla Vermeulen,john.otieno.delta1892@vg-eval.test,0720909308,KE,Kisumu,2026-02-06T23:44:48Z,active,false,,,KILELE,corrected in Sept export
CT-201270,Alice Elidrissi,nomsa.mutua.delta3771@vg-eval.test,+254 734 140 048,KE,Machakos,2026-08-26T19:15:27Z,active,true,,,KILELE,
CT-042060,Nomsa Kamau,victor.mutua.delta1102@vg-eval.test,0734224765,KE,Eldoret,2026-04-13T05:08:37Z,active,true,,,KILELE,corrected in Sept export
CT-200255,Ruth Vermeulen,simon.naidoo.delta2756@vg-eval.test,254-739-824590,KE,Nakuru,2026-08-02T20:41:19Z,active,false,,,KILELE,
CT-048059,Esther Alaoui,thandi.odhiambo.delta2446@vg-eval.test,254-702-610337,KE,Mombasa,2026-04-02T21:02:18Z,active,false,,,KILELE,corrected in Sept export
CT-200934,Faith Elidrissi,layla.otieno.delta3435@vg-eval.test,+254 736 077 231,KE,Nakuru,2026-08-27T07:11:00Z,active,true,,,KILELE,
CT-036039,Yassine Vermeulen,isaac.kimani.delta2392@vg-eval.test,254-704-279015,KE,Nyeri,2026-03-23T16:55:24Z,active,false,,,KILELE,corrected in Sept export
CT-052802,Samuel Naidoo,james.elidrissi.delta275@vg-eval.test,254-723-786249,KE,Machakos,2026-03-31T16:32:04Z,active,true,,,KILELE,corrected in Sept export
CT-029709,Nancy Pretorius,lerato.barasa.delta618@vg-eval.test,0719494300,KE,Kericho,2026-01-22T20:44:36Z,active,true,,,KILELE,corrected in Sept export
CT-200805,Michael Otieno,thandi.berrada.delta3306@vg-eval.test,025739410466,KE,Nairobi,2026-08-04T21:27:53Z,active,false,,,KILELE,
CT-017547,Nomsa Berrada,ruth.vermeulen.delta508@vg-eval.test,254-737-700055,KE,Kisumu,2026-02-05T07:39:12Z,active,true,,,KILELE,corrected in Sept export
CT-030302,Grace Kiptoo,omar.alaoui.delta2431@vg-eval.test,254-716-579323,KE,Nairobi,2026-01-17T11:38:59Z,active,true,,,KILELE,corrected in Sept export
CT-057982,Faith Vermeulen,isaac.cheruiyot.delta2009@vg-eval.test,254-712-026591,KE,Nakuru,2026-03-13T11:26:13Z,active,false,,,KILELE,corrected in Sept export
CT-200522,Amina Mwangi,mercy.wafula.delta3023@vg-eval.test,+254 713 908 782,KE,Eldoret,2026-08-20T23:14:28Z,active,true,,,KILELE,
CT-200047,Yassine Wafula,james.bennani.delta2548@vg-eval.test,254-733-592550,KE,Nyeri,2026-08-27T01:49:46Z,active,false,,,KILELE,
CT-010710,Sipho Mokoena,james.naidoo.delta1791@vg-eval.test,0728369477,KE,Kericho,2026-02-25T19:25:59Z,active,false,,,KILELE,corrected in Sept export
CT-053948,Lucy Naidoo,lerato.njenga.delta701@vg-eval.test,025733430071,KE,Kisumu,2026-01-25T22:42:54Z,active,false,,,KILELE,corrected in Sept export
CT-200458,Alice Barasa,brian.cheruiyot.delta2959@vg-eval.test,+254 723 494 457,KE,Mombasa,2026-08-12T12:42:09Z,active,false,,,KILELE,
CT-201634,Pieter Pretorius,ann.haddad.delta4135@vg-eval.test,+254 733 033 493,KE,Machakos,2026-08-27T15:56:53Z,active,true,,,KILELE,
CT-046384,Sipho Mokoena,caroline.cheruiyot.delta249@vg-eval.test,0732412955,KE,Kericho,2026-04-01T00:40:16Z,active,true,,,KILELE,corrected in Sept export
CT-200997,Brian Bennani,michael.mwangi.delta3498@vg-eval.test,025713213554,KE,Malindi,2026-08-16T13:54:49Z,active,false,,,KILELE,
CT-051776,Rose Mutua,sarah.wafula.delta1743@vg-eval.test,254-739-623567,KE,Nakuru,2026-04-12T12:40:24Z,active,false,,,KILELE,corrected in Sept export
CT-200488,Fatima Bennani,lerato.kiptoo.delta2989@vg-eval.test,0717247158,KE,Thika,2026-08-23T15:50:24Z,active,true,,,KILELE,
CT-007766,Thandi Haddad,peter.vermeulen.delta704@vg-eval.test,025703880921,KE,Nakuru,2026-02-27T14:14:46Z,active,true,,,KILELE,corrected in Sept export
CT-018521,Diana Pretorius,mary.kiptoo.delta568@vg-eval.test,0723555548,KE,Thika,2026-01-28T16:16:32Z,active,true,,,KILELE,corrected in Sept export
CT-005890,Samuel Nkosi,victor.berrada.delta2049@vg-eval.test,0700888358,KE,Thika,2026-02-02T23:04:55Z,active,false,,,KILELE,corrected in Sept export
CT-076579,James Wanjiru,paul.alaoui.delta936@vg-eval.test,254-704-657542,KE,Nyeri,2026-02-19T09:22:25Z,active,true,,,KILELE,corrected in Sept export
CT-030280,Esther Kiptoo,nancy.berrada.delta1761@vg-eval.test,0717408670,KE,Nairobi,2026-03-24T05:43:14Z,active,false,,,KILELE,corrected in Sept export
CT-201080,Caroline Benali,esther.odhiambo.delta3581@vg-eval.test,0705255498,KE,Nairobi,2026-08-05T14:14:36Z,active,true,,,KILELE,
CT-010497,Yassine Cheruiyot,ruth.cheruiyot.delta2487@vg-eval.test,+254 706 095 624,KE,Mombasa,2026-04-16T11:22:25Z,active,false,,,KILELE,corrected in Sept export
CT-007626,Pieter Njenga,mary.otieno.delta943@vg-eval.test,025737228851,KE,Nyeri,2026-01-01T12:16:36Z,active,false,,,KILELE,corrected in Sept export
CT-200032,Michael Otieno,salma.kamau.delta2533@vg-eval.test,0721730220,KE,Thika,2026-08-31T20:35:48Z,active,true,,,KILELE,
CT-200160,George Naidoo,david.naidoo.delta2661@vg-eval.test,0728962378,KE,Thika,2026-08-14T19:34:44Z,active,true,,,KILELE,
CT-200807,Karim Elidrissi,alice.berrada.delta3308@vg-eval.test,254-732-721761,KE,Nairobi,2026-08-16T05:28:10Z,active,false,,,KILELE,
CT-014653,Sipho Njenga,mary.fassi.delta64@vg-eval.test,254-721-975098,KE,Mombasa,2026-03-19T15:05:07Z,active,false,,,KILELE,corrected in Sept export
CT-200734,Rachid Otieno,lerato.odhiambo.delta3235@vg-eval.test,+254 701 922 788,KE,Kericho,2026-08-24T05:14:48Z,active,true,,,KILELE,
CT-200791,Nomsa Kimani,rose.bennani.delta3292@vg-eval.test,254-728-018861,KE,Malindi,2026-08-22T23:35:40Z,active,false,,,KILELE,
CT-200035,Grace Bennani,peter.bennani.delta2536@vg-eval.test,254-727-451272,KE,Machakos,2026-08-24T02:25:57Z,active,false,,,KILELE,
CT-021234,Layla Fassi,pieter.cheruiyot.delta852@vg-eval.test,0706748848,KE,Machakos,2026-02-06T11:21:24Z,active,true,,,KILELE,corrected in Sept export
CT-053063,Faith Zahra,amina.njenga.delta714@vg-eval.test,025702659987,KE,Kericho,2026-02-25T15:00:58Z,active,true,,,KILELE,corrected in Sept export
CT-042615,Zanele Cheruiyot,lucy.mokoena.delta2046@vg-eval.test,+254 717 145 507,KE,Eldoret,2026-03-12T01:25:58Z,active,false,,,KILELE,corrected in Sept export
CT-063377,Joan Njenga,sipho.okoth.delta355@vg-eval.test,0706290357,KE,Nairobi,2026-03-03T16:49:19Z,active,true,,,KILELE,corrected in Sept export
CT-049468,Yassine Kimani,mary.dlamini.delta863@vg-eval.test,0721944134,KE,Kisumu,2026-03-15T00:15:02Z,active,true,,,KILELE,corrected in Sept export
CT-061918,Lerato Njenga,grace.wanjiru.delta2083@vg-eval.test,+254 700 503 962,KE,Kisumu,2026-04-05T05:30:55Z,active,true,,,KILELE,corrected in Sept export
CT-044322,Thandi Cheruiyot,victor.vermeulen.delta2348@vg-eval.test,254-728-639749,KE,Nyeri,2026-02-12T07:18:03Z,active,false,,,KILELE,corrected in Sept export
CT-200406,Michael Mokoena,johan.mokoena.delta2907@vg-eval.test,+254 738 927 186,KE,Kericho,2026-08-19T10:14:24Z,active,true,,,KILELE,
CT-201535,Kevin Wafula,nancy.otieno.delta4036@vg-eval.test,254-737-597988,KE,Nakuru,2026-08-14T16:30:08Z,active,false,,,KILELE,
CT-012991,Mary Mwangi,zanele.dlamini.delta1992@vg-eval.test,0714941424,KE,Thika,2026-04-04T23:52:18Z,active,false,,,KILELE,corrected in Sept export
CT-002573,Fatima Mwangi,yassine.benali.delta1136@vg-eval.test,0719124838,KE,Machakos,2026-01-22T18:37:50Z,active,false,,,KILELE,corrected in Sept export
CT-201220,Nomsa Benali,zanele.nkosi.delta3721@vg-eval.test,0707722524,KE,Kericho,2026-08-27T09:41:21Z,active,false,,,KILELE,
CT-061831,Grace Haddad,lerato.benali.delta1673@vg-eval.test,0726483240,KE,Kericho,2026-02-24T05:13:03Z,active,false,,,KILELE,corrected in Sept export
CT-059932,Ann Mutua,diana.nkosi.delta1895@vg-eval.test,0725845907,KE,Thika,2026-02-08T07:10:44Z,active,true,,,KILELE,corrected in Sept export
CT-201648,Ruth Mutua,david.mwangi.delta4149@vg-eval.test,0712488231,KE,Kericho,2026-08-21T06:51:47Z,active,false,,,KILELE,
CT-004103,Paul Odhiambo,mary.kamau.delta1240@vg-eval.test,025704408286,KE,Kisumu,2026-01-28T10:39:12Z,active,false,,,KILELE,corrected in Sept export
CT-053158,Dennis Tazi,salma.pretorius.delta1888@vg-eval.test,0734435131,KE,Kisumu,2026-02-05T04:02:02Z,active,true,,,KILELE,corrected in Sept export
CT-200384,Ruth Mutua,johan.naidoo.delta2885@vg-eval.test,0731516269,KE,Kisumu,2026-08-02T07:37:01Z,active,true,,,KILELE,
CT-015835,Yassine Achieng,salma.otieno.delta1098@vg-eval.test,+254 702 388 609,KE,Mombasa,2026-01-26T09:23:03Z,active,false,,,KILELE,corrected in Sept export
CT-057370,Lucy Tazi,pieter.haddad.delta565@vg-eval.test,+254 718 639 712,KE,Machakos,2026-02-01T13:43:58Z,active,false,,,KILELE,corrected in Sept export
CT-201254,David Mutua,michael.wanjiru.delta3755@vg-eval.test,+254 723 021 627,KE,Kericho,2026-08-23T16:56:03Z,active,true,,,KILELE,
CT-070092,Peter Haddad,diana.achieng.delta1263@vg-eval.test,254-705-339442,KE,Mombasa,2026-01-06T04:42:52Z,active,false,,,KILELE,corrected in Sept export
CT-200738,Grace Bennani,lucy.njoroge.delta3239@vg-eval.test,+254 716 069 791,KE,Kisumu,2026-08-22T14:32:56Z,active,false,,,KILELE,
CT-201342,Ruth Zahra,yassine.mutua.delta3843@vg-eval.test,+254 708 117 081,KE,Mombasa,2026-08-11T05:02:27Z,active,false,,,KILELE,
CT-030568,Ann Odhiambo,samuel.kiptoo.delta594@vg-eval.test,254-713-673034,KE,Malindi,2026-02-05T11:51:13Z,active,false,,,KILELE,corrected in Sept export
CT-200564,Ruth Pretorius,caroline.vermeulen.delta3065@vg-eval.test,0730296677,KE,Nakuru,2026-08-27T15:16:27Z,active,false,,,KILELE,
CT-002614,Brian Okoth,isaac.kiptoo.delta2324@vg-eval.test,025724721599,KE,Thika,2026-01-13T06:53:40Z,active,false,,,KILELE,corrected in Sept export
CT-200226,Nancy Nkosi,diana.nkosi.delta2727@vg-eval.test,+254 717 010 468,KE,Nyeri,2026-08-03T04:44:44Z,active,false,,,KILELE,
CT-003678,Isaac Kamau,paul.elidrissi.delta1635@vg-eval.test,025728509499,KE,Kericho,2026-04-06T00:42:23Z,active,true,,,KILELE,corrected in Sept export
CT-072806,Sarah Dlamini,rachid.vermeulen.delta1874@vg-eval.test,+254 703 040 414,KE,Kisumu,2026-02-08T15:31:28Z,active,true,,,KILELE,corrected in Sept export
CT-200129,Daniel Kiptoo,david.kimani.delta2630@vg-eval.test,025738315833,KE,Mombasa,2026-08-14T18:13:36Z,active,false,,,KILELE,
CT-059767,Brian Benali,thandi.tazi.delta423@vg-eval.test,0731560981,KE,Mombasa,2026-02-22T21:41:41Z,active,true,,,KILELE,corrected in Sept export
CT-009301,Faith Mwangi,zanele.fassi.delta1484@vg-eval.test,254-707-645576,KE,Malindi,2026-04-11T06:46:07Z,active,true,,,KILELE,corrected in Sept export
CT-079419,Michael Wanjiru,johan.fassi.delta838@vg-eval.test,0721209372,KE,Eldoret,2026-02-21T17:40:34Z,active,true,,,KILELE,corrected in Sept export
CT-200456,Ruth Barasa,samuel.kimani.delta2957@vg-eval.test,0714702821,KE,Kericho,2026-08-30T11:24:15Z,active,false,,,KILELE,
CT-075067,Fatima Njenga,omar.fassi.delta6@vg-eval.test,025711572982,KE,Mombasa,2026-03-19T21:48:03Z,active,true,,,KILELE,corrected in Sept export
CT-200383,Fatima Njoroge,james.njoroge.delta2884@vg-eval.test,254-733-001873,KE,Eldoret,2026-08-25T07:19:17Z,active,false,,,KILELE,
CT-065003,Simon Fassi,layla.achieng.delta1210@vg-eval.test,+254 739 224 348,KE,Kisumu,2026-01-18T00:19:00Z,active,false,,,KILELE,corrected in Sept export
CT-075636,Peter Nkosi,samuel.achieng.delta314@vg-eval.test,0719914918,KE,Nairobi,2026-02-12T00:28:17Z,active,true,,,KILELE,corrected in Sept export
CT-005812,Sipho Fassi,david.kamau.delta2167@vg-eval.test,+254 737 696 730,KE,Thika,2026-02-26T13:21:03Z,active,true,,,KILELE,corrected in Sept export
CT-200739,Grace Odhiambo,michael.bennani.delta3240@vg-eval.test,254-734-058784,KE,Kisumu,2026-08-25T20:07:35Z,active,false,,,KILELE,
CT-002186,James Berrada,mary.benali.delta2094@vg-eval.test,0705982395,KE,Machakos,2026-01-23T01:59:35Z,active,false,,,KILELE,corrected in Sept export
CT-067029,Johan Mokoena,lucy.pretorius.delta2001@vg-eval.test,0704757651,KE,Thika,2026-03-12T01:51:33Z,active,true,,,KILELE,corrected in Sept export
CT-200435,Rose Okoth,kevin.mwangi.delta2936@vg-eval.test,254-700-188372,KE,Kericho,2026-08-21T15:18:16Z,active,true,,,KILELE,
CT-200520,Mercy Haddad,caroline.mokoena.delta3021@vg-eval.test,0703897149,KE,Nakuru,2026-08-26T21:55:04Z,active,true,,,KILELE,
CT-003600,John Njenga,ann.njoroge.delta194@vg-eval.test,025737618126,KE,Eldoret,2026-01-11T04:18:27Z,active,true,,,KILELE,corrected in Sept export
CT-200828,Faith Benali,mary.njoroge.delta3329@vg-eval.test,0707704466,KE,Malindi,2026-08-28T10:05:05Z,active,true,,,KILELE,
CT-201265,Fatima Bennani,sarah.mokoena.delta3766@vg-eval.test,025717636918,KE,Machakos,2026-08-20T19:42:05Z,active,true,,,KILELE,
CT-060427,Ruth Berrada,peter.fassi.delta1880@vg-eval.test,254-737-532658,KE,Machakos,2026-02-20T01:38:25Z,active,false,,,KILELE,corrected in Sept export
CT-047114,Faith Otieno,rachid.mwangi.delta21@vg-eval.test,025705977506,KE,Machakos,2026-03-20T04:59:17Z,active,true,,,KILELE,corrected in Sept export
CT-200469,James Elidrissi,paul.zahra.delta2970@vg-eval.test,025716426017,KE,Nakuru,2026-08-17T06:58:41Z,active,true,,,KILELE,
CT-020799,Joan Njenga,grace.kimani.delta599@vg-eval.test,+254 730 255 001,KE,Thika,2026-01-31T00:30:58Z,active,true,,,KILELE,corrected in Sept export
CT-061279,David Pretorius,isaac.mwangi.delta1503@vg-eval.test,254-728-332222,KE,Nyeri,2026-03-16T22:24:05Z,active,true,,,KILELE,corrected in Sept export
CT-034473,Isaac Otieno,zanele.berrada.delta1322@vg-eval.test,0725339687,KE,Thika,2026-03-30T19:09:39Z,active,true,,,KILELE,corrected in Sept export
CT-200760,Ann Kiptoo,pieter.tazi.delta3261@vg-eval.test,0716065112,KE,Eldoret,2026-08-27T16:31:32Z,active,false,,,KILELE,
CT-061597,Ann Achieng,david.benali.delta600@vg-eval.test,0729473145,KE,Malindi,2026-02-26T14:02:19Z,active,false,,,KILELE,corrected in Sept export
CT-200500,Mercy Achieng,johan.njoroge.delta3001@vg-eval.test,0736946904,KE,Nakuru,2026-08-18T11:18:00Z,active,false,,,KILELE,
CT-008187,Thandi Kiptoo,ruth.mokoena.delta2011@vg-eval.test,025728478308,KE,Nyeri,2026-01-18T09:52:36Z,active,false,,,KILELE,corrected in Sept export
CT-201649,Samuel Njoroge,thandi.tazi.delta4150@vg-eval.test,025727027739,KE,Machakos,2026-08-15T04:19:18Z,active,false,,,KILELE,
CT-075729,Nancy Kiptoo,mercy.wafula.delta817@vg-eval.test,025727594336,KE,Mombasa,2026-04-05T19:30:53Z,active,false,,,KILELE,corrected in Sept export
CT-003347,Faith Mwangi,karim.haddad.delta1680@vg-eval.test,0710230528,KE,Kericho,2026-01-04T20:51:34Z,active,true,,,KILELE,corrected in Sept export
CT-201408,Dennis Haddad,pieter.okoth.delta3909@vg-eval.test,0719881267,KE,Eldoret,2026-08-31T17:50:16Z,active,true,,,KILELE,
CT-201349,Michael Pretorius,grace.mwangi.delta3850@vg-eval.test,025717582317,KE,Nairobi,2026-08-03T17:06:12Z,active,false,,,KILELE,
CT-200389,Kevin Kamau,yassine.barasa.delta2890@vg-eval.test,025708591764,KE,Mombasa,2026-08-16T18:12:13Z,active,true,,,KILELE,
CT-057007,Michael Vermeulen,david.wanjiru.delta776@vg-eval.test,0722033198,KE,Thika,2026-03-11T05:48:40Z,active,true,,,KILELE,corrected in Sept export
CT-066188,Lerato Dlamini,david.kiptoo.delta1072@vg-eval.test,0715006913,KE,Nyeri,2026-01-20T10:47:34Z,active,true,,,KILELE,corrected in Sept export
CT-068272,Layla Achieng,nomsa.okoth.delta2246@vg-eval.test,+254 731 904 300,KE,Eldoret,2026-03-17T03:31:30Z,active,true,,,KILELE,corrected in Sept export
CT-201473,Rose Wafula,faith.elidrissi.delta3974@vg-eval.test,025719006094,KE,Nairobi,2026-08-13T06:53:19Z,active,true,,,KILELE,
CT-201103,Faith Naidoo,dennis.tazi.delta3604@vg-eval.test,254-716-747594,KE,Mombasa,2026-08-11T00:02:35Z,active,true,,,KILELE,
CT-201654,David Mokoena,rose.mokoena.delta4155@vg-eval.test,+254 718 077 382,KE,Malindi,2026-08-18T03:08:17Z,active,false,,,KILELE,
CT-040231,Mary Achieng,david.dlamini.delta967@vg-eval.test,0705634650,KE,Nyeri,2026-01-11T08:23:25Z,active,false,,,KILELE,corrected in Sept export
CT-200246,Brian Haddad,ann.kiptoo.delta2747@vg-eval.test,+254 701 802 841,KE,Nyeri,2026-08-24T11:55:00Z,active,true,,,KILELE,
CT-200766,George Fassi,james.benali.delta3267@vg-eval.test,+254 708 487 541,KE,Thika,2026-08-02T17:03:11Z,active,true,,,KILELE,
CT-063316,David Kiptoo,victor.zahra.delta916@vg-eval.test,0717458806,KE,Kisumu,2026-04-03T08:47:49Z,active,true,,,KILELE,corrected in Sept export
CT-003589,Omar Nkosi,yassine.wanjiru.delta1690@vg-eval.test,025734244447,KE,Nakuru,2026-03-07T07:21:29Z,active,false,,,KILELE,corrected in Sept export
CT-007484,Alice Kiptoo,samuel.bennani.delta2483@vg-eval.test,0722689845,KE,Nyeri,2026-02-05T15:40:51Z,active,false,,,KILELE,corrected in Sept export
CT-019145,Joan Kimani,zanele.pretorius.delta1411@vg-eval.test,025732839154,KE,Machakos,2026-01-03T16:33:34Z,active,false,,,KILELE,corrected in Sept export
CT-032823,Lerato Nkosi,dennis.mwangi.delta848@vg-eval.test,0714886221,KE,Thika,2026-03-06T04:10:49Z,active,false,,,KILELE,corrected in Sept export
CT-200936,Karim Tazi,karim.okoth.delta3437@vg-eval.test,0734891995,KE,Thika,2026-08-28T06:28:40Z,active,true,,,KILELE,
CT-066965,Caroline Bennani,caroline.cheruiyot.delta1612@vg-eval.test,+254 707 747 901,KE,Nakuru,2026-01-01T23:06:27Z,active,false,,,KILELE,corrected in Sept export
CT-016507,Victor Zahra,rachid.berrada.delta1506@vg-eval.test,025733815992,KE,Nakuru,2026-01-10T00:25:38Z,active,false,,,KILELE,corrected in Sept export
CT-200236,Lucy Wafula,nancy.mokoena.delta2737@vg-eval.test,0734495613,KE,Nakuru,2026-08-17T04:42:29Z,active,true,,,KILELE,
CT-201601,Rose Kamau,zanele.achieng.delta4102@vg-eval.test,025727054538,KE,Thika,2026-08-07T16:38:18Z,active,true,,,KILELE,
CT-056394,Dennis Wanjiru,michael.zahra.delta1163@vg-eval.test,+254 733 380 896,KE,Kisumu,2026-03-17T11:58:34Z,active,true,,,KILELE,corrected in Sept export
CT-060228,Pieter Kiptoo,ann.vermeulen.delta2296@vg-eval.test,0714826776,KE,Kericho,2026-03-16T10:29:47Z,active,true,,,KILELE,corrected in Sept export
CT-027255,Samuel Kamau,james.mutua.delta282@vg-eval.test,254-727-253981,KE,Kisumu,2026-01-08T17:28:17Z,active,true,,,KILELE,corrected in Sept export
CT-201293,Isaac Haddad,diana.dlamini.delta3794@vg-eval.test,025737378733,KE,Kisumu,2026-08-07T22:39:10Z,active,true,,,KILELE,
CT-200464,Layla Naidoo,rachid.pretorius.delta2965@vg-eval.test,0716650695,KE,Eldoret,2026-08-19T04:10:32Z,active,true,,,KILELE,
CT-063678,Ruth Cheruiyot,omar.kimani.delta2179@vg-eval.test,+254 734 222 387,KE,Nakuru,2026-02-21T10:23:20Z,active,true,,,KILELE,corrected in Sept export
CT-200267,Faith Achieng,victor.njoroge.delta2768@vg-eval.test,254-716-080067,KE,Nairobi,2026-08-16T18:36:03Z,active,false,,,KILELE,
CT-066083,Diana Cheruiyot,faith.benali.delta1536@vg-eval.test,0708638813,KE,Kisumu,2026-03-21T04:14:11Z,active,false,,,KILELE,corrected in Sept export
CT-201529,Michael Odhiambo,john.achieng.delta4030@vg-eval.test,025733490363,KE,Nyeri,2026-08-14T13:29:49Z,active,false,,,KILELE,
CT-015481,Ruth Tazi,zanele.otieno.delta2192@vg-eval.test,0709652027,KE,Nakuru,2026-03-11T10:02:30Z,active,true,,,KILELE,corrected in Sept export
CT-061522,Thandi Berrada,george.dlamini.delta177@vg-eval.test,+254 702 595 503,KE,Kericho,2026-04-05T11:01:48Z,active,false,,,KILELE,corrected in Sept export
CT-080750,Rachid Otieno,david.nkosi.delta1392@vg-eval.test,0701742948,KE,Nyeri,2026-01-16T03:48:33Z,active,true,,,KILELE,corrected in Sept export
CT-013187,Samuel Elidrissi,rose.pretorius.delta1667@vg-eval.test,0706622299,KE,Mombasa,2026-02-04T19:49:19Z,active,true,,,KILELE,corrected in Sept export
CT-200314,Pieter Odhiambo,lucy.achieng.delta2815@vg-eval.test,+254 738 349 022,KE,Thika,2026-08-30T14:36:36Z,active,false,,,KILELE,
CT-074743,John Wanjiru,simon.otieno.delta1626@vg-eval.test,+254 707 389 876,KE,Eldoret,2026-01-02T15:38:48Z,active,true,,,KILELE,corrected in Sept export
CT-200682,Rose Mokoena,lerato.otieno.delta3183@vg-eval.test,+254 715 194 812,KE,Thika,2026-08-24T12:58:31Z,active,true,,,KILELE,
CT-023558,Rachid Okoth,james.achieng.delta1001@vg-eval.test,025733932394,KE,Mombasa,2026-02-09T02:22:33Z,active,true,,,KILELE,corrected in Sept export
CT-075897,John Njoroge,grace.odhiambo.delta555@vg-eval.test,025723019265,KE,Thika,2026-04-15T00:13:45Z,active,false,,,KILELE,corrected in Sept export
CT-200991,Nomsa Nkosi,isaac.mokoena.delta3492@vg-eval.test,254-733-118558,KE,Kisumu,2026-08-04T04:25:25Z,active,false,,,KILELE,
CT-020939,Yassine Mutua,faith.alaoui.delta1050@vg-eval.test,025721663090,KE,Thika,2026-01-05T02:43:02Z,active,true,,,KILELE,corrected in Sept export
CT-069934,Rachid Kamau,omar.mwangi.delta368@vg-eval.test,+254 728 823 560,KE,Thika,2026-03-12T08:32:08Z,active,false,,,KILELE,corrected in Sept export
CT-079635,Dennis Dlamini,victor.okoth.delta1154@vg-eval.test,025703072266,KE,Mombasa,2026-03-06T04:18:29Z,active,true,,,KILELE,corrected in Sept export
CT-005190,Grace Bennani,layla.kimani.delta409@vg-eval.test,0712114773,KE,Kisumu,2026-01-21T22:24:50Z,active,true,,,KILELE,corrected in Sept export
CT-068845,Omar Elidrissi,john.wafula.delta1035@vg-eval.test,0715117887,KE,Nairobi,2026-04-07T16:28:51Z,active,true,,,KILELE,corrected in Sept export
CT-201612,Thandi Tazi,yassine.kamau.delta4113@vg-eval.test,0715387309,KE,Malindi,2026-08-10T06:14:51Z,active,true,,,KILELE,
CT-056098,Johan Benali,joan.cheruiyot.delta581@vg-eval.test,+254 725 078 577,KE,Machakos,2026-01-04T04:24:59Z,active,false,,,KILELE,corrected in Sept export
CT-038839,Kevin Berrada,dennis.pretorius.delta1275@vg-eval.test,254-703-889428,KE,Thika,2026-01-22T11:10:39Z,active,true,,,KILELE,corrected in Sept export
CT-201175,Salma Barasa,mary.wanjiru.delta3676@vg-eval.test,254-701-933458,KE,Machakos,2026-08-15T16:52:19Z,active,true,,,KILELE,
CT-200082,Dennis Alaoui,lerato.alaoui.delta2583@vg-eval.test,+254 735 337 420,KE,Mombasa,2026-08-03T02:33:44Z,active,true,,,KILELE,
CT-053045,Karim Alaoui,omar.nkosi.delta2118@vg-eval.test,025724179556,KE,Machakos,2026-03-06T08:06:16Z,active,false,,,KILELE,corrected in Sept export
CT-019643,Peter Vermeulen,omar.vermeulen.delta330@vg-eval.test,025722080428,KE,Kericho,2026-01-11T18:41:37Z,active,true,,,KILELE,corrected in Sept export
CT-200424,Kevin Fassi,pieter.alaoui.delta2925@vg-eval.test,0711676907,KE,Kisumu,2026-08-01T08:31:44Z,active,true,,,KILELE,
CT-027959,Samuel Nkosi,lucy.wanjiru.delta1065@vg-eval.test,254-719-479782,KE,Kisumu,2026-03-31T11:48:38Z,active,true,,,KILELE,corrected in Sept export
CT-037967,Mary Benali,layla.wafula.delta2093@vg-eval.test,0726290640,KE,Machakos,2026-02-19T02:07:43Z,active,true,,,KILELE,corrected in Sept export
CT-201410,Paul Elidrissi,sarah.njoroge.delta3911@vg-eval.test,+254 736 056 225,KE,Kericho,2026-08-11T09:08:12Z,active,true,,,KILELE,
CT-201197,Sarah Kimani,sipho.dlamini.delta3698@vg-eval.test,025736703363,KE,Nakuru,2026-08-09T10:01:42Z,active,true,,,KILELE,
CT-045631,Esther Tazi,sarah.wafula.delta2470@vg-eval.test,0721830508,KE,Machakos,2026-02-02T21:15:42Z,active,false,,,KILELE,corrected in Sept export
CT-001159,Victor Kimani,kevin.okoth.delta1379@vg-eval.test,0712056668,KE,Kisumu,2026-03-07T11:12:40Z,active,true,,,KILELE,corrected in Sept export
CT-200122,George Kiptoo,amina.otieno.delta2623@vg-eval.test,+254 730 979 114,KE,Nairobi,2026-08-12T12:02:55Z,active,false,,,KILELE,
CT-006855,Dennis Pretorius,amina.tazi.delta2262@vg-eval.test,0725052820,KE,Thika,2026-02-24T05:36:53Z,active,true,,,KILELE,corrected in Sept export
CT-200450,Ann Haddad,rose.benali.delta2951@vg-eval.test,+254 709 832 907,KE,Eldoret,2026-08-04T17:22:58Z,active,false,,,KILELE,
CT-071421,Kevin Otieno,faith.achieng.delta1107@vg-eval.test,0713340776,KE,Nakuru,2026-04-14T07:01:16Z,active,true,,,KILELE,corrected in Sept export
CT-200957,James Odhiambo,diana.dlamini.delta3458@vg-eval.test,025731197048,KE,Mombasa,2026-08-05T07:41:25Z,active,true,,,KILELE,
CT-057813,Amina Barasa,sarah.wanjiru.delta484@vg-eval.test,0709365053,KE,Nairobi,2026-02-19T02:36:21Z,active,false,,,KILELE,corrected in Sept export
CT-080118,Layla Naidoo,omar.njoroge.delta391@vg-eval.test,025704654614,KE,Nyeri,2026-03-10T05:01:46Z,active,false,,,KILELE,corrected in Sept export
CT-201217,Brian Odhiambo,lerato.benali.delta3718@vg-eval.test,025718799920,KE,Nyeri,2026-08-25T11:14:49Z,active,false,,,KILELE,
CT-017426,Nancy Tazi,daniel.elidrissi.delta1541@vg-eval.test,254-711-379244,KE,Malindi,2026-03-23T01:10:32Z,active,false,,,KILELE,corrected in Sept export
CT-201578,Fatima Odhiambo,paul.elidrissi.delta4079@vg-eval.test,+254 707 447 645,KE,Nairobi,2026-08-13T20:14:20Z,active,true,,,KILELE,
CT-041685,Brian Zahra,james.wafula.delta1696@vg-eval.test,0729815159,KE,Nyeri,2026-02-07T15:21:17Z,active,true,,,KILELE,corrected in Sept export
CT-028690,Michael Achieng,rachid.tazi.delta859@vg-eval.test,0718081197,KE,Malindi,2026-04-12T14:14:50Z,active,false,,,KILELE,corrected in Sept export
CT-048857,Johan Benali,pieter.barasa.delta1305@vg-eval.test,0721393544,KE,Machakos,2026-03-15T11:35:00Z,active,false,,,KILELE,corrected in Sept export
CT-027043,Grace Zahra,daniel.haddad.delta278@vg-eval.test,025732474628,KE,Nakuru,2026-03-18T14:52:25Z,active,false,,,KILELE,corrected in Sept export
CT-200045,Joan Kiptoo,kevin.zahra.delta2546@vg-eval.test,025731585262,KE,Kericho,2026-08-15T12:37:15Z,active,true,,,KILELE,
CT-018299,Fatima Fassi,layla.mutua.delta1179@vg-eval.test,0729744978,KE,Nairobi,2026-01-24T18:52:26Z,active,false,,,KILELE,corrected in Sept export
CT-201656,Zanele Kimani,rachid.mutua.delta4157@vg-eval.test,0707245351,KE,Nakuru,2026-08-05T05:29:08Z,active,false,,,KILELE,
CT-201301,Karim Okoth,samuel.odhiambo.delta3802@vg-eval.test,025720528135,KE,Nakuru,2026-08-19T06:12:08Z,active,false,,,KILELE,
CT-201214,Dennis Bennani,mary.okoth.delta3715@vg-eval.test,+254 731 311 962,KE,Nakuru,2026-08-09T01:50:52Z,active,true,,,KILELE,
CT-025184,Faith Fassi,caroline.cheruiyot.delta1315@vg-eval.test,0706732277,KE,Nyeri,2026-01-21T11:07:27Z,active,false,,,KILELE,corrected in Sept export
CT-064310,Peter Njoroge,fatima.fassi.delta1954@vg-eval.test,+254 720 090 762,KE,Machakos,2026-04-04T14:19:54Z,active,true,,,KILELE,corrected in Sept export
CT-005909,Rose Odhiambo,ann.tazi.delta1865@vg-eval.test,0711823305,KE,Nakuru,2026-03-02T03:25:08Z,active,false,,,KILELE,corrected in Sept export
CT-201605,Michael Alaoui,isaac.pretorius.delta4106@vg-eval.test,025713389221,KE,Kericho,2026-08-14T13:20:05Z,active,false,,,KILELE,
CT-035131,Grace Haddad,simon.tazi.delta1453@vg-eval.test,0722415669,KE,Eldoret,2026-04-11T12:41:39Z,active,false,,,KILELE,corrected in Sept export
CT-008740,Samuel Mokoena,nomsa.okoth.delta801@vg-eval.test,025711567453,KE,Thika,2026-03-27T10:21:07Z,active,true,,,KILELE,corrected in Sept export
CT-026056,Diana Elidrissi,joan.wanjiru.delta244@vg-eval.test,254-717-156265,KE,Nakuru,2026-04-04T05:27:20Z,active,false,,,KILELE,corrected in Sept export
CT-201559,Yassine Njenga,lucy.alaoui.delta4060@vg-eval.test,254-700-357472,KE,Mombasa,2026-08-02T05:09:05Z,active,false,,,KILELE,
CT-068165,Rachid Bennani,faith.mwangi.delta2193@vg-eval.test,025725924185,KE,Mombasa,2026-02-26T13:39:32Z,active,false,,,KILELE,corrected in Sept export
CT-200462,Simon Achieng,yassine.tazi.delta2963@vg-eval.test,+254 728 886 117,KE,Mombasa,2026-08-29T15:48:15Z,active,true,,,KILELE,
CT-013821,Thandi Benali,ruth.mokoena.delta1935@vg-eval.test,+254 735 577 116,KE,Nyeri,2026-03-09T00:10:01Z,active,true,,,KILELE,corrected in Sept export
CT-061898,Amina Kamau,sipho.pretorius.delta1448@vg-eval.test,0713148076,KE,Machakos,2026-02-05T20:56:19Z,active,true,,,KILELE,corrected in Sept export
CT-052375,Omar Wanjiru,esther.kamau.delta2267@vg-eval.test,025724729005,KE,Machakos,2026-03-10T00:47:46Z,active,true,,,KILELE,corrected in Sept export
CT-000195,Peter Zahra,paul.wafula.delta798@vg-eval.test,+254 702 407 792,KE,Nyeri,2026-01-31T22:17:20Z,active,false,,,KILELE,corrected in Sept export
CT-200549,John Elidrissi,thandi.fassi.delta3050@vg-eval.test,025726569697,KE,Kericho,2026-08-04T13:09:37Z,active,true,,,KILELE,
CT-020123,Salma Bennani,amina.barasa.delta746@vg-eval.test,025715517216,KE,Machakos,2026-04-07T22:29:53Z,active,true,,,KILELE,corrected in Sept export
CT-201151,Johan Barasa,faith.dlamini.delta3652@vg-eval.test,254-720-844714,KE,Thika,2026-08-19T02:20:43Z,active,true,,,KILELE,
CT-200796,Yassine Tazi,michael.njenga.delta3297@vg-eval.test,0719652176,KE,Eldoret,2026-08-19T23:15:34Z,active,false,,,KILELE,
CT-070484,David Dlamini,johan.barasa.delta1825@vg-eval.test,0724487694,KE,Nyeri,2026-04-15T03:51:31Z,active,true,,,KILELE,corrected in Sept export
CT-060234,Paul Odhiambo,david.achieng.delta1824@vg-eval.test,254-711-911105,KE,Nakuru,2026-01-25T10:52:57Z,active,false,,,KILELE,corrected in Sept export
CT-018141,Grace Fassi,simon.kiptoo.delta1790@vg-eval.test,+254 703 483 664,KE,Malindi,2026-03-10T18:57:45Z,active,false,,,KILELE,corrected in Sept export
CT-048714,Dennis Benali,nancy.fassi.delta1806@vg-eval.test,+254 704 946 758,KE,Machakos,2026-02-08T18:00:16Z,active,true,,,KILELE,corrected in Sept export
CT-038394,Layla Mokoena,joan.kamau.delta889@vg-eval.test,025708727396,KE,Thika,2026-03-06T23:48:00Z,active,false,,,KILELE,corrected in Sept export
CT-200721,John Mokoena,daniel.otieno.delta3222@vg-eval.test,025720243562,KE,Malindi,2026-08-27T01:56:18Z,active,true,,,KILELE,
CT-016970,Zanele Mwangi,brian.njoroge.delta584@vg-eval.test,+254 720 100 004,KE,Nairobi,2026-04-06T17:50:22Z,active,true,,,KILELE,corrected in Sept export
CT-072366,Lerato Berrada,isaac.kimani.delta1556@vg-eval.test,254-703-324651,KE,Thika,2026-02-01T16:19:02Z,active,false,,,KILELE,corrected in Sept export
CT-201595,Pieter Elidrissi,esther.kamau.delta4096@vg-eval.test,254-716-337998,KE,Machakos,2026-08-14T18:46:13Z,active,true,,,KILELE,
CT-201591,Daniel Cheruiyot,simon.njoroge.delta4092@vg-eval.test,254-701-086963,KE,Nyeri,2026-08-22T23:12:38Z,active,true,,,KILELE,
CT-020415,Dennis Zahra,omar.benali.delta1121@vg-eval.test,254-707-378747,KE,Kisumu,2026-01-03T05:30:00Z,active,false,,,KILELE,corrected in Sept export
CT-200339,Esther Tazi,lucy.wafula.delta2840@vg-eval.test,254-718-164919,KE,Nakuru,2026-08-07T20:00:58Z,active,true,,,KILELE,
CT-042688,Paul Vermeulen,nomsa.naidoo.delta861@vg-eval.test,0712149827,KE,Kisumu,2026-04-16T09:12:19Z,active,true,,,KILELE,corrected in Sept export
CT-048908,Layla Berrada,brian.kimani.delta1999@vg-eval.test,+254 729 225 255,KE,Kericho,2026-04-07T07:38:04Z,active,false,,,KILELE,corrected in Sept export
CT-022932,Karim Barasa,victor.zahra.delta510@vg-eval.test,025738944918,KE,Thika,2026-02-12T03:36:04Z,active,true,,,KILELE,corrected in Sept export
CT-201569,Paul Naidoo,johan.okoth.delta4070@vg-eval.test,025703269938,KE,Kericho,2026-08-26T05:19:57Z,active,true,,,KILELE,
CT-016051,Dennis Haddad,samuel.wanjiru.delta2151@vg-eval.test,0725019092,KE,Thika,2026-04-05T02:29:38Z,active,false,,,KILELE,corrected in Sept export
CT-064605,Zanele Kimani,faith.nkosi.delta128@vg-eval.test,+254 728 103 991,KE,Eldoret,2026-01-13T21:46:07Z,active,false,,,KILELE,corrected in Sept export
CT-009353,Rose Njoroge,dennis.wanjiru.delta1662@vg-eval.test,0709995168,KE,Nairobi,2026-02-04T20:24:49Z,active,false,,,KILELE,corrected in Sept export
CT-200774,Yassine Bennani,ruth.alaoui.delta3275@vg-eval.test,+254 717 324 513,KE,Nairobi,2026-08-01T02:55:23Z,active,false,,,KILELE,
CT-200468,Thandi Zahra,mary.naidoo.delta2969@vg-eval.test,0713056640,KE,Nairobi,2026-08-07T20:15:07Z,active,true,,,KILELE,
CT-026891,James Benali,ruth.wanjiru.delta1202@vg-eval.test,+254 721 636 528,KE,Mombasa,2026-01-09T05:42:55Z,active,true,,,KILELE,corrected in Sept export
CT-200884,Paul Haddad,dennis.alaoui.delta3385@vg-eval.test,0700402605,KE,Machakos,2026-08-13T14:42:46Z,active,false,,,KILELE,
CT-043456,Sipho Okoth,rachid.wanjiru.delta1511@vg-eval.test,025722758035,KE,Kericho,2026-03-07T12:20:05Z,active,true,,,KILELE,corrected in Sept export
CT-049081,Faith Haddad,rose.dlamini.delta2064@vg-eval.test,+254 736 870 266,KE,Malindi,2026-03-14T01:52:22Z,active,false,,,KILELE,corrected in Sept export
CT-200844,Mercy Mokoena,samuel.cheruiyot.delta3345@vg-eval.test,0734057517,KE,Thika,2026-08-16T16:56:28Z,active,true,,,KILELE,
CT-040106,Mary Kimani,diana.mokoena.delta537@vg-eval.test,0700474828,KE,Eldoret,2026-03-31T08:17:52Z,active,false,,,KILELE,corrected in Sept export
CT-200701,Mary Nkosi,omar.naidoo.delta3202@vg-eval.test,025710330266,KE,Thika,2026-08-27T09:55:17Z,active,true,,,KILELE,
CT-200051,Fatima Kamau,victor.achieng.delta2552@vg-eval.test,254-714-667682,KE,Thika,2026-08-11T15:18:14Z,active,false,,,KILELE,
CT-048027,Omar Njenga,nancy.odhiambo.delta1597@vg-eval.test,254-739-288012,KE,Malindi,2026-01-08T03:50:44Z,active,false,,,KILELE,corrected in Sept export
CT-201635,Zanele Mokoena,simon.benali.delta4136@vg-eval.test,254-713-657029,KE,Nairobi,2026-08-14T08:35:29Z,active,false,,,KILELE,
CT-201502,Lucy Otieno,faith.haddad.delta4003@vg-eval.test,+254 722 878 478,KE,Mombasa,2026-08-15T15:52:09Z,active,true,,,KILELE,
CT-012578,Ruth Dlamini,yassine.okoth.delta1721@vg-eval.test,0703061620,KE,Thika,2026-03-12T11:20:51Z,active,true,,,KILELE,corrected in Sept export
CT-200725,Simon Cheruiyot,grace.achieng.delta3226@vg-eval.test,025705155793,KE,Nairobi,2026-08-02T23:41:23Z,active,false,,,KILELE,
CT-005167,Simon Wanjiru,yassine.wafula.delta250@vg-eval.test,254-719-297316,KE,Thika,2026-04-12T13:35:01Z,active,false,,,KILELE,corrected in Sept export
CT-200528,Ann Naidoo,mary.alaoui.delta3029@vg-eval.test,0704609653,KE,Nairobi,2026-08-20T23:05:44Z,active,false,,,KILELE,
CT-200646,David Wanjiru,pieter.naidoo.delta3147@vg-eval.test,+254 711 554 525,KE,Machakos,2026-08-31T05:55:28Z,active,true,,,KILELE,
CT-201414,Yassine Wafula,zanele.vermeulen.delta3915@vg-eval.test,+254 700 719 989,KE,Nairobi,2026-08-27T20:58:34Z,active,true,,,KILELE,
CT-200439,Zanele Wanjiru,michael.wanjiru.delta2940@vg-eval.test,254-708-053333,KE,Nairobi,2026-08-07T02:01:23Z,active,true,,,KILELE,
CT-019001,Layla Naidoo,zanele.pretorius.delta2013@vg-eval.test,0720134868,KE,Kericho,2026-01-11T06:29:08Z,active,true,,,KILELE,corrected in Sept export
CT-080228,Faith Berrada,pieter.alaoui.delta670@vg-eval.test,+254 737 871 685,KE,Malindi,2026-02-23T04:33:01Z,active,false,,,KILELE,corrected in Sept export
CT-200781,Samuel Njoroge,fatima.benali.delta3282@vg-eval.test,025723617287,KE,Eldoret,2026-08-10T08:46:13Z,active,false,,,KILELE,
CT-005557,Pieter Mwangi,yassine.benali.delta2331@vg-eval.test,0719636192,KE,Thika,2026-03-21T14:41:22Z,active,true,,,KILELE,corrected in Sept export
CT-201409,Nomsa Elidrissi,alice.mokoena.delta3910@vg-eval.test,025719761160,KE,Machakos,2026-08-25T00:43:47Z,active,false,,,KILELE,
CT-200126,Nomsa Naidoo,lerato.zahra.delta2627@vg-eval.test,+254 719 097 803,KE,Nyeri,2026-08-23T13:59:42Z,active,true,,,KILELE,
CT-048810,Layla Alaoui,peter.achieng.delta235@vg-eval.test,+254 711 600 757,KE,Eldoret,2026-01-20T20:43:02Z,active,false,,,KILELE,corrected in Sept export
CT-032353,Layla Odhiambo,nomsa.achieng.delta427@vg-eval.test,025736946910,KE,Mombasa,2026-01-05T07:13:59Z,active,true,,,KILELE,corrected in Sept export
CT-200426,Lerato Haddad,nomsa.barasa.delta2927@vg-eval.test,+254 721 307 870,KE,Nairobi,2026-08-27T03:57:00Z,active,true,,,KILELE,
CT-201038,Diana Bennani,salma.kamau.delta3539@vg-eval.test,+254 718 107 867,KE,Machakos,2026-08-27T14:00:20Z,active,true,,,KILELE,
CT-031607,Ann Barasa,johan.dlamini.delta2251@vg-eval.test,025707228881,KE,Thika,2026-03-26T09:29:17Z,active,true,,,KILELE,corrected in Sept export
CT-075696,Mercy Mokoena,isaac.benali.delta370@vg-eval.test,025709417708,KE,Nakuru,2026-03-02T08:02:13Z,active,true,,,KILELE,corrected in Sept export
CT-012247,Lerato Bennani,paul.mutua.delta247@vg-eval.test,254-733-489011,KE,Kisumu,2026-01-20T12:44:06Z,active,false,,,KILELE,corrected in Sept export
CT-003472,Karim Wanjiru,faith.haddad.delta1247@vg-eval.test,0700096069,KE,Thika,2026-02-09T22:58:21Z,active,true,,,KILELE,corrected in Sept export
CT-056162,Lerato Odhiambo,kevin.berrada.delta849@vg-eval.test,0723453063,KE,Nakuru,2026-03-03T07:58:43Z,active,true,,,KILELE,corrected in Sept export
CT-050260,Zanele Kiptoo,george.nkosi.delta1410@vg-eval.test,+254 739 416 535,KE,Mombasa,2026-04-14T06:36:43Z,active,true,,,KILELE,corrected in Sept export
CT-074627,Ruth Odhiambo,mary.cheruiyot.delta1318@vg-eval.test,+254 700 033 294,KE,Machakos,2026-01-04T21:47:33Z,active,false,,,KILELE,corrected in Sept export
CT-200938,Paul Berrada,mary.njoroge.delta3439@vg-eval.test,+254 712 090 973,KE,Nairobi,2026-08-05T06:24:17Z,active,true,,,KILELE,
CT-201329,Karim Njoroge,salma.fassi.delta3830@vg-eval.test,025728346358,KE,Mombasa,2026-08-15T20:37:42Z,active,true,,,KILELE,
CT-200778,Diana Elidrissi,simon.njoroge.delta3279@vg-eval.test,+254 728 934 908,KE,Eldoret,2026-08-03T15:20:51Z,active,false,,,KILELE,
CT-036472,Samuel Haddad,faith.wanjiru.delta890@vg-eval.test,+254 739 291 665,KE,Malindi,2026-03-13T17:54:34Z,active,true,,,KILELE,corrected in Sept export
CT-075283,George Haddad,peter.okoth.delta1013@vg-eval.test,254-725-880078,KE,Malindi,2026-03-25T21:30:38Z,active,false,,,KILELE,corrected in Sept export
CT-201607,Brian Elidrissi,ann.mutua.delta4108@vg-eval.test,254-721-636445,KE,Nairobi,2026-08-12T02:27:57Z,active,false,,,KILELE,
CT-201339,Rose Naidoo,victor.alaoui.delta3840@vg-eval.test,254-709-065059,KE,Nyeri,2026-08-09T19:17:23Z,active,false,,,KILELE,
CT-200085,Lerato Tazi,diana.fassi.delta2586@vg-eval.test,025734190702,KE,Kericho,2026-08-23T03:29:16Z,active,true,,,KILELE,
CT-200582,Layla Wafula,david.kamau.delta3083@vg-eval.test,+254 734 381 730,KE,Eldoret,2026-08-02T14:24:35Z,active,true,,,KILELE,
CT-077931,George Naidoo,johan.elidrissi.delta1867@vg-eval.test,025705762465,KE,Kericho,2026-04-17T19:03:16Z,active,false,,,KILELE,corrected in Sept export
CT-026530,Nomsa Alaoui,lucy.otieno.delta2375@vg-eval.test,0727422661,KE,Eldoret,2026-04-17T07:54:27Z,active,true,,,KILELE,corrected in Sept export
CT-016039,Grace Berrada,ann.pretorius.delta612@vg-eval.test,254-717-684910,KE,Nyeri,2026-01-28T18:08:00Z,active,false,,,KILELE,corrected in Sept export
CT-009973,Victor Naidoo,dennis.mutua.delta1150@vg-eval.test,025701426311,KE,Machakos,2026-01-11T13:40:10Z,active,false,,,KILELE,corrected in Sept export
CT-061418,John Pretorius,simon.kamau.delta2158@vg-eval.test,0712624806,KE,Machakos,2026-03-27T00:29:19Z,active,true,,,KILELE,corrected in Sept export
CT-005579,Sipho Zahra,zanele.okoth.delta411@vg-eval.test,025717030622,KE,Nyeri,2026-02-03T07:37:29Z,active,false,,,KILELE,corrected in Sept export
CT-200240,Samuel Achieng,grace.otieno.delta2741@vg-eval.test,0718314239,KE,Mombasa,2026-08-31T11:51:21Z,active,true,,,KILELE,
CT-200632,Diana Odhiambo,thandi.tazi.delta3133@vg-eval.test,0727370171,KE,Nyeri,2026-08-08T04:21:37Z,active,false,,,KILELE,
CT-047794,Ann Berrada,john.njenga.delta1518@vg-eval.test,+254 736 575 885,KE,Machakos,2026-03-17T01:01:37Z,active,true,,,KILELE,corrected in Sept export
CT-200617,Kevin Njoroge,daniel.otieno.delta3118@vg-eval.test,025718467802,KE,Kisumu,2026-08-06T13:32:16Z,active,false,,,KILELE,
CT-201533,Grace Dlamini,michael.achieng.delta4034@vg-eval.test,025725128944,KE,Malindi,2026-08-05T04:47:09Z,active,true,,,KILELE,
CT-201251,Ruth Zahra,lerato.vermeulen.delta3752@vg-eval.test,254-710-475672,KE,Eldoret,2026-08-10T05:33:49Z,active,true,,,KILELE,
CT-077736,Karim Otieno,isaac.vermeulen.delta621@vg-eval.test,0725255832,KE,Eldoret,2026-02-13T03:04:51Z,active,false,,,KILELE,corrected in Sept export
CT-200708,Alice Odhiambo,rose.elidrissi.delta3209@vg-eval.test,0729672778,KE,Nakuru,2026-08-21T04:01:40Z,active,false,,,KILELE,
CT-008631,Dennis Zahra,salma.achieng.delta1168@vg-eval.test,0710301662,KE,Thika,2026-04-08T11:33:16Z,active,true,,,KILELE,corrected in Sept export
CT-077622,Kevin Elidrissi,ann.achieng.delta1922@vg-eval.test,0700220291,KE,Nairobi,2026-03-31T02:47:07Z,active,false,,,KILELE,corrected in Sept export
CT-034027,Lerato Dlamini,james.njoroge.delta840@vg-eval.test,0733936637,KE,Nairobi,2026-04-08T05:24:18Z,active,false,,,KILELE,corrected in Sept export
CT-051784,Grace Cheruiyot,victor.bennani.delta1405@vg-eval.test,+254 704 102 368,KE,Machakos,2026-02-26T17:16:00Z,active,false,,,KILELE,corrected in Sept export
CT-052258,Sarah Elidrissi,simon.achieng.delta1834@vg-eval.test,254-723-342432,KE,Machakos,2026-01-15T20:58:50Z,active,false,,,KILELE,corrected in Sept export
CT-201242,Esther Njoroge,nancy.odhiambo.delta3743@vg-eval.test,+254 715 313 316,KE,Thika,2026-08-14T08:49:04Z,active,false,,,KILELE,
CT-200328,Amina Otieno,mary.nkosi.delta2829@vg-eval.test,0719392989,KE,Kisumu,2026-08-03T18:46:18Z,active,true,,,KILELE,
CT-029805,Rachid Alaoui,john.wanjiru.delta625@vg-eval.test,0715496416,KE,Nairobi,2026-03-08T15:48:11Z,active,true,,,KILELE,corrected in Sept export
CT-019765,Faith Mutua,fatima.nkosi.delta1575@vg-eval.test,025714914887,KE,Thika,2026-03-14T04:15:34Z,active,true,,,KILELE,corrected in Sept export
CT-018983,Lerato Kimani,ruth.wanjiru.delta963@vg-eval.test,0719356155,KE,Kisumu,2026-01-02T18:29:08Z,active,true,,,KILELE,corrected in Sept export
CT-045181,Layla Kamau,victor.otieno.delta969@vg-eval.test,254-726-645655,KE,Kisumu,2026-01-06T21:03:58Z,active,false,,,KILELE,corrected in Sept export
CT-038131,Paul Mokoena,samuel.okoth.delta1561@vg-eval.test,254-706-480264,KE,Nakuru,2026-03-15T15:19:28Z,active,false,,,KILELE,corrected in Sept export
CT-065518,Nomsa Barasa,sipho.nkosi.delta540@vg-eval.test,+254 702 106 086,KE,Mombasa,2026-04-01T13:59:02Z,active,true,,,KILELE,corrected in Sept export
CT-069937,Sipho Barasa,layla.wafula.delta1187@vg-eval.test,+254 730 170 431,KE,Kericho,2026-03-23T05:41:38Z,active,true,,,KILELE,corrected in Sept export
CT-201617,Nomsa Wanjiru,esther.mokoena.delta4118@vg-eval.test,025738519944,KE,Nakuru,2026-08-29T22:29:31Z,active,true,,,KILELE,
CT-201259,Rachid Otieno,mary.tazi.delta3760@vg-eval.test,254-739-617923,KE,Kisumu,2026-08-04T11:38:04Z,active,true,,,KILELE,
CT-200942,Kevin Mokoena,dennis.haddad.delta3443@vg-eval.test,+254 737 720 951,KE,Malindi,2026-08-30T01:46:19Z,active,false,,,KILELE,
CT-009960,Dennis Kamau,sipho.mwangi.delta2161@vg-eval.test,254-727-191279,KE,Kisumu,2026-03-20T15:25:19Z,active,true,,,KILELE,corrected in Sept export
CT-075959,George Mutua,victor.naidoo.delta2147@vg-eval.test,025704559160,KE,Nyeri,2026-02-28T03:07:55Z,active,true,,,KILELE,corrected in Sept export
CT-200412,Paul Mutua,isaac.benali.delta2913@vg-eval.test,0731838679,KE,Eldoret,2026-08-29T01:05:26Z,active,false,,,KILELE,
CT-200843,Karim Mwangi,brian.otieno.delta3344@vg-eval.test,254-729-211440,KE,Nakuru,2026-08-03T07:35:53Z,active,false,,,KILELE,
CT-048324,Nancy Kimani,joan.kamau.delta26@vg-eval.test,254-728-498794,KE,Kericho,2026-01-11T20:20:59Z,active,false,,,KILELE,corrected in Sept export
CT-201417,Omar Njenga,john.kimani.delta3918@vg-eval.test,025711865219,KE,Nyeri,2026-08-18T07:01:19Z,active,false,,,KILELE,
CT-200141,John Wafula,michael.berrada.delta2642@vg-eval.test,025726771010,KE,Kericho,2026-08-11T06:54:14Z,active,false,,,KILELE,
CT-200391,Daniel Bennani,omar.pretorius.delta2892@vg-eval.test,254-723-767934,KE,Machakos,2026-08-25T18:57:04Z,active,true,,,KILELE,
CT-055693,Michael Barasa,mary.bennani.delta2202@vg-eval.test,0719594377,KE,Nairobi,2026-01-11T08:42:26Z,active,false,,,KILELE,corrected in Sept export
CT-029770,Simon Alaoui,ruth.naidoo.delta526@vg-eval.test,+254 730 123 107,KE,Kisumu,2026-03-12T19:53:47Z,active,true,,,KILELE,corrected in Sept export
CT-023055,Grace Elidrissi,sipho.cheruiyot.delta2187@vg-eval.test,025721170143,KE,Machakos,2026-02-16T01:41:03Z,active,true,,,KILELE,corrected in Sept export
CT-023395,Caroline Kamau,ruth.dlamini.delta1096@vg-eval.test,0700839305,KE,Mombasa,2026-02-09T05:27:47Z,active,false,,,KILELE,corrected in Sept export
CT-023295,Rose Haddad,simon.mwangi.delta1883@vg-eval.test,0718697209,KE,Kericho,2026-01-09T12:03:17Z,active,false,,,KILELE,corrected in Sept export
CT-058025,Esther Kamau,thandi.otieno.delta716@vg-eval.test,0731181973,KE,Malindi,2026-04-12T05:37:28Z,active,true,,,KILELE,corrected in Sept export
CT-024099,Kevin Elidrissi,david.zahra.delta253@vg-eval.test,+254 736 927 581,KE,Thika,2026-04-09T06:42:03Z,active,false,,,KILELE,corrected in Sept export
CT-067617,Peter Achieng,yassine.kamau.delta983@vg-eval.test,+254 719 797 890,KE,Malindi,2026-01-03T20:43:31Z,active,false,,,KILELE,corrected in Sept export
CT-201350,Salma Barasa,dennis.njoroge.delta3851@vg-eval.test,+254 704 056 163,KE,Nakuru,2026-08-31T09:29:58Z,active,true,,,KILELE,
CT-066387,Victor Haddad,salma.nkosi.delta1905@vg-eval.test,+254 715 374 232,KE,Machakos,2026-04-05T21:35:03Z,active,true,,,KILELE,corrected in Sept export
CT-008418,Mary Kamau,simon.dlamini.delta1449@vg-eval.test,0736383471,KE,Mombasa,2026-02-05T18:21:32Z,active,true,,,KILELE,corrected in Sept export
CT-074781,Johan Zahra,johan.kamau.delta24@vg-eval.test,0708083962,KE,Kisumu,2026-02-21T23:29:20Z,active,false,,,KILELE,corrected in Sept export
CT-200291,Ruth Vermeulen,lerato.mwangi.delta2792@vg-eval.test,254-712-924802,KE,Nairobi,2026-08-11T17:58:25Z,active,true,,,KILELE,
CT-047971,Ann Nkosi,kevin.kimani.delta2335@vg-eval.test,025718713439,KE,Kisumu,2026-01-17T22:44:50Z,active,true,,,KILELE,corrected in Sept export
CT-200911,Rose Pretorius,lucy.cheruiyot.delta3412@vg-eval.test,254-705-569068,KE,Nairobi,2026-08-14T04:58:42Z,active,false,,,KILELE,
CT-200637,Grace Fassi,michael.alaoui.delta3138@vg-eval.test,025707125385,KE,Thika,2026-08-09T05:44:45Z,active,false,,,KILELE,
CT-029336,Diana Fassi,amina.achieng.delta888@vg-eval.test,0712972338,KE,Nyeri,2026-02-01T21:04:39Z,active,true,,,KILELE,corrected in Sept export
CT-200113,Caroline Berrada,zanele.zahra.delta2614@vg-eval.test,025716737731,KE,Eldoret,2026-08-15T15:30:45Z,active,true,,,KILELE,
CT-020213,John Fassi,yassine.mwangi.delta1857@vg-eval.test,254-713-862656,KE,Malindi,2026-02-21T05:01:02Z,active,false,,,KILELE,corrected in Sept export
CT-006417,Brian Naidoo,diana.pretorius.delta723@vg-eval.test,254-709-335472,KE,Nairobi,2026-04-15T16:17:55Z,active,false,,,KILELE,corrected in Sept export
CT-200444,George Naidoo,james.fassi.delta2945@vg-eval.test,0712940044,KE,Machakos,2026-08-29T17:12:52Z,active,true,,,KILELE,
CT-201003,Nancy Kamau,rachid.cheruiyot.delta3504@vg-eval.test,254-701-273950,KE,Kisumu,2026-08-12T18:55:47Z,active,false,,,KILELE,
CT-015359,Grace Tazi,dennis.pretorius.delta1286@vg-eval.test,025733764762,KE,Nairobi,2026-04-03T00:51:33Z,active,false,,,KILELE,corrected in Sept export
CT-042183,Daniel Fassi,nomsa.naidoo.delta416@vg-eval.test,0712494568,KE,Mombasa,2026-01-07T07:04:44Z,active,true,,,KILELE,corrected in Sept export
CT-079729,John Achieng,lucy.achieng.delta436@vg-eval.test,025700674718,KE,Mombasa,2026-01-12T08:33:52Z,active,true,,,KILELE,corrected in Sept export
CT-017873,Caroline Cheruiyot,mercy.alaoui.delta1348@vg-eval.test,025735192768,KE,Kisumu,2026-02-08T20:02:15Z,active,false,,,KILELE,corrected in Sept export
CT-005502,Ruth Bennani,david.vermeulen.delta219@vg-eval.test,0730376874,KE,Nakuru,2026-03-15T01:08:24Z,active,true,,,KILELE,corrected in Sept export
CT-200097,Rose Mutua,dennis.kamau.delta2598@vg-eval.test,025735213679,KE,Kisumu,2026-08-30T02:01:44Z,active,true,,,KILELE,
CT-040331,David Barasa,brian.barasa.delta515@vg-eval.test,025708811470,KE,Kisumu,2026-03-20T06:10:01Z,active,false,,,KILELE,corrected in Sept export
CT-201474,Joan Achieng,faith.dlamini.delta3975@vg-eval.test,+254 716 935 846,KE,Nyeri,2026-08-11T21:40:23Z,active,false,,,KILELE,
CT-200695,Yassine Zahra,mary.mwangi.delta3196@vg-eval.test,254-720-227597,KE,Machakos,2026-08-19T23:30:20Z,active,false,,,KILELE,
CT-201541,Mercy Elidrissi,rose.okoth.delta4042@vg-eval.test,025708665264,KE,Eldoret,2026-08-06T05:14:54Z,active,true,,,KILELE,
CT-032144,Rose Bennani,kevin.nkosi.delta882@vg-eval.test,254-711-873894,KE,Eldoret,2026-03-12T11:00:13Z,active,false,,,KILELE,corrected in Sept export
CT-009520,Rachid Pretorius,johan.alaoui.delta2022@vg-eval.test,254-712-356353,KE,Mombasa,2026-02-22T10:12:10Z,active,true,,,KILELE,corrected in Sept export
CT-200040,Peter Nkosi,nomsa.elidrissi.delta2541@vg-eval.test,0716839226,KE,Nairobi,2026-08-30T00:12:44Z,active,true,,,KILELE,
CT-049635,Layla Bennani,david.mokoena.delta1501@vg-eval.test,254-718-103820,KE,Nyeri,2026-01-19T16:59:28Z,active,true,,,KILELE,corrected in Sept export
CT-018627,Victor Achieng,lerato.berrada.delta1577@vg-eval.test,025727869504,KE,Machakos,2026-03-13T05:51:09Z,active,true,,,KILELE,corrected in Sept export
CT-035116,Rose Achieng,caroline.mokoena.delta1507@vg-eval.test,254-724-574513,KE,Nairobi,2026-01-27T17:27:59Z,active,false,,,KILELE,corrected in Sept export
CT-201169,Salma Wanjiru,daniel.mokoena.delta3670@vg-eval.test,025729887141,KE,Machakos,2026-08-15T09:40:19Z,active,true,,,KILELE,
CT-201551,Fatima Njenga,grace.kiptoo.delta4052@vg-eval.test,254-712-457095,KE,Nyeri,2026-08-23T15:27:45Z,active,false,,,KILELE,
CT-200273,Zanele Fassi,isaac.cheruiyot.delta2774@vg-eval.test,025711562272,KE,Nyeri,2026-08-02T08:40:40Z,active,false,,,KILELE,
CT-040076,Ruth Njenga,alice.barasa.delta78@vg-eval.test,0711205526,KE,Kisumu,2026-03-27T05:21:25Z,active,true,,,KILELE,corrected in Sept export
CT-069569,Grace Elidrissi,karim.achieng.delta1272@vg-eval.test,254-719-972221,KE,Thika,2026-04-06T02:32:35Z,active,true,,,KILELE,corrected in Sept export
CT-200016,Kevin Kimani,kevin.njoroge.delta2517@vg-eval.test,0703330723,KE,Mombasa,2026-08-22T18:11:19Z,active,true,,,KILELE,
CT-063384,Sipho Tazi,samuel.otieno.delta1560@vg-eval.test,254-708-904553,KE,Eldoret,2026-02-13T05:59:33Z,active,false,,,KILELE,corrected in Sept export
CT-201136,Thandi Mutua,salma.tazi.delta3637@vg-eval.test,0718424360,KE,Malindi,2026-08-21T07:27:16Z,active,true,,,KILELE,
CT-014136,David Bennani,sarah.kamau.delta197@vg-eval.test,254-726-284457,KE,Machakos,2026-01-06T03:38:38Z,active,false,,,KILELE,corrected in Sept export
CT-200359,Layla Elidrissi,faith.nkosi.delta2860@vg-eval.test,254-723-818789,KE,Thika,2026-08-01T01:18:35Z,active,false,,,KILELE,
CT-074642,John Mokoena,omar.mutua.delta1252@vg-eval.test,0738155838,KE,Nyeri,2026-01-14T06:11:05Z,active,true,,,KILELE,corrected in Sept export
CT-200882,Joan Wafula,mercy.alaoui.delta3383@vg-eval.test,+254 722 498 418,KE,Eldoret,2026-08-27T03:36:21Z,active,false,,,KILELE,
CT-201260,Johan Cheruiyot,mercy.vermeulen.delta3761@vg-eval.test,0705384759,KE,Kisumu,2026-08-27T22:58:20Z,active,false,,,KILELE,
CT-004428,John Pretorius,faith.njenga.delta1007@vg-eval.test,025736025758,KE,Nakuru,2026-02-03T11:04:00Z,active,false,,,KILELE,corrected in Sept export
CT-200011,Nancy Vermeulen,amina.mutua.delta2512@vg-eval.test,254-734-982780,KE,Mombasa,2026-08-21T23:47:18Z,active,false,,,KILELE,
CT-071922,Mercy Berrada,david.cheruiyot.delta1695@vg-eval.test,+254 719 418 315,KE,Machakos,2026-03-21T06:14:40Z,active,true,,,KILELE,corrected in Sept export
CT-040303,Amina Achieng,esther.wafula.delta2084@vg-eval.test,+254 732 174 391,KE,Mombasa,2026-01-05T00:41:47Z,active,false,,,KILELE,corrected in Sept export
CT-058023,Esther Mokoena,nomsa.zahra.delta806@vg-eval.test,0738736524,KE,Nakuru,2026-03-21T07:01:31Z,active,true,,,KILELE,corrected in Sept export
CT-041751,Simon Kimani,george.wafula.delta516@vg-eval.test,254-737-512314,KE,Nyeri,2026-01-21T12:12:50Z,active,false,,,KILELE,corrected in Sept export
CT-200307,Sipho Otieno,joan.zahra.delta2808@vg-eval.test,254-735-841371,KE,Eldoret,2026-08-26T19:38:49Z,active,true,,,KILELE,
CT-013282,Mary Pretorius,rachid.mutua.delta430@vg-eval.test,0713263273,KE,Mombasa,2026-02-02T19:01:19Z,active,true,,,KILELE,corrected in Sept export
CT-052616,Grace Cheruiyot,brian.kimani.delta1681@vg-eval.test,025728441973,KE,Eldoret,2026-01-07T05:11:37Z,active,false,,,KILELE,corrected in Sept export
CT-061264,Sarah Odhiambo,thandi.mutua.delta1719@vg-eval.test,254-707-570985,KE,Nairobi,2026-04-14T09:29:10Z,active,false,,,KILELE,corrected in Sept export
CT-201331,Grace Bennani,samuel.otieno.delta3832@vg-eval.test,254-722-827445,KE,Nakuru,2026-08-07T21:17:49Z,active,true,,,KILELE,
CT-200159,Ruth Barasa,michael.berrada.delta2660@vg-eval.test,254-735-781809,KE,Malindi,2026-08-09T06:31:01Z,active,false,,,KILELE,
CT-033757,Mercy Odhiambo,diana.dlamini.delta52@vg-eval.test,254-702-799361,KE,Kericho,2026-02-22T13:03:33Z,active,true,,,KILELE,corrected in Sept export
CT-071384,Fatima Dlamini,diana.mokoena.delta674@vg-eval.test,254-723-925518,KE,Kisumu,2026-03-14T02:03:26Z,active,false,,,KILELE,corrected in Sept export
CT-009322,Karim Kiptoo,esther.kamau.delta1785@vg-eval.test,0734731313,KE,Nakuru,2026-03-20T04:23:09Z,active,false,,,KILELE,corrected in Sept export
CT-015190,Mercy Wanjiru,johan.alaoui.delta1707@vg-eval.test,025711754401,KE,Eldoret,2026-03-31T15:16:04Z,active,true,,,KILELE,corrected in Sept export
CT-200065,Diana Benali,david.barasa.delta2566@vg-eval.test,025731145598,KE,Kericho,2026-08-20T23:05:55Z,active,false,,,KILELE,
CT-037452,Lerato Kiptoo,caroline.wafula.delta1212@vg-eval.test,254-705-063785,KE,Eldoret,2026-04-03T08:37:43Z,active,true,,,KILELE,corrected in Sept export
CT-013779,David Haddad,johan.kimani.delta396@vg-eval.test,025700839639,KE,Machakos,2026-03-23T16:16:16Z,active,true,,,KILELE,corrected in Sept export
CT-200531,Johan Barasa,ann.barasa.delta3032@vg-eval.test,254-733-640888,KE,Kericho,2026-08-02T13:50:16Z,active,false,,,KILELE,
CT-200548,Dennis Wafula,johan.pretorius.delta3049@vg-eval.test,0730586242,KE,Nakuru,2026-08-11T12:09:20Z,active,false,,,KILELE,
CT-200075,Lerato Achieng,amina.nkosi.delta2576@vg-eval.test,254-706-635349,KE,Thika,2026-08-26T20:30:46Z,active,true,,,KILELE,
CT-058458,Sipho Tazi,zanele.kamau.delta1899@vg-eval.test,0729297566,KE,Kisumu,2026-02-05T11:23:40Z,active,false,,,KILELE,corrected in Sept export
CT-070202,Samuel Nkosi,sipho.wanjiru.delta1129@vg-eval.test,025700524518,KE,Machakos,2026-03-05T20:42:39Z,active,true,,,KILELE,corrected in Sept export
CT-201193,Peter Otieno,salma.naidoo.delta3694@vg-eval.test,025732703839,KE,Kericho,2026-08-27T13:31:48Z,active,true,,,KILELE,
CT-201663,Lerato Tazi,caroline.naidoo.delta4164@vg-eval.test,254-725-466374,KE,Malindi,2026-08-02T03:46:44Z,active,false,,,KILELE,
CT-201550,Karim Achieng,samuel.kamau.delta4051@vg-eval.test,+254 733 764 247,KE,Kericho,2026-08-11T00:42:41Z,active,true,,,KILELE,
CT-200066,Johan Bennani,peter.elidrissi.delta2567@vg-eval.test,+254 722 711 443,KE,Kericho,2026-08-19T20:51:47Z,active,false,,,KILELE,
CT-001732,Zanele Cheruiyot,thandi.mokoena.delta1663@vg-eval.test,025736721302,KE,Eldoret,2026-01-28T07:37:05Z,active,true,,,KILELE,corrected in Sept export
CT-201627,Rose Mokoena,johan.wanjiru.delta4128@vg-eval.test,254-734-676961,KE,Nakuru,2026-08-12T11:16:05Z,active,true,,,KILELE,
CT-201241,Sarah Alaoui,paul.vermeulen.delta3742@vg-eval.test,025702365182,KE,Thika,2026-08-07T22:40:18Z,active,true,,,KILELE,
CT-030610,Nomsa Fassi,fatima.cheruiyot.delta1751@vg-eval.test,+254 712 295 047,KE,Mombasa,2026-01-23T20:11:39Z,active,true,,,KILELE,corrected in Sept export
CT-035381,Fatima Naidoo,joan.otieno.delta495@vg-eval.test,+254 727 069 107,KE,Nyeri,2026-03-02T23:39:20Z,active,true,,,KILELE,corrected in Sept export
CT-077672,Samuel Dlamini,sarah.barasa.delta2027@vg-eval.test,0739666991,KE,Eldoret,2026-02-27T23:15:39Z,active,false,,,KILELE,corrected in Sept export
CT-070896,Johan Odhiambo,victor.njoroge.delta296@vg-eval.test,0739179661,KE,Kisumu,2026-03-07T07:01:35Z,active,false,,,KILELE,corrected in Sept export
CT-043627,John Tazi,faith.benali.delta2478@vg-eval.test,025720910580,KE,Kericho,2026-04-04T09:18:18Z,active,false,,,KILELE,corrected in Sept export
CT-200258,Amina Haddad,esther.mokoena.delta2759@vg-eval.test,+254 725 625 844,KE,Nairobi,2026-08-08T15:48:00Z,active,true,,,KILELE,
CT-200935,Caroline Alaoui,fatima.okoth.delta3436@vg-eval.test,254-737-091743,KE,Thika,2026-08-11T05:19:16Z,active,false,,,KILELE,
CT-201364,Rachid Elidrissi,layla.vermeulen.delta3865@vg-eval.test,0715994192,KE,Eldoret,2026-08-09T06:01:34Z,active,true,,,KILELE,
CT-200900,Ruth Dlamini,sipho.naidoo.delta3401@vg-eval.test,0704667670,KE,Nairobi,2026-08-01T10:20:35Z,active,false,,,KILELE,
CT-015759,Lucy Tazi,david.njenga.delta317@vg-eval.test,0715234805,KE,Mombasa,2026-01-18T01:58:39Z,active,true,,,KILELE,corrected in Sept export
CT-200880,James Tazi,thandi.kiptoo.delta3381@vg-eval.test,0738758180,KE,Nairobi,2026-08-22T16:12:50Z,active,true,,,KILELE,
CT-069942,Esther Njenga,zanele.benali.delta44@vg-eval.test,0738669562,KE,Machakos,2026-04-08T17:03:31Z,active,true,,,KILELE,corrected in Sept export
CT-012579,Samuel Benali,ruth.wanjiru.delta2244@vg-eval.test,0717464497,KE,Thika,2026-04-06T02:27:43Z,active,false,,,KILELE,corrected in Sept export
CT-201441,Isaac Kamau,mercy.otieno.delta3942@vg-eval.test,025711130261,KE,Kisumu,2026-08-03T00:55:20Z,active,true,,,KILELE,
CT-019977,Karim Elidrissi,omar.barasa.delta1285@vg-eval.test,0710674247,KE,Kisumu,2026-01-16T19:54:29Z,active,false,,,KILELE,corrected in Sept export
CT-031642,Diana Nkosi,daniel.mutua.delta2101@vg-eval.test,254-705-356792,KE,Nairobi,2026-02-10T08:28:27Z,active,false,,,KILELE,corrected in Sept export
CT-200020,Caroline Fassi,michael.mwangi.delta2521@vg-eval.test,0729941712,KE,Nyeri,2026-08-30T10:23:41Z,active,true,,,KILELE,
CT-201483,Esther Bennani,diana.njenga.delta3984@vg-eval.test,254-707-781728,KE,Nairobi,2026-08-18T06:22:12Z,active,false,,,KILELE,
CT-201303,Mercy Fassi,pieter.kamau.delta3804@vg-eval.test,254-703-588245,KE,Mombasa,2026-08-25T14:37:56Z,active,false,,,KILELE,
CT-201480,Victor Wafula,thandi.elidrissi.delta3981@vg-eval.test,0710861122,KE,Nairobi,2026-08-04T05:16:16Z,active,false,,,KILELE,
CT-028636,Peter Zahra,daniel.berrada.delta1367@vg-eval.test,025719260359,KE,Kericho,2026-02-15T02:51:41Z,active,true,,,KILELE,corrected in Sept export
CT-045611,Lerato Bennani,lucy.berrada.delta636@vg-eval.test,025724794008,KE,Eldoret,2026-02-07T05:37:14Z,active,true,,,KILELE,corrected in Sept export
CT-010154,Karim Kamau,james.kamau.delta72@vg-eval.test,0703172660,KE,Nyeri,2026-03-10T10:38:34Z,active,true,,,KILELE,corrected in Sept export
CT-066502,Simon Haddad,david.njoroge.delta1486@vg-eval.test,025736767834,KE,Machakos,2026-02-08T01:13:21Z,active,true,,,KILELE,corrected in Sept export
CT-200076,Nomsa Wanjiru,isaac.pretorius.delta2577@vg-eval.test,0738371704,KE,Malindi,2026-08-23T22:31:32Z,active,true,,,KILELE,
CT-037531,Faith Fassi,daniel.berrada.delta1769@vg-eval.test,025719262167,KE,Thika,2026-02-13T13:20:26Z,active,false,,,KILELE,corrected in Sept export
CT-200103,Peter Mokoena,lucy.wanjiru.delta2604@vg-eval.test,254-721-923086,KE,Malindi,2026-08-23T04:03:45Z,active,true,,,KILELE,
CT-036110,Alice Benali,layla.njenga.delta1747@vg-eval.test,254-735-476714,KE,Nairobi,2026-02-02T20:01:12Z,active,false,,,KILELE,corrected in Sept export
CT-063283,Mary Nkosi,rose.berrada.delta1113@vg-eval.test,025709109111,KE,Kisumu,2026-04-05T09:58:30Z,active,false,,,KILELE,corrected in Sept export
CT-030898,Pieter Otieno,mercy.nkosi.delta1485@vg-eval.test,025723231121,KE,Nyeri,2026-02-01T11:18:18Z,active,false,,,KILELE,corrected in Sept export
CT-001712,Sipho Njoroge,zanele.achieng.delta2311@vg-eval.test,+254 716 374 288,KE,Kisumu,2026-01-18T22:35:28Z,active,true,,,KILELE,corrected in Sept export
CT-200423,Samuel Haddad,nomsa.mutua.delta2924@vg-eval.test,254-735-589909,KE,Nairobi,2026-08-10T17:28:14Z,active,false,,,KILELE,
CT-044717,Brian Kiptoo,rachid.benali.delta1372@vg-eval.test,+254 714 343 458,KE,Nyeri,2026-01-07T16:50:57Z,active,true,,,KILELE,corrected in Sept export
CT-038625,Karim Cheruiyot,samuel.wafula.delta258@vg-eval.test,0738990524,KE,Kericho,2026-01-29T16:20:28Z,active,true,,,KILELE,corrected in Sept export
CT-033608,Grace Kimani,grace.otieno.delta1293@vg-eval.test,254-718-034595,KE,Eldoret,2026-02-28T10:46:00Z,active,true,,,KILELE,corrected in Sept export
CT-201115,Nancy Pretorius,fatima.fassi.delta3616@vg-eval.test,254-734-291273,KE,Eldoret,2026-08-21T19:46:44Z,active,false,,,KILELE,
CT-040676,Ann Mwangi,george.naidoo.delta1300@vg-eval.test,+254 731 558 101,KE,Machakos,2026-03-02T20:04:13Z,active,true,,,KILELE,corrected in Sept export
CT-006675,Omar Zahra,yassine.elidrissi.delta698@vg-eval.test,0701464768,KE,Eldoret,2026-02-05T13:22:24Z,active,true,,,KILELE,corrected in Sept export
CT-028111,Alice Njenga,james.berrada.delta2320@vg-eval.test,025709683998,KE,Eldoret,2026-01-01T13:20:22Z,active,true,,,KILELE,corrected in Sept export
CT-200455,Yassine Wafula,layla.okoth.delta2956@vg-eval.test,254-728-104189,KE,Nairobi,2026-08-17T00:49:38Z,active,false,,,KILELE,
CT-024363,Grace Njoroge,pieter.berrada.delta90@vg-eval.test,+254 733 969 855,KE,Eldoret,2026-04-02T12:32:47Z,active,true,,,KILELE,corrected in Sept export
CT-200408,Lerato Barasa,kevin.mokoena.delta2909@vg-eval.test,0721763293,KE,Machakos,2026-08-10T02:11:36Z,active,false,,,KILELE,
CT-046989,Joan Kamau,samuel.kiptoo.delta781@vg-eval.test,+254 717 026 252,KE,Nakuru,2026-03-29T01:44:59Z,active,false,,,KILELE,corrected in Sept export
CT-074979,Karim Naidoo,george.otieno.delta2206@vg-eval.test,0728220686,KE,Nairobi,2026-03-13T19:35:53Z,active,false,,,KILELE,corrected in Sept export
CT-075077,Sarah Nkosi,george.kamau.delta300@vg-eval.test,0706077764,KE,Eldoret,2026-01-01T18:32:49Z,active,true,,,KILELE,corrected in Sept export
CT-200661,Diana Wanjiru,salma.okoth.delta3162@vg-eval.test,025703681470,KE,Nakuru,2026-08-02T02:12:50Z,active,false,,,KILELE,
CT-200431,Fatima Wanjiru,amina.nkosi.delta2932@vg-eval.test,254-709-801690,KE,Kisumu,2026-08-20T16:15:45Z,active,true,,,KILELE,
CT-038786,Sarah Bennani,diana.haddad.delta2462@vg-eval.test,254-716-283230,KE,Kisumu,2026-03-06T07:49:12Z,active,true,,,KILELE,corrected in Sept export
CT-014281,Zanele Haddad,ruth.berrada.delta1344@vg-eval.test,254-730-758917,KE,Malindi,2026-02-14T18:24:32Z,active,true,,,KILELE,corrected in Sept export
CT-078866,Joan Wanjiru,david.pretorius.delta2066@vg-eval.test,0725768505,KE,Kisumu,2026-01-22T07:38:46Z,active,false,,,KILELE,corrected in Sept export
CT-032026,Alice Okoth,isaac.cheruiyot.delta2273@vg-eval.test,025711633225,KE,Machakos,2026-01-08T06:16:16Z,active,true,,,KILELE,corrected in Sept export
CT-201354,Sipho Barasa,ruth.njenga.delta3855@vg-eval.test,+254 733 656 672,KE,Kericho,2026-08-11T00:41:08Z,active,false,,,KILELE,
CT-051187,Samuel Elidrissi,james.berrada.delta1795@vg-eval.test,0727304062,KE,Kisumu,2026-02-28T13:53:47Z,active,false,,,KILELE,corrected in Sept export
CT-008261,John Mwangi,sarah.dlamini.delta1265@vg-eval.test,025713474446,KE,Malindi,2026-02-22T08:37:40Z,active,true,,,KILELE,corrected in Sept export
CT-200823,Dennis Haddad,omar.barasa.delta3324@vg-eval.test,254-723-196794,KE,Nakuru,2026-08-13T12:06:37Z,active,false,,,KILELE,
CT-076087,Rose Mwangi,daniel.mokoena.delta1231@vg-eval.test,025703513786,KE,Kisumu,2026-03-01T14:43:00Z,active,true,,,KILELE,corrected in Sept export
CT-200780,Victor Barasa,caroline.berrada.delta3281@vg-eval.test,0737012715,KE,Thika,2026-08-04T02:32:27Z,active,true,,,KILELE,
CT-201462,James Njenga,layla.kiptoo.delta3963@vg-eval.test,+254 721 627 161,KE,Nyeri,2026-08-23T20:21:46Z,active,true,,,KILELE,
CT-200755,Salma Naidoo,alice.wanjiru.delta3256@vg-eval.test,254-703-825162,KE,Malindi,2026-08-27T03:51:11Z,active,false,,,KILELE,
CT-073322,Mary Okoth,samuel.kiptoo.delta2205@vg-eval.test,+254 712 718 681,KE,Eldoret,2026-01-26T03:21:13Z,active,false,,,KILELE,corrected in Sept export
CT-201484,Lerato Pretorius,paul.bennani.delta3985@vg-eval.test,0733903397,KE,Nakuru,2026-08-26T08:06:21Z,active,true,,,KILELE,
CT-013245,Rachid Kimani,simon.mokoena.delta1854@vg-eval.test,0706811405,KE,Kisumu,2026-01-31T08:24:36Z,active,true,,,KILELE,corrected in Sept export
CT-200837,Simon Njoroge,george.naidoo.delta3338@vg-eval.test,025720945584,KE,Kisumu,2026-08-15T01:30:33Z,active,false,,,KILELE,
CT-058990,John Benali,sarah.tazi.delta2330@vg-eval.test,+254 735 596 838,KE,Eldoret,2026-01-02T23:31:23Z,active,false,,,KILELE,corrected in Sept export
CT-032974,Salma Naidoo,mercy.wanjiru.delta574@vg-eval.test,025728737674,KE,Thika,2026-03-02T23:19:17Z,active,true,,,KILELE,corrected in Sept export
CT-200404,Michael Njoroge,zanele.mutua.delta2905@vg-eval.test,0708240943,KE,Kisumu,2026-08-22T22:15:44Z,active,true,,,KILELE,
CT-070942,Zanele Mokoena,george.vermeulen.delta918@vg-eval.test,0714079101,KE,Mombasa,2026-02-10T14:43:29Z,active,true,,,KILELE,corrected in Sept export
