external_id;full_name;e_mail;mobile;pays;city;signup_at;status;consent_marketing;deleted_at;suppressed_until;brand_code;notes
CT-000484;Layla Bennani;rose.mwangi.mar484@vg-eval.test;+212 653959127;MA;Tanger;2026-03-17T18:22:17Z;active;TRUE;;;MARRAKECH;
CT-000280;Layla Bennani;thandi.achieng.mar280@vg-eval.test;+212 664326950;MA;Agadir;2026-01-23T09:07:44Z;active;false;;;MARRAKECH;
CT-000362;Rachid Zahra;lucy.elidrissi.mar362@vg-eval.test;+212 646615491;MA;Casablanca;2026-01-12T21:00:51Z;active;false;;;MARRAKECH;
CT-000050;Salma Haddad;joan.okoth.kil45505@vg-eval.test;+212 684737121;MA;Casablanca;2026-03-09T10:14:06Z;active;Y;;;MARRAKECH;
CT-000219;Youssef Benali;ann.otieno.mar219@vg-eval.test;+212 673434563;MA;Oujda;2026-03-23T21:50:05Z;active;no;;;MARRAKECH;
CT-000669;Youssef Zahra;lucy.kamau.mar669@vg-eval.test;+212 687946451;MA;Rabat;2026-03-28T15:40:51Z;active;f;;;MARRAKECH;
CT-000691;Fatima Benali;john.fassi.mar691@vg-eval.test;+212 680873363;MA;Tanger;2026-02-26T23:39:19Z;active;1;;;MARRAKECH;
CT-000224;Youssef Benali;diana.okoth.mar224@vg-eval.test;+212 690996620;MA;Rabat;2026-03-13T07:22:11Z;active;Y;;;MARRAKECH;
CT-000225;Omar Tazi;layla.barasa.kil36326@vg-eval.test;+212 690750187;MA;Casablanca;2026-03-05T06:37:31Z;active;1;;;MARRAKECH;
CT-000581;Youssef Zahra;rose.wafula.mar581@vg-eval.test;+212 654255388;MA;Casablanca;2026-04-03T11:24:20Z;active;no;;;MARRAKECH;
CT-000512;Youssef Haddad;amina.benali.mar512@vg-eval.test;+212 691914881;MA;Meknes;2026-01-25T15:22:16Z;active;1;;;MARRAKECH;
CT-000148;Layla Bennani;ann.nkosi.mar148@vg-eval.test;+212 661191697;MA;Tanger;2026-01-01T21:52:14Z;active;no;;;MARRAKECH;
CT-000446;Rachid Haddad;lerato.cheruiyot.mar446@vg-eval.test;+212 694074267;MA;Casablanca;2026-01-03T23:44:14Z;active;1;;;MARRAKECH;
CT-000371;Fatima Haddad;simon.wanjiru.mar371@vg-eval.test;+212 616903801;MA;Oujda;2026-02-15T14:48:28Z;active;f;;;MARRAKECH;
CT-000571;Youssef Elidrissi;ann.cheruiyot.mar571@vg-eval.test;+212 654453479;MA;Agadir;2026-02-16T12:21:51Z;active;f;;;MARRAKECH;
CT-000442;Fatima Benali;esther.bennani.mar442@vg-eval.test;+212 664316559;MA;Oujda;2026-01-01T11:40:31Z;active;0;;;MARRAKECH;
CT-000754;Rachid Haddad;joan.njoroge.mar754@vg-eval.test;+212 619333935;MA;Tanger;2026-02-14T17:39:27Z;active;TRUE;;;MARRAKECH;
CT-000871;Rachid Haddad;amina.wafula.mar871@vg-eval.test;+212 697981154;MA;Oujda;2026-04-16T05:37:23Z;active;false;;;MARRAKECH;
CT-000422;Omar Tazi;sarah.mokoena.mar422@vg-eval.test;+212 627152693;MA;Rabat;2026-01-03T15:05:21Z;active;false;;;MARRAKECH;
CT-000775;Youssef Tazi;lucy.kiptoo.kil22045@vg-eval.test;+212 693851180;MA;Fes;2026-01-12T04:39:34Z;active;0;;;MARRAKECH;
CT-000434;Salma Bennani;sipho.mwangi.kil53128@vg-eval.test;+212 639992694;MA;Meknes;2026-02-05T06:30:50Z;active;FALSE;;;MARRAKECH;
CT-000836;Layla Elidrissi;esther.fassi.mar836@vg-eval.test;+212 628364234;MA;Tanger;2026-04-08T12:47:48Z;active;TRUE;;;MARRAKECH;
CT-000291;Salma Tazi;sarah.alaoui.kil65633@vg-eval.test;+212 650054920;MA;Tanger;2026-03-30T10:16:36Z;active;yes;;;MARRAKECH;
CT-000051;Omar Haddad;salma.bennani@vg-eval.test;+212 660242684;MA;Fes;2026-01-15T04:34:16Z;active;false;;;MARRAKECH;
CT-000310;Fatima Zahra;david.achieng.mar310@vg-eval.test;+212 630454160;MA;Rabat;2026-02-22T20:41:17Z;active;no;;;MARRAKECH;
CT-000283;Omar Tazi;mercy.mokoena.mar283@vg-eval.test;+212 686054353;MA;Oujda;2026-02-04T16:23:31Z;active;f;;;MARRAKECH;
CT-000386;Omar Bennani;rachid.kiptoo.mar386@vg-eval.test;+212 632338379;MA;Marrakech;2026-03-09T18:47:51Z;active;TRUE;;;MARRAKECH;
CT-000676;Fatima Bennani;samuel.nkosi.kil1367@vg-eval.test;+212 690220106;MA;Marrakech;2026-01-15T22:50:03Z;active;yes;;;MARRAKECH;
CT-000778;Omar Elidrissi;mercy.bennani.kil6890@vg-eval.test;+212 662520451;MA;Tanger;2026-03-08T07:23:23Z;active;FALSE;;;MARRAKECH;
CT-000719;Fatima Bennani;mercy.dlamini.mar719@vg-eval.test;+212 644112179;MA;Fes;2026-01-18T02:05:22Z;active;FALSE;;;MARRAKECH;
CT-000091;Fatima Tazi;victor.kiptoo.kil26437@vg-eval.test;+212 614436696;MA;Rabat;2026-02-10T18:34:05Z;active;false;;;MARRAKECH;
CT-000085;Layla Tazi;BRIAN.FASSI.MAR85@VG-EVAL.TEST;+212 611656826;MA;Oujda;2026-01-28T07:47:08Z;active;0;;;MARRAKECH;
CT-000129;Youssef Bennani;grace.bennani.mar129@vg-eval.test;+212 633358752;MA;Rabat;2026-04-09T18:58:07Z;active;FALSE;;;MARRAKECH;
CT-000119;Salma Elidrissi;salma.kiptoo.mar119@vg-eval.test;+212 651662108;MA;Fes;2026-03-02T01:04:09Z;active;TRUE;;;MARRAKECH;
CT-000207;Omar Tazi;david.vermeulen.mar207@vg-eval.test;+212 616839672;MA;Tanger;2026-03-05T09:30:15Z;active;Y;;;MARRAKECH;
CT-000227;Fatima Haddad;ann.wanjiru.mar227@vg-eval.test;+212 648646762;MA;Agadir;2026-04-08T00:38:17Z;active;false;;;MARRAKECH;
CT-000787;Omar Elidrissi;joan.mutua.mar787@vg-eval.test;+212 689343316;MA;Casablanca;2026-01-18T20:18:55Z;active;true;;;MARRAKECH;
CT-000478;Youssef Bennani;george.otieno.mar478@vg-eval.test;+212 678582389;MA;Fes;2026-02-20T05:21:55Z;active;no;;;MARRAKECH;
CT-000103;Salma Benali;lucy.zahra.mar103@vg-eval.test;+212 610334491;MA;Marrakech;2026-03-01T23:15:09Z;active;false;;;MARRAKECH;
CT-000908;Layla Haddad;alice.wanjiru.kil43188@vg-eval.test;+212 646310601;MA;Casablanca;2026-02-21T23:30:55Z;active;true;;;MARRAKECH;
CT-000244;Youssef Haddad;peter.berrada.mar244@vg-eval.test;+212 685835220;MA;Oujda;2026-02-18T11:41:20Z;active;f;;;MARRAKECH;
CT-000705;Layla Zahra;nomsa.vermeulen.mar705@vg-eval.test;+212 679112465;MA;Fes;2026-01-28T19:02:18Z;active;TRUE;;;MARRAKECH;
CT-000857;Fatima Bennani;simon.zahra.mar857@vg-eval.test;+212 619238855;MA;Marrakech;2026-03-10T06:37:32Z;active;no;;;MARRAKECH;
CT-000684;Rachid Benali;diana.njenga.mar684@vg-eval.test;+212 674571899;MA;Agadir;2026-03-14T06:36:08Z;active;f;;;MARRAKECH;
CT-000298;Fatima Benali;nomsa.kamau.mar298@vg-eval.test;+212 630501531;MA;Rabat;2026-02-23T22:31:29Z;active;f;;;MARRAKECH;
CT-000629;Layla Elidrissi;lerato.pretorius.kil21357@vg-eval.test;+212 600050964;MA;Meknes;2026-02-16T14:02:08Z;active;f;;;MARRAKECH;
CT-000523;Omar Zahra;james.elidrissi.mar523@vg-eval.test;+212 673299222;MA;Oujda;2026-03-04T05:46:40Z;active;0;;;MARRAKECH;
CT-000683;Salma Tazi;pieter.zahra.mar683@vg-eval.test;+212 628132969;MA;Agadir;2026-03-30T22:34:03Z;active;Y;;;MARRAKECH;
CT-000756;Fatima Haddad;michael.cheruiyot.mar756@vg-eval.test;+212 650282494;MA;Casablanca;2026-03-06T23:46:36Z;active;0;;;MARRAKECH;
CT-000670;Salma Elidrissi;pieter.kimani.mar670@vg-eval.test;+212 692715109;MA;Rabat;2026-01-19T20:27:56Z;active;FALSE;;;MARRAKECH;
CT-000130;Omar Benali;isaac.dlamini.mar130@vg-eval.test;+212 673751029;MA;Tanger;2026-02-09T15:55:11Z;active;false;;;MARRAKECH;
CT-000769;Fatima Haddad;ann.vermeulen.mar769@vg-eval.test;+212 693606452;MA;Agadir;2026-02-01T12:45:51Z;active;0;;;MARRAKECH;
CT-000698;Youssef Tazi;sipho.zahra.kil57951@vg-eval.test;+212 611921014;MA;Tanger;2026-01-06T10:43:48Z;active;FALSE;;;MARRAKECH;
CT-000157;Youssef Elidrissi;karim.mokoena.mar157@vg-eval.test;+212 675569315;MA;Oujda;2026-02-27T09:02:12Z;active;true;;;MARRAKECH;
CT-000632;Salma Bennani;dennis.benali.mar632@vg-eval.test;+212 621927621;MA;Marrakech;2026-02-19T20:00:35Z;active;Y;;;MARRAKECH;
CT-000848;Salma Haddad;mercy.fassi.mar848@vg-eval.test;+212 651422117;MA;Rabat;2026-02-05T16:48:18Z;active;yes;;;MARRAKECH;
CT-000447;Youssef Haddad;nomsa.wafula.kil47497@vg-eval.test;+212 665358763;MA;Meknes;2026-02-14T07:40:48Z;active;1;;;MARRAKECH;
CT-000307;Rachid Tazi;lerato.njoroge.mar307@vg-eval.test;+212 605118888;MA;Agadir;2026-01-01T21:29:32Z;active;1;;;MARRAKECH;
CT-000477;Salma Tazi;nancy.kiptoo.kil9908@vg-eval.test;+212 606850963;MA;Casablanca;2026-01-10T14:40:06Z;active;FALSE;;;MARRAKECH;
CT-974984;Johan Elidrissi;z1880@vg-eval.test;0712000000;ZZ;City;2026-02-01;active;true
CT-000560;Salma Benali;amina.vermeulen.mar560@vg-eval.test;+212 644195441;MA;Agadir;2026-04-05T17:55:59Z;active;yes;;;MARRAKECH;
CT-000633;Rachid Bennani;victor.kimani.kil31249@vg-eval.test;+212 683934414;MA;Tanger;2026-02-09T07:05:09Z;active;0;;;MARRAKECH;
CT-000869;Rachid Bennani;mercy.mokoena.kil17028@vg-eval.test;+212 663682364;MA;Fes;2026-01-15T10:53:02Z;active;TRUE;;;MARRAKECH;
CT-000116;Youssef Bennani;james.alaoui.kil10265@vg-eval.test;+212 617685386;MA;Agadir;2026-01-19T21:09:20Z;active;true;;;MARRAKECH;
CT-000596;Omar Elidrissi;peter.njenga.mar596@vg-eval.test;+212 642579393;MA;Tanger;2026-01-23T01:49:59Z;active;no;;;MARRAKECH;
CT-000611;Omar Benali;dennis.odhiambo.mar611@vg-eval.test;+212 682266519;MA;Agadir;2026-04-03T15:18:27Z;active;no;;;MARRAKECH;
CT-000735;Fatima Zahra;zanele.naidoo.mar735@vg-eval.test;+212 636857850;MA;Marrakech;2026-03-18T04:31:43Z;active;false;;;MARRAKECH;
CT-000288;Youssef Bennani;mary.mutua.mar288@vg-eval.test;+212 662547551;MA;Agadir;2026-04-02T19:17:57Z;active;false;;;MARRAKECH;
CT-000838;Salma Benali;john.haddad.mar838@vg-eval.test;+212 600881810;MA;Oujda;2026-02-13T17:19:28Z;active;yes;;;MARRAKECH;
CT-000125;Salma Zahra;ann.njenga.mar125@vg-eval.test;+212 625825531;MA;Tanger;2026-02-02T20:42:54Z;active;no;;;MARRAKECH;
CT-000493;Fatima Haddad;fatima.alaoui.mar493@vg-eval.test;+212 611231283;MA;Tanger;2026-01-25T07:25:36Z;active;yes;;;MARRAKECH;
CT-000192;Omar Benali;michael.odhiambo.mar192@vg-eval.test;+212 650590199;MA;Meknes;2026-04-09T08:55:14Z;active;f;;;MARRAKECH;
CT-000209;Fatima Zahra;esther.njoroge.mar209@vg-eval.test;+212 619225812;MA;Marrakech;2026-01-25T04:42:29Z;active;TRUE;;;MARRAKECH;
CT-000543;Rachid Zahra;simon.barasa.mar543@vg-eval.test;+212 666966349;MA;Fes;2026-01-15T20:49:17Z;active;1;;;MARRAKECH;
CT-000245;Salma Haddad;esther.njoroge.mar245@vg-eval.test;+212 639993683;MA;Agadir;2026-03-15T22:49:48Z;active;f;;;MARRAKECH;
CT-000343;Fatima Tazi;rose.alaoui.kil66721@vg-eval.test;+212 614996241;MA;Fes;2026-03-27T06:57:33Z;active;0;;;MARRAKECH;
CT-000725;Youssef Haddad;victor.achieng.kil62872@vg-eval.test;+212 636819566;MA;Tanger;2026-01-08T16:47:30Z;active;yes;;;MARRAKECH;
CT-000084;Fatima Elidrissi;paul.naidoo.mar84@vg-eval.test;+212 635694291;MA;Meknes;2026-02-14T15:38:00Z;active;TRUE;;;MARRAKECH;
CT-000332;Fatima Haddad;esther.naidoo.mar332@vg-eval.test;+212 669141734;MA;Agadir;2026-04-04T18:40:23Z;active;false;;;MARRAKECH;
CT-000803;Salma Zahra;amina.naidoo.mar803@vg-eval.test;+212 620332556;MA;Marrakech;2026-04-02T01:22:05Z;active;yes;;;MARRAKECH;
CT-000805;Rachid Haddad;faith.berrada.mar805@vg-eval.test;+212 627106775;MA;Oujda;2026-01-14T20:26:21Z;active;TRUE;;;MARRAKECH;
CT-000687;Fatima Benali;amina.kamau.mar687@vg-eval.test;+212 698425333;MA;Casablanca;2026-03-01T21:35:26Z;active;f;;;MARRAKECH;
CT-000748;Rachid Tazi;alice.vermeulen.mar748@vg-eval.test;+212 620431767;MA;Casablanca;2026-04-04T13:34:57Z;active;0;;;MARRAKECH;
CT-000284;Layla Tazi;isaac.tazi.kil46649@vg-eval.test;+212 665980421;MA;Agadir;2026-03-11T17:03:56Z;active;true;;;MARRAKECH;
CT-000356;Omar Zahra;esther.odhiambo.mar356@vg-eval.test;+212 635131245;MA;Fes;2026-02-17T21:34:34Z;active;0;;;MARRAKECH;
CT-000405;Fatima Haddad;rachid.dlamini.mar405@vg-eval.test;+212 614764263;MA;Tanger;2026-02-27T09:46:53Z;active;f;;;MARRAKECH;
CT-000400;Youssef Bennani;mercy.wanjiru.mar400@vg-eval.test;+212 627517279;MA;Tanger;2026-01-20T02:41:42Z;active;true;;;MARRAKECH;
CT-000167;Salma Tazi;faith.mokoena.mar167@vg-eval.test;+212 654352937;MA;Meknes;2026-02-14T20:46:26Z;active;1;;;MARRAKECH;
CT-000711;Layla Elidrissi;omar.pretorius.mar711@vg-eval.test;+212 682058573;MA;Rabat;2026-04-08T09:47:57Z;active;TRUE;;;MARRAKECH;
CT-000016;Layla Haddad;peter.berrada.mar16@vg-eval.test;+212 677745372;MA;Agadir;2026-01-08T00:55:20Z;active;TRUE;;;MARRAKECH;
CT-000679;Salma Zahra;joan.fassi.mar679@vg-eval.test;+212 615947408;MA;Fes;2026-03-26T09:41:08Z;active;true;;;MARRAKECH;
CT-000230;Omar Zahra;john.fassi.mar230@vg-eval.test;+212 638332598;MA;Marrakech;2026-02-15T01:51:56Z;active;0;;;MARRAKECH;
CT-000163;Rachid Tazi;kevin.vermeulen.mar163@vg-eval.test;+212 689217957;MA;Tanger;2026-04-06T03:25:08Z;active;1;;;MARRAKECH;
CT-000878;Layla Bennani;johan.kiptoo.mar878@vg-eval.test;+212 690339286;MA;Rabat;2026-01-06T08:13:06Z;active;f;;;MARRAKECH;
CT-000009;Fatima Tazi;johan.alaoui.mar9@vg-eval.test;+212 626011290;MA;Fes;2026-04-13T16:41:23Z;active;f;;;MARRAKECH;
CT-000870;Layla Benali;samuel.njoroge.mar870@vg-eval.test;+212 605227256;MA;Oujda;2026-03-06T15:16:01Z;active;no;;;MARRAKECH;
CT-000867;Fatima Tazi;kevin.cheruiyot.kil20712@vg-eval.test;+212 649381214;MA;Agadir;2026-03-16T07:28:49Z;active;true;;;MARRAKECH;
CT-000648;Rachid Haddad;nancy.vermeulen.mar648@vg-eval.test;+212 649888058;MA;Marrakech;2026-03-24T03:12:33Z;active;Y;;;MARRAKECH;
CT-000864;Salma Elidrissi;peter.njoroge.mar864@vg-eval.test;+212 629551837;MA;Agadir;2026-01-26T04:18:54Z;active;true;;;MARRAKECH;
CT-000267;Fatima Bennani;thandi.kiptoo.mar267@vg-eval.test;+212 639662736;MA;Agadir;2026-02-18T14:19:51Z;active;no;;;MARRAKECH;
CT-996554;David Elidrissi;z202@vg-eval.test;0712000000;ZZ;City;2026-02-01;active;true
CT-000763;Fatima Tazi;ann.alaoui.kil16619@vg-eval.test;+212 657250216;MA;Agadir;2026-03-02T07:36:25Z;active;yes;;;MARRAKECH;
CT-000274;Fatima Elidrissi;salma.pretorius.kil67750@vg-eval.test;+212 618456750;MA;Agadir;2026-03-10T19:00:54Z;active;no;;;MARRAKECH;
CT-000151;Layla Bennani;sarah.elidrissi.kil283@vg-eval.test;+212 634867646;MA;Rabat;2026-02-23T06:20:56Z;active;no;;;MARRAKECH;
CT-000194;Omar Elidrissi;thandi.naidoo.mar194@vg-eval.test;+212 680811344;MA;Agadir;2026-02-03T09:26:13Z;active;yes;;;MARRAKECH;
CT-000262;Salma Tazi;lucy.alaoui.kil11491@vg-eval.test;+212 639127083;MA;Agadir;2026-01-20T03:38:06Z;active;yes;;;MARRAKECH;
CT-000250;Omar Elidrissi;sarah.haddad.mar250@vg-eval.test;+212 668464616;MA;Marrakech;2026-01-31T05:50:22Z;active;0;;;MARRAKECH;
CT-000120;Salma Zahra;johan.njoroge.mar120@vg-eval.test;+212 609939574;MA;Meknes;2026-01-22T15:52:48Z;active;false;;;MARRAKECH;
CT-000640;Layla Tazi;yassine.naidoo.mar640@vg-eval.test;+212 680447317;MA;Rabat;2026-04-05T01:58:22Z;active;true;;;MARRAKECH;
CT-000293;Omar Tazi;daniel.kimani.mar293@vg-eval.test;+212 689592199;MA;Fes;2026-02-24T00:38:02Z;active;1;;;MARRAKECH;
CT-000127;Fatima Haddad;johan.cheruiyot.mar127@vg-eval.test;+212 694428078;MA;Oujda;2026-01-28T08:08:47Z;active;0;;;MARRAKECH;
CT-000238;Layla Haddad;mercy.mokoena.mar238@vg-eval.test;+212 650932038;MA;Marrakech;2026-04-11T07:02:56Z;active;yes;;;MARRAKECH;
CT-000703;Rachid Zahra;amina.njoroge.mar703@vg-eval.test;+212 692695282;MA;Marrakech;2026-01-12T12:53:56Z;active;no;;;MARRAKECH;
CT-000718;Rachid Zahra;diana.vermeulen.kil51211@vg-eval.test;+212 618797980;MA;Agadir;2026-01-20T23:12:17Z;active;yes;;;MARRAKECH;
CT-000265;Omar Bennani;joan.njoroge.mar265@vg-eval.test;+212 603785626;MA;Tanger;2026-04-04T05:02:32Z;active;true;;;MARRAKECH;
CT-000255;Layla Haddad;kevin.pretorius.mar255@vg-eval.test;+212 603574203;MA;Rabat;2026-01-10T00:31:54Z;active;1;;;MARRAKECH;
CT-000590;Fatima Elidrissi;fatima.naidoo.mar590@vg-eval.test;+212 671174317;MA;Fes;2026-01-13T14:06:50Z;active;TRUE;;;MARRAKECH;
CT-000595;Layla Zahra;ruth.mokoena.mar595@vg-eval.test;+212 607973111;MA;Fes;2026-03-22T22:31:10Z;active;no;;;MARRAKECH;
CT-000734;Rachid Zahra;mercy.bennani.kil66433@vg-eval.test;+212 638323634;MA;Casablanca;2026-01-10T05:30:30Z;active;yes;;;MARRAKECH;
CT-000822;Fatima Bennani;paul.zahra.mar822@vg-eval.test;+212 626088548;MA;Rabat;2026-01-14T13:15:12Z;active;Y;;;MARRAKECH;
CT-000790;Omar Benali;amina.nkosi.mar790@vg-eval.test;+212 628387430;MA;Agadir;2026-04-09T03:40:58Z;active;FALSE;;;MARRAKECH;
CT-000391;Rachid Haddad;george.njoroge.mar391@vg-eval.test;+212 677847283;MA;Agadir;2026-02-10T19:58:32Z;active;no;;;MARRAKECH;
CT-000295;Youssef Benali;johan.odhiambo.kil635@vg-eval.test;+212 649125686;MA;Agadir;2026-02-19T18:07:02Z;active;0;;;MARRAKECH;
CT-000248;Omar Bennani;caroline.okoth.mar248@vg-eval.test;+212 680578401;MA;Fes;2026-04-17T21:32:47Z;active;true;;;MARRAKECH;
CT-000222;Salma Haddad;lerato.vermeulen.mar222@vg-eval.test;+212 650133193;MA;Fes;2026-03-02T11:00:22Z;active;true;;;MARRAKECH;
CT-000515;Salma Benali;amina.elidrissi.mar515@vg-eval.test;+212 666162060;MA;Meknes;2026-04-07T18:21:03Z;active;true;;;MARRAKECH;
CT-000697;Salma Zahra;david.nkosi.mar697@vg-eval.test;+212 662567300;MA;Casablanca;2026-01-26T11:20:35Z;active;Y;;;MARRAKECH;
CT-000056;Rachid Zahra;faith.mokoena.mar56@vg-eval.test;+212 675597214;MA;Agadir;2026-03-20T17:26:08Z;active;0;;;MARRAKECH;
CT-000757;Omar Bennani;george.achieng.mar757@vg-eval.test;+212 669748648;MA;Fes;2026-01-02T06:33:06Z;active;Y;;;MARRAKECH;
CT-000649;Rachid Tazi;nomsa.wafula.mar649@vg-eval.test;+212 658776945;MA;Agadir;2026-04-01T08:22:36Z;active;yes;;;MARRAKECH;
CT-000290;Salma Benali;john.berrada.kil4322@vg-eval.test;+212 697820863;MA;Marrakech;2026-01-24T06:11:52Z;active;0;;;MARRAKECH;
CT-000080;Fatima Haddad;diana.zahra.mar80@vg-eval.test;+212 625420966;MA;Casablanca;2026-02-10T21:00:36Z;active;yes;;;MARRAKECH;
CT-000286;Omar Benali;michael.odhiambo.mar286@vg-eval.test;+212 686703617;MA;Tanger;2026-03-16T10:51:00Z;active;TRUE;;;MARRAKECH;
CT-000652;Youssef Haddad;david.elidrissi.mar652@vg-eval.test;+212 617382546;MA;Fes;2026-04-16T20:38:03Z;active;0;;;MARRAKECH;
CT-000031;Salma Bennani;fatima.zahra@vg-eval.test;+212 605248324;MA;Rabat;2026-02-07T06:42:25Z;active;Y;;;MARRAKECH;
CT-000580;Omar Bennani;amina.tazi.mar580@vg-eval.test;+212 675335347;MA;Tanger;2026-01-11T09:41:46Z;active;no;;;MARRAKECH;
CT-000726;Rachid Zahra;ruth.mokoena.mar726@vg-eval.test;+212 658253204;MA;Tanger;2026-03-09T19:31:01Z;active;FALSE;;;MARRAKECH;
CT-000626;Rachid Benali;nancy.pretorius.kil40338@vg-eval.test;+212 695463509;MA;Agadir;2026-03-28T01:28:56Z;active;TRUE;;;MARRAKECH;
CT-000636;Rachid Haddad;john.elidrissi.kil65552@vg-eval.test;+212 656873013;MA;Meknes;2026-02-11T11:10:31Z;active;f;;;MARRAKECH;
CT-000138;Fatima Bennani;alice.zahra.mar138@vg-eval.test;+212 698765539;MA;Marrakech;2026-01-26T12:47:26Z;active;yes;;;MARRAKECH;
CT-000856;Youssef Haddad;lucy.bennani.mar856@vg-eval.test;+212 639734359;MA;Tanger;2026-01-04T09:58:17Z;active;1;;;MARRAKECH;
CT-000905;Layla Haddad;mercy.pretorius.mar905@vg-eval.test;+212 605758850;MA;Marrakech;2026-03-04T21:19:01Z;active;0;;;MARRAKECH;
CT-000885;Youssef Zahra;johan.vermeulen.kil65710@vg-eval.test;+212 645677602;MA;Rabat;2026-04-06T19:34:56Z;active;false;;;MARRAKECH;
CT-000586;Rachid Elidrissi;yassine.dlamini.mar586@vg-eval.test;+212 663973481;MA;Casablanca;2026-02-15T02:13:10Z;active;yes;;;MARRAKECH;
CT-000431;Salma Bennani;lucy.nkosi.mar431@vg-eval.test;+212 616712916;MA;Meknes;2026-02-25T22:25:04Z;active;f;;;MARRAKECH;
CT-000784;Rachid Elidrissi;ann.nkosi.kil57031@vg-eval.test;+212 639910794;MA;Oujda;2026-03-22T01:31:46Z;active;false;;;MARRAKECH;
CT-000729;Fatima Bennani;joan.vermeulen.mar729@vg-eval.test;+212 637820926;MA;Fes;2026-03-25T18:34:55Z;active;FALSE;;;MARRAKECH;
CT-000427;Fatima Tazi;dennis.zahra.mar427@vg-eval.test;+212 642986102;MA;Meknes;2026-04-16T18:30:38Z;active;false;;;MARRAKECH;
CT-000606;Salma Benali;peter.okoth.mar606@vg-eval.test;+212 695069779;MA;Agadir;2026-02-08T21:54:59Z;active;no;;;MARRAKECH;
CT-000395;Omar Tazi;karim.otieno.kil8532@vg-eval.test;+212 655424751;MA;Casablanca;2026-01-19T20:13:47Z;active;true;;;MARRAKECH;
CT-000808;Layla Elidrissi;nancy.vermeulen.mar808@vg-eval.test;+212 650664441;MA;Fes;2026-03-11T16:13:14Z;active;f;;;MARRAKECH;
CT-000034;Rachid Elidrissi;rachid.mwangi.mar34@vg-eval.test;+212 649002064;MA;Fes;2026-03-25T15:09:12Z;active;FALSE;;;MARRAKECH;
CT-000104;Fatima Zahra;michael.dlamini.mar104@vg-eval.test;+212 606458443;MA;Casablanca;2026-03-24T01:37:52Z;active;f;;;MARRAKECH;
CT-000109;Rachid Zahra;kevin.berrada.kil35997@vg-eval.test;+212 672191229;MA;Rabat;2026-02-02T15:05:33Z;active;true;;;MARRAKECH;
CT-000350;Layla Tazi;esther.wafula.kil67833@vg-eval.test;+212 647019683;MA;Fes;2026-03-21T05:24:49Z;active;true;;;MARRAKECH;
CT-000772;Layla Zahra;david.njoroge.kil2301@vg-eval.test;+212 682848011;MA;Marrakech;2026-02-05T16:39:44Z;active;no;;;MARRAKECH;
CT-000476;Rachid Bennani;esther.nkosi.mar476@vg-eval.test;+212 636654405;MA;Casablanca;2026-04-02T19:53:43Z;active;true;;;MARRAKECH;
CT-000019;Youssef Elidrissi;yassine.wafula.kil31009@vg-eval.test;+212 647811228;MA;Casablanca;2026-01-27T02:51:20Z;active;1;;;MARRAKECH;
CT-000509;Salma Haddad;michael.wafula.mar509@vg-eval.test;+212 681363587;MA;Fes;2026-02-04T23:06:06Z;active;0;;;MARRAKECH;
CT-000045;Rachid Bennani;isaac.bennani.mar45@vg-eval.test;+212 630577997;MA;Tanger;2026-01-04T17:27:50Z;active;true;;;MARRAKECH;
CT-000299;Salma Bennani;lucy.dlamini.mar299@vg-eval.test;+212 677522727;MA;Marrakech;2026-03-02T12:45:59Z;active;0;;;MARRAKECH;
CT-000368;Omar Haddad;rose.nkosi.mar368@vg-eval.test;+212 673452478;MA;Fes;2026-01-28T02:39:12Z;active;true;;;MARRAKECH;
CT-000853;Rachid Benali;kevin.zahra.mar853@vg-eval.test;+212 672301469;MA;Meknes;2026-02-05T06:03:07Z;active;TRUE;;;MARRAKECH;
CT-948707;Sarah Alaoui;z8004@vg-eval.test;0712000000;ZZ;City;2026-02-01;active;true
CT-000598;Youssef Zahra;isaac.cheruiyot.mar598@vg-eval.test;+212 600561558;MA;Agadir;2026-04-03T16:18:58Z;active;f;;;MARRAKECH;
CT-000041;Layla Haddad;omar.elidrissi@vg-eval.test;+212 602476779;MA;Meknes;2026-04-15T21:18:25Z;active;Y;;;MARRAKECH;
CT-000634;Fatima Zahra;layla.kamau.mar634@vg-eval.test;+212 664590380;MA;Casablanca;2026-02-14T12:18:12Z;active;yes;;;MARRAKECH;
CT-000306;Fatima Elidrissi;grace.haddad.mar306@vg-eval.test;+212 625846230;MA;Tanger;2026-02-11T17:27:58Z;active;false;;;MARRAKECH;
CT-000292;Rachid Elidrissi;simon.wanjiru.mar292@vg-eval.test;+212 637193743;MA;Rabat;2026-04-16T15:26:40Z;active;Y;;;MARRAKECH;
CT-000398;Omar Benali;fatima.zahra.mar398@vg-eval.test;+212 699151366;MA;Fes;2026-01-11T19:44:17Z;active;FALSE;;;MARRAKECH;
CT-000088;Layla Elidrissi;ruth.kamau.mar88@vg-eval.test;+212 657834871;MA;Meknes;2026-01-10T06:10:20Z;active;Y;;;MARRAKECH;
CT-000024;Youssef Haddad;george.berrada.kil13097@vg-eval.test;+212 668127644;MA;Meknes;2026-01-07T04:18:52Z;active;f;;;MARRAKECH;
CT-000316;Youssef Tazi;caroline.otieno.mar316@vg-eval.test;+212 648150385;MA;Rabat;2026-03-02T03:34:25Z;active;0;;;MARRAKECH;
CT-000187;Salma Bennani;ISAAC.NAIDOO.MAR187@VG-EVAL.TEST;+212 659288163;MA;Meknes;2026-04-07T19:08:22Z;active;1;;;MARRAKECH;
CT-000367;Salma Haddad;sipho.njoroge.mar367@vg-eval.test;+212 649221178;MA;Fes;2026-01-24T17:18:59Z;active;0;;;MARRAKECH;
CT-000713;Salma Benali;diana.benali.mar713@vg-eval.test;+212 648052615;MA;Casablanca;2026-03-28T22:50:52Z;active;false;;;MARRAKECH;
CT-000917;Rachid Zahra;esther.achieng.mar917@vg-eval.test;+212 654976377;MA;Rabat;2026-04-16T23:27:08Z;active;false;;;MARRAKECH;
CT-000846;Layla Elidrissi;john.cheruiyot.mar846@vg-eval.test;+212 620536032;MA;Marrakech;2026-04-17T19:31:38Z;active;f;;;MARRAKECH;
CT-000155;Omar Elidrissi;ann.kimani.kil43328@vg-eval.test;+212 672286908;MA;Agadir;2026-02-08T19:45:47Z;active;0;;;MARRAKECH;
CT-000007;Omar Benali;dennis.zahra.mar7@vg-eval.test;+212 628417644;MA;Meknes;2026-03-15T18:52:45Z;active;Y;;;MARRAKECH;
CT-000839;Youssef Haddad;nancy.otieno.mar839@vg-eval.test;+212 666608219;MA;Casablanca;2026-02-07T18:07:29Z;active;yes;;;MARRAKECH;
CT-000751;Fatima Zahra;daniel.elidrissi.mar751@vg-eval.test;+212 612133269;MA;Meknes;2026-04-13T07:17:06Z;active;no;;;MARRAKECH;
CT-000831;Rachid Zahra;dennis.wafula.mar831@vg-eval.test;+212 638369088;MA;Casablanca;2026-02-12T09:05:32Z;active;no;;;MARRAKECH;
CT-000048;Layla Bennani;brian.mokoena.kil43885@vg-eval.test;+212 647099638;MA;Marrakech;2026-01-01T02:59:57Z;active;f;;;MARRAKECH;
CT-000645;Layla Tazi;sarah.njenga.mar645@vg-eval.test;+212 671407227;MA;Meknes;2026-02-25T19:09:26Z;active;TRUE;;;MARRAKECH;
CT-000668;Rachid Bennani;thandi.tazi.kil77334@vg-eval.test;+212 667378285;MA;Casablanca;2026-02-18T22:11:44Z;active;TRUE;;;MARRAKECH;
CT-000215;Rachid Benali;joan.vermeulen.mar215@vg-eval.test;+212 682116028;MA;Tanger;2026-02-18T13:21:16Z;active;TRUE;;;MARRAKECH;
CT-000613;Fatima Bennani;grace.alaoui.mar613@vg-eval.test;+212 609115733;MA;Oujda;2026-03-31T02:13:47Z;active;true;;;MARRAKECH;
CT-000181;Omar Elidrissi;david.haddad.kil36511@vg-eval.test;+212 675612874;MA;Tanger;2026-04-09T05:24:32Z;active;true;;;MARRAKECH;
CT-000038;Rachid Haddad;ann.okoth.kil57297@vg-eval.test;+212 609930719;MA;Fes;2026-01-22T17:31:15Z;active;TRUE;;;MARRAKECH;
CT-000228;Salma Elidrissi;lucy.barasa.mar228@vg-eval.test;+212 616183912;MA;Fes;2026-02-05T02:02:54Z;active;f;;;MARRAKECH;
CT-000027;Omar Benali;salma.dlamini.mar27@vg-eval.test;+212 683396184;MA;Rabat;2026-01-09T07:17:43Z;active;TRUE;;;MARRAKECH;
CT-000187;Salma Bennani;isaac.naidoo.mar187@vg-eval.test;+212 659288163;MA;Meknes;2026-04-07T19:08:22Z;active;1;;;MARRAKECH;
CT-000612;Omar Benali;dennis.odhiambo.mar612@vg-eval.test;+212 677861943;MA;Agadir;2026-02-14T15:44:45Z;active;false;;;MARRAKECH;
CT-000183;Salma Tazi;isaac.kiptoo.mar183@vg-eval.test;+212 609493401;MA;Agadir;2026-03-24T02:26:43Z;active;no;;;MARRAKECH;
CT-000657;Layla Haddad;dennis.naidoo.kil43775@vg-eval.test;+212 692028405;MA;Casablanca;2026-01-28T17:17:24Z;active;f;;;MARRAKECH;
CT-000788;Layla Zahra;james.naidoo.mar788@vg-eval.test;+212 600402651;MA;Fes;2026-02-23T01:19:48Z;active;false;;;MARRAKECH;
CT-000105;Omar Bennani;peter.benali.mar105@vg-eval.test;+212 639620877;MA;Casablanca;2026-03-23T16:01:27Z;active;Y;;;MARRAKECH;
CT-000256;Omar Elidrissi;kevin.alaoui.mar256@vg-eval.test;+212 664421511;MA;Rabat;2026-02-20T04:02:49Z;active;TRUE;;;MARRAKECH;
CT-000115;Omar Tazi;diana.njenga.mar115@vg-eval.test;+212 657160060;MA;Oujda;2026-01-26T14:22:42Z;active;0;;;MARRAKECH;
CT-000702;Salma Benali;victor.odhiambo.mar702@vg-eval.test;+212 699657625;MA;Marrakech;2026-02-06T15:00:41Z;active;TRUE;;;MARRAKECH;
CT-000851;Layla Tazi;james.fassi.mar851@vg-eval.test;+212 694783078;MA;Rabat;2026-03-16T11:20:27Z;active;TRUE;;;MARRAKECH;
CT-000146;Salma Benali;lucy.achieng.mar146@vg-eval.test;+212 603997843;MA;Meknes;2026-01-02T15:25:51Z;active;false;;;MARRAKECH;
CT-000618;Youssef Elidrissi;johan.mokoena.mar618@vg-eval.test;+212 696588869;MA;Fes;2026-04-12T15:30:52Z;active;false;;;MARRAKECH;
CT-000736;Youssef Elidrissi;pieter.naidoo.kil12352@vg-eval.test;+212 690989955;MA;Casablanca;2026-03-10T22:37:31Z;active;no;;;MARRAKECH;
CT-000567;Rachid Elidrissi;faith.okoth.mar567@vg-eval.test;+212 684694930;MA;Casablanca;2026-04-16T08:38:53Z;active;0;;;MARRAKECH;
CT-000178;Salma Benali;zanele.fassi.mar178@vg-eval.test;+212 679713110;MA;Meknes;2026-01-24T01:11:25Z;active;0;;;MARRAKECH;
CT-000812;Salma Bennani;rose.odhiambo.mar812@vg-eval.test;+212 623159443;MA;Tanger;2026-04-13T21:44:17Z;active;FALSE;;;MARRAKECH;
CT-000576;Youssef Bennani;caroline.mutua.mar576@vg-eval.test;+212 680061109;MA;Tanger;2026-02-21T09:38:56Z;active;0;;;MARRAKECH;
CT-000689;Layla Tazi;salma.otieno.kil70310@vg-eval.test;+212 693859816;MA;Fes;2026-02-15T19:45:47Z;active;0;;;MARRAKECH;
CT-000094;Layla Benali;mercy.bennani.mar94@vg-eval.test;+212 630821001;MA;Meknes;2026-01-30T18:41:32Z;active;false;;;MARRAKECH;
CT-000182;Youssef Tazi;rose.njenga.kil20785@vg-eval.test;+212 677084237;MA;Marrakech;2026-03-25T16:47:23Z;active;TRUE;;;MARRAKECH;
CT-000266;Layla Tazi;sipho.haddad.kil45292@vg-eval.test;+212 636574444;MA;Tanger;2026-03-06T04:13:11Z;active;yes;;;MARRAKECH;
CT-000123;Salma Tazi;michael.kiptoo.mar123@vg-eval.test;+212 694328122;MA;Rabat;2026-02-14T18:16:17Z;active;TRUE;;;MARRAKECH;
CT-000435;Layla Elidrissi;david.wanjiru.kil58228@vg-eval.test;+212 662685652;MA;Fes;2026-02-15T19:30:15Z;active;FALSE;;;MARRAKECH;
CT-000906;Fatima Benali;nancy.kimani.mar906@vg-eval.test;+212 677191803;MA;Oujda;2026-01-30T08:56:09Z;active;0;;;MARRAKECH;
CT-000495;Youssef Elidrissi;thandi.barasa.mar495@vg-eval.test;+212 685472946;MA;Casablanca;2026-02-10T08:45:45Z;active;false;;;MARRAKECH;
CT-000883;Fatima Zahra;amina.wanjiru.kil70185@vg-eval.test;+212 659755486;MA;Agadir;2026-03-20T17:44:09Z;active;1;;;MARRAKECH;
CT-000861;Layla Tazi;david.odhiambo.mar861@vg-eval.test;+212 667213251;MA;Fes;2026-01-19T12:08:31Z;active;true;;;MARRAKECH;
CT-000170;Salma Tazi;mary.nkosi.mar170@vg-eval.test;+212 625677008;MA;Fes;2026-04-07T08:26:34Z;active;no;;;MARRAKECH;
CT-000651;Rachid Elidrissi;mary.bennani.kil51162@vg-eval.test;+212 658168482;MA;Fes;2026-04-09T20:05:41Z;active;false;;;MARRAKECH;
CT-000143;Omar Elidrissi;samuel.naidoo.kil67353@vg-eval.test;+212 665596445;MA;Oujda;2026-02-20T06:55:22Z;active;false;;;MARRAKECH;
CT-000306;Fatima Elidrissi;GRACE.HADDAD.MAR306@VG-EVAL.TEST;+212 625846230;MA;Tanger;2026-02-11T17:27:58Z;active;false;;;MARRAKECH;
CT-000232;Youssef Elidrissi;faith.nkosi.mar232@vg-eval.test;+212 634312373;MA;Casablanca;2026-01-15T17:18:58Z;active;f;;;MARRAKECH;
CT-000452;Fatima Bennani;karim.wanjiru.mar452@vg-eval.test;+212 689006627;MA;Fes;2026-01-03T21:39:09Z;active;false;;;MARRAKECH;
CT-000165;Rachid Haddad;michael.fassi.kil45160@vg-eval.test;+212 676328682;MA;Oujda;2026-02-06T09:18:03Z;active;no;;;MARRAKECH;
CT-000417;Youssef Benali;rose.nkosi.mar417@vg-eval.test;+212 673641627;MA;Marrakech;2026-04-17T16:01:35Z;active;false;;;MARRAKECH;
CT-000536;Salma Elidrissi;victor.benali.mar536@vg-eval.test;+212 664062138;MA;Casablanca;2026-01-23T09:22:34Z;active;f;;;MARRAKECH;
CT-000781;Youssef Haddad;esther.fassi.mar781@vg-eval.test;+212 688486743;MA;Meknes;2026-03-04T21:35:23Z;active;f;;;MARRAKECH;
CT-000610;Salma Elidrissi;alice.wanjiru.mar610@vg-eval.test;+212 650110843;MA;Fes;2026-04-04T08:45:57Z;active;f;;;MARRAKECH;
CT-000641;Fatima Tazi;kevin.tazi.mar641@vg-eval.test;+212 642351983;MA;Rabat;2026-03-05T07:53:12Z;active;true;;;MARRAKECH;
CT-000573;Youssef Haddad;sarah.otieno.kil54068@vg-eval.test;+212 681551984;MA;Tanger;2026-02-06T12:29:29Z;active;f;;;MARRAKECH;
CT-000323;Rachid Haddad;karim.wafula.mar323@vg-eval.test;+212 690291900;MA;Agadir;2026-02-11T10:10:09Z;active;no;;;MARRAKECH;
CT-000234;Rachid Tazi;kevin.cheruiyot.kil55537@vg-eval.test;+212 621713083;MA;Meknes;2026-01-02T18:20:17Z;active;yes;;;MARRAKECH;
CT-000139;Salma Zahra;rachid.otieno.kil58892@vg-eval.test;+212 654445726;MA;Marrakech;2026-02-18T07:22:30Z;active;1;;;MARRAKECH;
CT-000426;Salma Benali;ruth.benali.mar426@vg-eval.test;+212 606908971;MA;Fes;2026-01-04T21:00:17Z;active;TRUE;;;MARRAKECH;
CT-000826;Salma Haddad;nancy.achieng.mar826@vg-eval.test;+212 603810676;MA;Tanger;2026-01-07T16:58:50Z;active;false;;;MARRAKECH;
CT-000053;Youssef Elidrissi;fatima.haddad.mar53@vg-eval.test;+212 661209266;MA;Fes;2026-01-27T14:53:21Z;active;false;;;MARRAKECH;
CT-000548;Omar Tazi;sarah.pretorius.mar548@vg-eval.test;+212 636111936;MA;Meknes;2026-01-30T00:27:33Z;active;true;;;MARRAKECH;
CT-000511;Layla Zahra;simon.cheruiyot.kil50612@vg-eval.test;+212 677382309;MA;Tanger;2026-04-05T02:36:16Z;active;f;;;MARRAKECH;
CT-000305;Youssef Benali;salma.wafula.mar305@vg-eval.test;+212 636363419;MA;Casablanca;2026-02-18T07:03:25Z;active;false;;;MARRAKECH;
CT-000872;Youssef Benali;david.zahra.mar872@vg-eval.test;+212 612644476;MA;Oujda;2026-04-14T20:29:52Z;active;f;;;MARRAKECH;
CT-000532;Youssef Tazi;yassine.dlamini.mar532@vg-eval.test;+212 666559340;MA;Marrakech;2026-02-16T02:27:02Z;active;1;;;MARRAKECH;
CT-000918;Salma Tazi;thandi.wafula.mar918@vg-eval.test;+212 644884902;MA;Meknes;2026-02-14T19:00:02Z;active;false;;;MARRAKECH;

CT-000457;Omar Bennani;lerato.bennani.mar457@vg-eval.test;+212 672232788;MA;Marrakech;2026-02-22T08:25:17Z;active;TRUE;;;MARRAKECH;
CT-000841;Rachid Elidrissi;sipho.bennani.kil37145@vg-eval.test;+212 692546812;MA;Oujda;2026-03-04T18:52:59Z;active;Y;;;MARRAKECH;
CT-000642;Youssef Bennani;mercy.berrada.kil44006@vg-eval.test;+212 667440065;MA;Rabat;2026-03-11T20:18:58Z;active;0;;;MARRAKECH;
CT-000783;Youssef Tazi;fatima.zahra.mar783@vg-eval.test;+212 661604042;MA;Tanger;2026-03-11T16:46:45Z;active;Y;;;MARRAKECH;
CT-000672;Layla Elidrissi;diana.njoroge.mar672@vg-eval.test;+212 659166680;MA;Agadir;2026-03-29T16:57:35Z;active;f;;;MARRAKECH;
CT-000302;Youssef Tazi;salma.nkosi.mar302@vg-eval.test;+212 669497931;MA;Tanger;2026-02-04T14:47:14Z;active;Y;;;MARRAKECH;
CT-000002;Omar Bennani;samuel.kiptoo.mar2@vg-eval.test;+212 663077234;MA;Meknes;2026-03-19T01:29:03Z;active;TRUE;;;MARRAKECH;
CT-000587;Rachid Elidrissi;nancy.alaoui.mar587@vg-eval.test;+212 680813280;MA;Casablanca;2026-02-09T01:01:38Z;active;true;;;MARRAKECH;
CT-000496;Salma Zahra;john.kimani.mar496@vg-eval.test;+212 639647010;MA;Rabat;2026-02-17T10:15:42Z;active;false;;;MARRAKECH;
CT-000324;Omar Tazi;james.benali.kil71008@vg-eval.test;+212 628677872;MA;Rabat;2026-03-20T16:39:11Z;active;true;;;MARRAKECH;
CT-000548;Omar Tazi;sarah.pretorius.mar548@vg-eval.test;+212 636111936;MA;Meknes;2026-01-30T00:27:33Z;active;true;;;MARRAKECH;
CT-000258;Youssef Tazi;salma.alaoui.mar258@vg-eval.test;+212 601889563;MA;Tanger;2026-03-11T08:05:48Z;active;f;;;MARRAKECH;
CT-000205;Salma Zahra;nomsa.tazi.mar205@vg-eval.test;+212 606852677;MA;Agadir;2026-01-24T06:30:57Z;active;no;;;MARRAKECH;
CT-000687;Fatima Benali;amina.kamau.mar687@vg-eval.test;+212 698425333;MA;Casablanca;2026-03-01T21:35:26Z;active;f;;;MARRAKECH;
CT-000438;Fatima Bennani;brian.odhiambo.mar438@vg-eval.test;+212 641366440;MA;Casablanca;2026-03-23T01:22:30Z;active;yes;;;MARRAKECH;
CT-000823;Youssef Zahra;samuel.okoth.mar823@vg-eval.test;+212 637249730;MA;Fes;2026-01-29T14:14:02Z;active;FALSE;;;MARRAKECH;
CT-000309;Layla Elidrissi;rachid.barasa.mar309@vg-eval.test;+212 671178771;MA;Casablanca;2026-04-09T20:29:18Z;active;no;;;MARRAKECH;
CT-000837;Fatima Haddad;joan.vermeulen.kil6182@vg-eval.test;+212 665642964;MA;Marrakech;2026-03-13T10:52:26Z;active;yes;;;MARRAKECH;
CT-000200;Youssef Benali;layla.benali.mar200@vg-eval.test;+212 653818503;MA;Oujda;2026-03-10T00:57:37Z;active;FALSE;;;MARRAKECH;
CT-000249;Salma Tazi;karim.nkosi.mar249@vg-eval.test;+212 608600552;MA;Oujda;2026-02-05T11:19:26Z;active;FALSE;;;MARRAKECH;
CT-000217;Layla Bennani;daniel.achieng.kil46417@vg-eval.test;+212 636779514;MA;Fes;2026-04-04T12:42:58Z;active;1;;;MARRAKECH;
CT-000797;Rachid Elidrissi;layla.dlamini.mar797@vg-eval.test;+212 656175807;MA;Casablanca;2026-04-08T05:07:56Z;active;TRUE;;;MARRAKECH;
CT-000888;Youssef Bennani;brian.benali.kil13079@vg-eval.test;+212 669542105;MA;Fes;2026-04-05T12:17:14Z;active;0;;;MARRAKECH;
CT-000132;Omar Elidrissi;paul.kamau.mar132@vg-eval.test;+212 636549299;MA;Casablanca;2026-04-08T17:00:51Z;active;FALSE;;;MARRAKECH;
CT-000505;Layla Elidrissi;isaac.nkosi.mar505@vg-eval.test;+212 633591979;MA;Rabat;2026-01-19T11:19:43Z;active;TRUE;;;MARRAKECH;
CT-000589;Youssef Benali;omar.kimani.mar589@vg-eval.test;+212 679394428;MA;Casablanca;2026-02-10T20:58:43Z;active;no;;;MARRAKECH;
CT-000900;Youssef Zahra;amina.wanjiru.mar900@vg-eval.test;+212 646900508;MA;Fes;2026-01-29T22:12:56Z;active;0;;;MARRAKECH;
CT-000665;Fatima Haddad;lucy.achieng.mar665@vg-eval.test;+212 615999450;MA;Rabat;2026-04-07T12:02:06Z;active;true;;;MARRAKECH;
CT-000381;Salma Elidrissi;thandi.naidoo.mar381@vg-eval.test;+212 609895796;MA;Rabat;2026-03-06T14:24:42Z;active;true;;;MARRAKECH;
CT-000373;Fatima Zahra;diana.kiptoo.kil70160@vg-eval.test;+212 634646739;MA;Meknes;2026-02-20T19:08:54Z;active;yes;;;MARRAKECH;
CT-967488;Simon Mutua;w7142@vg-eval.test;0712000000;ZZ;City;2026-02-01

CT-000593;Omar Bennani;lucy.achieng.mar593@vg-eval.test;+212 696083368;MA;Oujda;2026-02-19T22:28:24Z;active;1;;;MARRAKECH;
CT-000022;Layla Bennani;david.achieng.mar22@vg-eval.test;+212 669910227;MA;Fes;2026-04-13T00:56:41Z;active;1;;;MARRAKECH;
CT-000886;Omar Haddad;thandi.berrada.mar886@vg-eval.test;+212 674021986;MA;Tanger;2026-03-21T09:44:22Z;active;f;;;MARRAKECH;
CT-000485;Fatima Elidrissi;kevin.barasa.mar485@vg-eval.test;+212 638756591;MA;Oujda;2026-03-11T20:07:52Z;active;TRUE;;;MARRAKECH;
CT-000904;Rachid Bennani;rachid.achieng.kil29926@vg-eval.test;+212 694151761;MA;Marrakech;2026-01-10T01:03:38Z;active;no;;;MARRAKECH;
CT-000406;Layla Zahra;samuel.tazi.kil7901@vg-eval.test;+212 688146642;MA;Tanger;2026-02-07T11:57:16Z;active;true;;;MARRAKECH;
CT-000497;Layla Bennani;thandi.benali.mar497@vg-eval.test;+212 613732081;MA;Agadir;2026-03-12T22:35:08Z;active;Y;;;MARRAKECH;
CT-000441;Rachid Bennani;layla.njenga.mar441@vg-eval.test;+212 617775250;MA;Rabat;2026-01-29T00:37:53Z;active;1;;;MARRAKECH;
CT-000828;Salma Zahra;yassine.njoroge.mar828@vg-eval.test;+212 685495441;MA;Marrakech;2026-01-16T14:48:59Z;active;FALSE;;;MARRAKECH;
CT-000158;Youssef Zahra;rose.wanjiru.mar158@vg-eval.test;+212 677043970;MA;Rabat;2026-02-12T17:36:19Z;active;Y;;;MARRAKECH;
CT-000650;Rachid Zahra;pieter.benali.mar650@vg-eval.test;+212 623729742;MA;Oujda;2026-01-20T23:31:55Z;active;yes;;;MARRAKECH;
CT-974403;Victor Achieng;z9069@vg-eval.test;0712000000;ZZ;City;2026-02-01;active;true
CT-000796;Youssef Haddad;john.wanjiru.mar796@vg-eval.test;+212 644908495;MA;Meknes;2026-03-06T12:05:55Z;active;f;;;MARRAKECH;
CT-000242;Rachid Elidrissi;mercy.kiptoo.mar242@vg-eval.test;+212 670753125;MA;Agadir;2026-04-12T05:06:19Z;active;FALSE;;;MARRAKECH;
CT-000607;Youssef Benali;ruth.zahra.mar607@vg-eval.test;+212 656811890;MA;Meknes;2026-03-31T10:07:27Z;active;false;;;MARRAKECH;
CT-000579;Youssef Benali;kevin.alaoui.mar579@vg-eval.test;+212 607364055;MA;Meknes;2026-03-07T08:37:52Z;active;TRUE;;;MARRAKECH;
CT-000394;Rachid Zahra;victor.wanjiru.mar394@vg-eval.test;+212 613668247;MA;Oujda;2026-01-13T21:58:02Z;active;yes;;;MARRAKECH;
CT-000211;Rachid Elidrissi;samuel.otieno@vg-eval.test;+212 669857439;MA;Tanger;2026-02-18T06:22:54Z;active;TRUE;;;MARRAKECH;
CT-000814;Youssef Zahra;lucy.njenga.mar814@vg-eval.test;+212 692138506;MA;Rabat;2026-01-24T17:54:10Z;active;yes;;;MARRAKECH;
CT-000208;Omar Elidrissi;james.naidoo.mar208@vg-eval.test;+212 643895097;MA;Marrakech;2026-02-08T10:03:53Z;active;true;;;MARRAKECH;
CT-000815;Fatima Haddad;ruth.kimani.mar815@vg-eval.test;+212 649995305;MA;Oujda;2026-03-24T21:07:30Z;active;0;;;MARRAKECH;
CT-000066;Salma Benali;esther.fassi.kil55726@vg-eval.test;+212 667836980;MA;Agadir;2026-01-15T09:41:36Z;active;TRUE;;;MARRAKECH;
CT-000321;Youssef Haddad;simon.mwangi.mar321@vg-eval.test;+212 686108302;MA;Oujda;2026-01-11T00:02:26Z;active;no;;;MARRAKECH;
CT-000549;Fatima Bennani;rose.alaoui.mar549@vg-eval.test;+212 640626175;MA;Rabat;2026-03-09T11:50:39Z;active;false;;;MARRAKECH;
CT-987658;Johan Kimani;z4@vg-eval.test;0712000000;ZZ;City;2026-02-01;active;true
CT-000275;Rachid Benali;zanele.okoth.mar275@vg-eval.test;+212 678429781;MA;Marrakech;2026-01-01T09:55:05Z;active;Y;;;MARRAKECH;
CT-000235;Salma Haddad;karim.njenga.mar235@vg-eval.test;+212 615951923;MA;Tanger;2026-01-26T00:47:03Z;active;0;;;MARRAKECH;
CT-000191;Youssef Benali;joan.barasa.mar191@vg-eval.test;+212 616864375;MA;Marrakech;2026-01-30T04:39:42Z;active;no;;;MARRAKECH;
CT-949922;Dennis Bennani;z2732@vg-eval.test;0712000000;ZZ;City;2026-02-01;active;true
CT-000189;Layla Elidrissi;fatima.elidrissi.mar189@vg-eval.test;+212 688517295;MA;Casablanca;2026-03-06T06:51:22Z;active;TRUE;;;MARRAKECH;
CT-000912;Youssef Bennani;zanele.benali.mar912@vg-eval.test;+212 679857193;MA;Oujda;2026-03-11T23:52:50Z;active;yes;;;MARRAKECH;
CT-000090;Layla Zahra;nomsa.cheruiyot.kil46143@vg-eval.test;+212 667421161;MA;Tanger;2026-01-31T04:48:08Z;active;FALSE;;;MARRAKECH;
CT-000370;Fatima Bennani;faith.berrada.mar370@vg-eval.test;+212 671660851;MA;Fes;2026-03-12T14:19:00Z;active;1;;;MARRAKECH;
CT-000047;Fatima Benali;kevin.kimani.mar47@vg-eval.test;+212 690963152;MA;Rabat;2026-04-05T05:18:06Z;active;1;;;MARRAKECH;
CT-000359;Layla Bennani;sarah.cheruiyot.mar359@vg-eval.test;+212 672648605;MA;Meknes;2026-02-27T12:30:43Z;active;no;;;MARRAKECH;
CT-000413;Omar Benali;fatima.zahra.kil4430@vg-eval.test;+212 691787696;MA;Oujda;2026-03-31T13:53:48Z;active;no;;;MARRAKECH;
CT-000011;Omar Tazi;amina.njoroge.mar11@vg-eval.test;+212 659763238;MA;Casablanca;2026-03-15T13:04:31Z;active;no;;;MARRAKECH;
CT-000353;Salma Elidrissi;alice.fassi.mar353@vg-eval.test;+212 684434785;MA;Meknes;2026-04-11T09:40:14Z;active;Y;;;MARRAKECH;
CT-000887;Youssef Zahra;isaac.vermeulen.mar887@vg-eval.test;+212 607675621;MA;Fes;2026-01-06T15:44:57Z;active;false;;;MARRAKECH;
CT-000044;Omar Tazi;joan.mutua.mar44@vg-eval.test;+212 671205174;MA;Agadir;2026-02-14T17:59:04Z;active;f;;;MARRAKECH;
CT-000660;Rachid Elidrissi;fatima.vermeulen.kil55662@vg-eval.test;+212 644935592;MA;Meknes;2026-01-27T13:51:23Z;active;false;;;MARRAKECH;
CT-000337;Fatima Haddad;amina.naidoo.kil76088@vg-eval.test;+212 645441125;MA;Fes;2026-01-28T01:37:38Z;active;no;;;MARRAKECH;
CT-000461;Salma Elidrissi;yassine.nkosi.mar461@vg-eval.test;+212 623210910;MA;Casablanca;2026-02-18T13:50:54Z;active;f;;;MARRAKECH;
CT-000032;Salma Zahra;rachid.dlamini.mar32@vg-eval.test;+212 659303452;MA;Rabat;2026-02-19T20:53:23Z;active;1;;;MARRAKECH;
CT-000507;Youssef Bennani;pieter.wanjiru.mar507@vg-eval.test;+212 683170432;MA;Casablanca;2026-01-16T03:36:58Z;active;Y;;;MARRAKECH;
CT-984948;Daniel Kamau;z510@vg-eval.test;0712000000;ZZ;City;2026-02-01;active;true
CT-000277;Rachid Benali;david.zahra.mar277@vg-eval.test;+212 652102734;MA;Tanger;2026-03-15T15:56:02Z;active;true;;;MARRAKECH;
CT-000792;Salma Benali;kevin.wafula.mar792@vg-eval.test;+212 608339370;MA;Casablanca;2026-01-14T01:35:23Z;active;f;;;MARRAKECH;
CT-000529;Layla Elidrissi;omar.elidrissi.mar529@vg-eval.test;+212 688902641;MA;Agadir;2026-01-12T06:46:14Z;active;yes;;;MARRAKECH;
CT-000664;Omar Zahra;diana.zahra.mar664@vg-eval.test;+212 681222830;MA;Fes;2026-03-06T02:24:33Z;active;TRUE;;;MARRAKECH;
CT-000236;Layla Bennani;grace.okoth.mar236@vg-eval.test;+212 666172027;MA;Tanger;2026-03-27T08:47:29Z;active;f;;;MARRAKECH;
CT-000750;Omar Zahra;dennis.nkosi.mar750@vg-eval.test;+212 675638594;MA;Tanger;2026-02-07T21:59:59Z;active;FALSE;;;MARRAKECH;
CT-000721;Fatima Benali;lucy.odhiambo.mar721@vg-eval.test;+212 684743478;MA;Meknes;2026-04-09T18:50:15Z;active;FALSE;;;MARRAKECH;
CT-000247;Rachid Elidrissi;paul.tazi.mar247@vg-eval.test;+212 608110568;MA;Casablanca;2026-02-23T04:00:53Z;active;TRUE;;;MARRAKECH;
CT-000365;Youssef Bennani;joan.bennani.mar365@vg-eval.test;+212 600229867;MA;Rabat;2026-02-01T10:35:34Z;active;false;;;MARRAKECH;
CT-000910;Youssef Bennani;omar.zahra.mar910@vg-eval.test;+212 600898821;MA;Fes;2026-02-21T13:15:05Z;active;FALSE;;;MARRAKECH;
CT-000272;Youssef Tazi;rachid.cheruiyot.mar272@vg-eval.test;+212 683050910;MA;Rabat;2026-01-28T18:07:35Z;active;TRUE;;;MARRAKECH;
CT-000472;Rachid Bennani;thandi.kimani.mar472@vg-eval.test;+212 648377015;MA;Agadir;2026-01-24T04:19:16Z;active;FALSE;;;MARRAKECH;
CT-000175;Salma Elidrissi;john.naidoo.mar175@vg-eval.test;+212 681010240;MA;Agadir;2026-03-22T17:36:58Z;active;f;;;MARRAKECH;
CT-000653;Fatima Elidrissi;diana.bennani.mar653@vg-eval.test;+212 664666944;MA;Marrakech;2026-02-13T19:28:43Z;active;1;;;MARRAKECH;
CT-000845;Youssef Haddad;sarah.njoroge.mar845@vg-eval.test;+212 661971300;MA;Meknes;2026-02-28T05:00:52Z;active;f;;;MARRAKECH;
CT-000108;Fatima Zahra;caroline.njenga.kil27099@vg-eval.test;+212 664680405;MA;Tanger;2026-01-02T11:36:45Z;active;false;;;MARRAKECH;
CT-000490;Layla Tazi;omar.bennani.kil5766@vg-eval.test;+212 615348097;MA;Marrakech;2026-01-21T14:13:18Z;active;FALSE;;;MARRAKECH;
CT-000738;Fatima Benali;ruth.alaoui.kil11932@vg-eval.test;+212 606040153;MA;Tanger;2026-01-17T23:52:25Z;active;false;;;MARRAKECH;
CT-000389;Salma Tazi;george.fassi.mar389@vg-eval.test;+212 676148683;MA;Oujda;2026-04-09T12:22:19Z;active;false;;;MARRAKECH;
CT-000107;Layla Elidrissi;james.wanjiru.mar107@vg-eval.test;+212 658361091;MA;Rabat;2026-01-16T19:25:01Z;active;false;;;MARRAKECH;
CT-000570;Salma Bennani;david.bennani.kil68144@vg-eval.test;+212 650273091;MA;Meknes;2026-01-09T22:33:14Z;active;f;;;MARRAKECH;
CT-000516;Rachid Haddad;ruth.kamau.kil29385@vg-eval.test;+212 606121380;MA;Fes;2026-02-24T09:26:03Z;active;false;;;MARRAKECH;
CT-000357;Rachid Bennani;omar.wafula.mar357@vg-eval.test;+212 675397274;MA;Meknes;2026-03-21T00:16:30Z;active;FALSE;;;MARRAKECH;
CT-000160;Youssef Tazi;thandi.odhiambo.mar160@vg-eval.test;+212 674060684;MA;Tanger;2026-02-26T21:35:43Z;active;TRUE;;;MARRAKECH;
CT-000141;Rachid Bennani;nancy.nkosi.mar141@vg-eval.test;+212 637660774;MA;Casablanca;2026-02-27T07:56:32Z;active;f;;;MARRAKECH;
CT-000855;Omar Bennani;layla.njenga.kil6969@vg-eval.test;+212 620092634;MA;Fes;2026-03-21T11:41:29Z;active;no;;;MARRAKECH;
CT-000554;Layla Benali;karim.bennani.mar554@vg-eval.test;+212 633996923;MA;Marrakech;2026-03-16T08:06:18Z;active;no;;;MARRAKECH;
CT-000880;Omar Bennani;karim.nkosi.mar880@vg-eval.test;+212 630671826;MA;Oujda;2026-02-13T10:27:35Z;active;0;;;MARRAKECH;
CT-000572;Youssef Zahra;joan.mutua.mar572@vg-eval.test;+212 632732919;MA;Oujda;2026-03-09T07:15:47Z;active;f;;;MARRAKECH;
CT-000087;Rachid Bennani;faith.njoroge.mar87@vg-eval.test;+212 635053017;MA;Marrakech;2026-01-23T13:07:53Z;active;f;;;MARRAKECH;
CT-000504;Youssef Tazi;james.fassi.mar504@vg-eval.test;+212 627445981;MA;Fes;2026-01-06T16:05:15Z;active;f;;;MARRAKECH;
CT-000818;Salma Zahra;nancy.naidoo.mar818@vg-eval.test;+212 651296377;MA;Rabat;2026-02-17T18:45:32Z;active;true;;;MARRAKECH;
CT-000308;Rachid Benali;mercy.cheruiyot.mar308@vg-eval.test;+212 682837558;MA;Rabat;2026-04-12T02:52:56Z;active;FALSE;;;MARRAKECH;
CT-000054;Youssef Zahra;john.fassi.mar54@vg-eval.test;+212 631605215;MA;Casablanca;2026-02-20T07:41:33Z;active;no;;;MARRAKECH;
CT-000706;Omar Benali;diana.haddad.mar706@vg-eval.test;+212 657095873;MA;Meknes;2026-01-31T18:55:47Z;active;FALSE;;;MARRAKECH;
CT-000480;Salma Benali;simon.wanjiru.kil20824@vg-eval.test;+212 667759142;MA;Fes;2026-03-13T19:28:48Z;active;TRUE;;;MARRAKECH;
CT-000077;Layla Bennani;pieter.kamau.mar77@vg-eval.test;+212 672840726;MA;Meknes;2026-04-06T20:20:54Z;active;no;;;MARRAKECH;
CT-000460;Youssef Elidrissi;sipho.wanjiru.kil60353@vg-eval.test;+212 633561067;MA;Casablanca;2026-03-25T08:48:17Z;active;1;;;MARRAKECH;
CT-000768;Salma Elidrissi;george.elidrissi.mar768@vg-eval.test;+212 665982620;MA;Casablanca;2026-02-03T21:32:23Z;active;yes;;;MARRAKECH;
CT-000701;Youssef Benali;grace.mwangi.mar701@vg-eval.test;+212 630960071;MA;Oujda;2026-04-17T03:56:07Z;active;Y;;;MARRAKECH;
CT-000318;Salma Bennani;paul.fassi.mar318@vg-eval.test;+212 626985653;MA;Agadir;2026-03-28T03:57:18Z;active;false;;;MARRAKECH;
CT-000436;Youssef Zahra;fatima.kimani.mar436@vg-eval.test;+212 620656538;MA;Marrakech;2026-03-05T04:47:31Z;active;1;;;MARRAKECH;
CT-000326;Youssef Bennani;nomsa.odhiambo.kil27528@vg-eval.test;+212 609130731;MA;Meknes;2026-04-01T02:51:26Z;active;1;;;MARRAKECH;
CT-000616;Youssef Zahra;karim.mokoena.mar616@vg-eval.test;+212 607651725;MA;Fes;2026-04-04T05:18:21Z;active;0;;;MARRAKECH;
CT-000680;Youssef Elidrissi;caroline.mutua.mar680@vg-eval.test;+212 652435441;MA;Marrakech;2026-03-05T02:43:05Z;active;f;;;MARRAKECH;
CT-000743;Layla Elidrissi;joan.zahra.mar743@vg-eval.test;+212 646232772;MA;Agadir;2026-04-14T13:43:07Z;active;false;;;MARRAKECH;
CT-000449;Layla Bennani;joan.achieng.kil39415@vg-eval.test;+212 689626429;MA;Agadir;2026-01-28T06:44:46Z;active;false;;;MARRAKECH;
CT-000565;Rachid Tazi;diana.mwangi.mar565@vg-eval.test;+212 655167655;MA;Tanger;2026-03-06T14:03:26Z;active;no;;;MARRAKECH;
CT-000744;Youssef Zahra;caroline.dlamini.kil9374@vg-eval.test;+212 602945306;MA;Casablanca;2026-04-12T22:30:51Z;active;yes;;;MARRAKECH;
CT-000798;Fatima Elidrissi;dennis.kimani.mar798@vg-eval.test;+212 685813409;MA;Meknes;2026-03-30T00:33:54Z;active;1;;;MARRAKECH;
CT-000564;Salma Tazi;simon.njoroge.mar564@vg-eval.test;+212 685509699;MA;Marrakech;2026-03-05T20:17:20Z;active;FALSE;;;MARRAKECH;
CT-000270;Salma Tazi;isaac.elidrissi.mar270@vg-eval.test;+212 699275421;MA;Oujda;2026-01-15T19:32:53Z;active;yes;;;MARRAKECH;
CT-000322;Youssef Zahra;ruth.kamau.mar322@vg-eval.test;+212 620330436;MA;Meknes;2026-04-13T13:21:15Z;active;Y;;;MARRAKECH;
CT-000488;Fatima Haddad;caroline.njenga.kil5438@vg-eval.test;+212 607890168;MA;Fes;2026-01-29T10:40:32Z;active;Y;;;MARRAKECH;
CT-000709;Fatima Benali;ann.barasa.mar709@vg-eval.test;+212 668435943;MA;Agadir;2026-03-11T20:26:05Z;active;0;;;MARRAKECH;
CT-000421;Salma Zahra;yassine.bennani.kil47330@vg-eval.test;+212 684178100;MA;Casablanca;2026-04-16T23:19:04Z;active;f;;;MARRAKECH;
CT-000785;Fatima Benali;amina.mwangi.mar785@vg-eval.test;+212 623667166;MA;Fes;2026-02-07T08:07:04Z;active;0;;;MARRAKECH;
CT-000154;Rachid Bennani;karim.fassi.mar154@vg-eval.test;+212 636712104;MA;Fes;2026-03-24T16:45:18Z;active;0;;;MARRAKECH;
CT-000847;Youssef Zahra;lucy.njenga.mar847@vg-eval.test;+212 671434205;MA;Tanger;2026-02-09T10:09:30Z;active;true;;;MARRAKECH;
CT-000226;Rachid Tazi;diana.alaoui.mar226@vg-eval.test;+212 673358091;MA;Rabat;2026-01-01T08:43:52Z;active;0;;;MARRAKECH;
CT-000424;Rachid Bennani;ann.dlamini.mar424@vg-eval.test;+212 626081489;MA;Agadir;2026-03-17T07:38:03Z;active;f;;;MARRAKECH;
CT-000547;Layla Zahra;mary.njoroge.mar547@vg-eval.test;+212 665818653;MA;Casablanca;2026-01-19T10:33:47Z;active;no;;;MARRAKECH;
CT-000264;Youssef Haddad;david.wafula.kil73169@vg-eval.test;+212 694158751;MA;Fes;2026-02-01T00:35:58Z;active;no;;;MARRAKECH;
CT-000035;Omar Elidrissi;layla.kamau.mar35@vg-eval.test;+212 631213678;MA;Casablanca;2026-04-11T06:43:46Z;active;FALSE;;;MARRAKECH;
CT-000366;Layla Benali;joan.otieno.mar366@vg-eval.test;+212 652612724;MA;Rabat;2026-02-11T18:47:48Z;active;true;;;MARRAKECH;
CT-000220;Youssef Haddad;caroline.benali.mar220@vg-eval.test;+212 623081954;MA;Fes;2026-02-24T12:11:22Z;active;Y;;;MARRAKECH;
CT-000111;Fatima Zahra;john.fassi.mar111@vg-eval.test;+212 621360570;MA;Oujda;2026-02-21T01:06:48Z;active;f;;;MARRAKECH;
CT-000541;Youssef Haddad;alice.bennani.mar541@vg-eval.test;+212 605602399;MA;Rabat;2026-03-13T06:58:47Z;active;f;;;MARRAKECH;
CT-000352;Layla Zahra;amina.kamau.mar352@vg-eval.test;+212 656201380;MA;Oujda;2026-03-31T18:31:02Z;active;1;;;MARRAKECH;
CT-000673;Layla Elidrissi;diana.njenga.mar673@vg-eval.test;+212 671835118;MA;Meknes;2026-02-10T08:33:42Z;active;FALSE;;;MARRAKECH;
CT-000261;Salma Zahra;rachid.mokoena.mar261@vg-eval.test;+212 667837657;MA;Rabat;2026-03-02T23:30:20Z;active;1;;;MARRAKECH;
CT-000465;Salma Bennani;rose.berrada.kil35423@vg-eval.test;+212 698424102;MA;Meknes;2026-01-02T16:46:00Z;active;true;;;MARRAKECH;
CT-000800;Salma Haddad;dennis.njoroge.kil45571@vg-eval.test;+212 657413065;MA;Tanger;2026-03-24T08:33:10Z;active;Y;;;MARRAKECH;
CT-000779;Omar Haddad;nancy.kimani.mar779@vg-eval.test;+212 680291593;MA;Rabat;2026-02-14T22:40:10Z;active;true;;;MARRAKECH;
CT-000218;Omar Benali;caroline.njoroge.mar218@vg-eval.test;+212 629332512;MA;Tanger;2026-03-20T20:01:57Z;active;FALSE;;;MARRAKECH;
CT-000827;Rachid Zahra;brian.odhiambo.mar827@vg-eval.test;+212 653207392;MA;Agadir;2026-03-19T05:14:04Z;active;1;;;MARRAKECH;
CT-000384;Rachid Haddad;isaac.berrada.mar384@vg-eval.test;+212 653283923;MA;Casablanca;2026-03-31T17:04:36Z;active;FALSE;;;MARRAKECH;
CT-000159;Layla Elidrissi;thandi.zahra.mar159@vg-eval.test;+212 661119725;MA;Oujda;2026-02-23T23:44:30Z;active;yes;;;MARRAKECH;
CT-000251;Omar Haddad;johan.njoroge.kil46170@vg-eval.test;+212 610108421;MA;Tanger;2026-03-04T01:30:56Z;active;yes;;;MARRAKECH;
CT-000177;Rachid Benali;amina.haddad.mar177@vg-eval.test;+212 641409711;MA;Fes;2026-02-18T07:16:35Z;active;no;;;MARRAKECH;
CT-000098;Omar Benali;george.alaoui.mar98@vg-eval.test;+212 696646170;MA;Agadir;2026-01-22T15:44:56Z;active;Y;;;MARRAKECH;
CT-000470;Youssef Haddad;rose.pretorius.mar470@vg-eval.test;+212 653403848;MA;Tanger;2026-03-03T10:25:32Z;active;0;;;MARRAKECH;
CT-000188;Layla Tazi;johan.mutua.kil24061@vg-eval.test;+212 619013299;MA;Casablanca;2026-02-18T12:13:32Z;active;FALSE;;;MARRAKECH;
CT-000382;Youssef Elidrissi;samuel.bennani.mar382@vg-eval.test;+212 654327585;MA;Rabat;2026-02-25T18:20:56Z;active;false;;;MARRAKECH;
CT-000297;Fatima Bennani;paul.alaoui.mar297@vg-eval.test;+212 676106817;MA;Oujda;2026-02-26T18:38:46Z;active;yes;;;MARRAKECH;
CT-000909;Salma Tazi;peter.njenga.kil54683@vg-eval.test;+212 624191964;MA;Agadir;2026-03-27T08:00:25Z;active;f;;;MARRAKECH;
CT-000253;Layla Benali;fatima.zahra.mar253@vg-eval.test;+212 660728846;MA;Casablanca;2026-03-31T20:08:18Z;active;true;;;MARRAKECH;
CT-000746;Youssef Zahra;alice.kimani.mar746@vg-eval.test;+212 659074930;MA;Fes;2026-01-26T10:22:18Z;active;f;;;MARRAKECH;
CT-000354;Youssef Benali;layla.mutua.kil31673@vg-eval.test;+212 691959360;MA;Fes;2026-03-02T03:33:39Z;active;TRUE;;;MARRAKECH;
CT-000458;Layla Haddad;pieter.wafula.mar458@vg-eval.test;+212 696193385;MA;Oujda;2026-04-05T00:57:18Z;active;true;;;MARRAKECH;
CT-000630;Salma Haddad;alice.vermeulen.mar630@vg-eval.test;+212 631692942;MA;Fes;2026-02-28T05:46:11Z;active;yes;;;MARRAKECH;
CT-000303;Omar Haddad;peter.berrada.mar303@vg-eval.test;+212 692582524;MA;Casablanca;2026-03-21T04:25:24Z;active;true;;;MARRAKECH;
CT-000675;Youssef Elidrissi;george.barasa.mar675@vg-eval.test;+212 687248251;MA;Meknes;2026-03-31T10:40:58Z;active;1;;;MARRAKECH;
CT-000134;Fatima Zahra;omar.okoth.mar134@vg-eval.test;+212 659528182;MA;Tanger;2026-01-03T09:20:47Z;active;yes;;;MARRAKECH;
CT-000517;Youssef Bennani;esther.wanjiru.mar517@vg-eval.test;+212 618008165;MA;Oujda;2026-02-23T08:23:03Z;active;FALSE;;;MARRAKECH;
CT-000501;Fatima Bennani;faith.fassi.mar501@vg-eval.test;+212 650961583;MA;Tanger;2026-02-04T17:44:47Z;active;f;;;MARRAKECH;
CT-000715;Youssef Elidrissi;esther.bennani.kil50063@vg-eval.test;+212 610791679;MA;Marrakech;2026-04-13T11:39:56Z;active;FALSE;;;MARRAKECH;
CT-000591;Layla Bennani;lerato.kimani.kil72589@vg-eval.test;+212 688890824;MA;Meknes;2026-02-16T16:45:08Z;active;true;;;MARRAKECH;
CT-000074;Youssef Haddad;samuel.tazi.mar74@vg-eval.test;+212 645810190;MA;Casablanca;2026-01-31T10:55:34Z;active;Y;;;MARRAKECH;
CT-000410;Fatima Benali;pieter.wanjiru.mar410@vg-eval.test;+212 646323064;MA;Meknes;2026-03-29T22:12:01Z;active;f;;;MARRAKECH;
CT-000889;Youssef Zahra;johan.mokoena.mar889@vg-eval.test;+212 601015961;MA;Rabat;2026-03-23T04:34:56Z;active;yes;;;MARRAKECH;
CT-000728;Omar Bennani;simon.mokoena.mar728@vg-eval.test;+212 614154120;MA;Rabat;2026-02-09T08:15:42Z;active;f;;;MARRAKECH;
CT-000133;Salma Bennani;sipho.fassi.mar133@vg-eval.test;+212 603811066;MA;Agadir;2026-03-13T04:48:46Z;active;TRUE;;;MARRAKECH;
CT-000416;Fatima Bennani;grace.alaoui.mar416@vg-eval.test;+212 640991817;MA;Casablanca;2026-01-11T23:07:02Z;active;yes;;;MARRAKECH;
CT-000733;Layla Zahra;lerato.pretorius.mar733@vg-eval.test;+212 697159181;MA;Oujda;2026-01-10T08:28:13Z;active;0;;;MARRAKECH;
CT-000195;Salma Tazi;salma.kiptoo.mar195@vg-eval.test;+212 658964333;MA;Casablanca;2026-03-25T16:43:35Z;active;TRUE;;;MARRAKECH;
CT-000017;Salma Tazi;daniel.elidrissi.mar17@vg-eval.test;+212 696015416;MA;Meknes;2026-03-07T10:28:40Z;active;true;;;MARRAKECH;
CT-000724;Fatima Elidrissi;paul.njoroge.mar724@vg-eval.test;+212 631009224;MA;Casablanca;2026-02-17T23:07:31Z;active;TRUE;;;MARRAKECH;
CT-000546;Youssef Tazi;diana.mutua.mar546@vg-eval.test;+212 609023227;MA;Tanger;2026-01-18T09:22:39Z;active;yes;;;MARRAKECH;
CT-000223;Rachid Bennani;salma.berrada.mar223@vg-eval.test;+212 607653462;MA;Marrakech;2026-01-27T16:26:09Z;active;f;;;MARRAKECH;
CT-000614;Fatima Zahra;amina.naidoo.mar614@vg-eval.test;+212 631332263;MA;Oujda;2026-01-16T04:57:41Z;active;true;;;MARRAKECH;
CT-000469;Youssef Bennani;paul.fassi.mar469@vg-eval.test;+212 662265611;MA;Rabat;2026-01-10T09:35:51Z;active;FALSE;;;MARRAKECH;
CT-000313;Salma Tazi;daniel.odhiambo.kil29778@vg-eval.test;+212 664555383;MA;Tanger;2026-01-27T23:06:24Z;active;false;;;MARRAKECH;
CT-000677;Rachid Elidrissi;zanele.tazi.mar677@vg-eval.test;+212 643942855;MA;Agadir;2026-02-15T09:29:23Z;active;no;;;MARRAKECH;
CT-000896;Omar Haddad;sarah.njenga.mar896@vg-eval.test;+212 656785180;MA;Tanger;2026-02-15T12:05:40Z;active;FALSE;;;MARRAKECH;
CT-000399;Layla Bennani;daniel.cheruiyot.mar399@vg-eval.test;+212 657402050;MA;Casablanca;2026-03-13T05:53:14Z;active;false;;;MARRAKECH;
CT-000073;Rachid Zahra;victor.kamau.mar73@vg-eval.test;+212 608267436;MA;Oujda;2026-03-30T08:57:25Z;active;no;;;MARRAKECH;
CT-000690;Fatima Bennani;alice.kiptoo.mar690@vg-eval.test;+212 651506202;MA;Meknes;2026-01-30T01:16:57Z;active;FALSE;;;MARRAKECH;
CT-000432;Omar Tazi;michael.njenga.mar432@vg-eval.test;+212 617104640;MA;Tanger;2026-02-03T08:00:25Z;active;false;;;MARRAKECH;
CT-000203;Rachid Elidrissi;pieter.cheruiyot.mar203@vg-eval.test;+212 639245563;MA;Tanger;2026-03-20T05:46:50Z;active;0;;;MARRAKECH;
CT-000891;Omar Bennani;rose.elidrissi.mar891@vg-eval.test;+212 617257710;MA;Oujda;2026-02-05T20:15:25Z;active;Y;;;MARRAKECH;
CT-000816;Youssef Zahra;paul.zahra.mar816@vg-eval.test;+212 663844106;MA;Meknes;2026-03-15T11:07:50Z;active;yes;;;MARRAKECH;
CT-000420;Fatima Benali;john.nkosi.mar420@vg-eval.test;+212 681281735;MA;Meknes;2026-01-17T15:05:58Z;active;TRUE;;;MARRAKECH;
CT-000085;Layla Tazi;brian.fassi.mar85@vg-eval.test;+212 611656826;MA;Oujda;2026-01-28T07:47:08Z;active;0;;;MARRAKECH;
CT-000913;Fatima Tazi;nancy.mwangi.mar913@vg-eval.test;+212 601055817;MA;Agadir;2026-03-21T20:09:45Z;active;f;;;MARRAKECH;
CT-000506;Youssef Elidrissi;dennis.barasa.mar506@vg-eval.test;+212 678965822;MA;Marrakech;2026-01-20T14:25:29Z;active;no;;;MARRAKECH;
CT-000479;Layla Haddad;grace.alaoui.kil63916@vg-eval.test;+212 685350844;MA;Rabat;2026-03-19T05:12:57Z;active;TRUE;;;MARRAKECH;
CT-000658;Layla Zahra;pieter.wanjiru.mar658@vg-eval.test;+212 689417515;MA;Agadir;2026-02-23T15:59:00Z;active;TRUE;;;MARRAKECH;
CT-000631;Youssef Tazi;paul.nkosi.mar631@vg-eval.test;+212 698288672;MA;Rabat;2026-01-07T02:38:14Z;active;yes;;;MARRAKECH;
CT-000821;Salma Zahra;james.pretorius.kil58787@vg-eval.test;+212 651721955;MA;Marrakech;2026-03-25T17:46:57Z;active;Y;;;MARRAKECH;
CT-000902;Youssef Tazi;simon.benali.mar902@vg-eval.test;+212 613352513;MA;Tanger;2026-01-28T16:51:18Z;active;Y;;;MARRAKECH;
CT-000407;Omar Tazi;johan.naidoo.mar407@vg-eval.test;+212 639315917;MA;Marrakech;2026-03-31T19:15:44Z;active;FALSE;;;MARRAKECH;
CT-000659;Omar Tazi;joan.wanjiru.kil27253@vg-eval.test;+212 628207057;MA;Agadir;2026-02-13T10:07:42Z;active;true;;;MARRAKECH;
CT-000637;Fatima Bennani;ann.cheruiyot.kil38646@vg-eval.test;+212 620042189;MA;Marrakech;2026-03-20T11:09:16Z;active;true;;;MARRAKECH;
CT-000776;Layla Bennani;lerato.pretorius.mar776@vg-eval.test;+212 653891849;MA;Rabat;2026-01-07T01:20:38Z;active;false;;;MARRAKECH;
CT-000095;Youssef Haddad;esther.bennani.mar95@vg-eval.test;+212 610884212;MA;Rabat;2026-01-02T18:05:14Z;active;false;;;MARRAKECH;
CT-000176;Layla Elidrissi;omar.haddad.kil15004@vg-eval.test;+212 615680203;MA;Meknes;2026-03-05T08:54:42Z;active;TRUE;;;MARRAKECH;
CT-000682;Youssef Tazi;esther.kiptoo.mar682@vg-eval.test;+212 678584133;MA;Casablanca;2026-03-29T17:01:11Z;active;TRUE;;;MARRAKECH;
CT-000319;Salma Bennani;paul.haddad.mar319@vg-eval.test;+212 685832612;MA;Rabat;2026-01-24T19:05:47Z;active;false;;;MARRAKECH;
CT-903294;Paul Otieno;z4608@vg-eval.test;0712000000;ZZ;City;2026-02-01;active;true
CT-000557;Layla Bennani;thandi.okoth.mar557@vg-eval.test;+212 624690192;MA;Meknes;2026-04-16T05:09:40Z;active;yes;;;MARRAKECH;
CT-000455;Youssef Benali;yassine.njoroge.mar455@vg-eval.test;+212 673075203;MA;Agadir;2026-01-20T05:49:25Z;active;Y;;;MARRAKECH;
CT-000271;Layla Benali;joan.pretorius.kil31471@vg-eval.test;+212 643511182;MA;Oujda;2026-03-23T09:48:50Z;active;1;;;MARRAKECH;
CT-000594;Salma Tazi;alice.vermeulen.mar594@vg-eval.test;+212 618824817;MA;Rabat;2026-02-02T16:49:59Z;active;TRUE;;;MARRAKECH;
CT-000156;Layla Tazi;pieter.barasa.mar156@vg-eval.test;+212 618466425;MA;Marrakech;2026-03-28T18:06:18Z;active;TRUE;;;MARRAKECH;
CT-000317;Salma Benali;rachid.wafula.mar317@vg-eval.test;+212 641121084;MA;Casablanca;2026-01-05T11:37:58Z;active;true;;;MARRAKECH;
CT-000437;Youssef Benali;alice.njoroge.mar437@vg-eval.test;+212 651960973;MA;Meknes;2026-03-30T07:16:51Z;active;false;;;MARRAKECH;
CT-000858;Layla Zahra;diana.fassi.kil59929@vg-eval.test;+212 697246446;MA;Casablanca;2026-02-23T21:23:55Z;active;f;;;MARRAKECH;
CT-000584;Rachid Elidrissi;pieter.fassi.mar584@vg-eval.test;+212 600369726;MA;Casablanca;2026-04-12T21:51:25Z;active;no;;;MARRAKECH;
CT-000462;Layla Elidrissi;thandi.dlamini.mar462@vg-eval.test;+212 687727384;MA;Oujda;2026-02-17T19:04:30Z;active;0;;;MARRAKECH;
CT-000246;Fatima Bennani;ann.dlamini.mar246@vg-eval.test;+212 636403654;MA;Casablanca;2026-02-12T16:11:42Z;active;yes;;;MARRAKECH;
CT-000296;Omar Tazi;daniel.mwangi.kil54755@vg-eval.test;+212 658764921;MA;Agadir;2026-03-08T01:58:25Z;active;f;;;MARRAKECH;
CT-000263;Youssef Benali;simon.haddad.mar263@vg-eval.test;+212 630472036;MA;Marrakech;2026-03-21T20:23:29Z;active;1;;;MARRAKECH;
CT-000825;Fatima Haddad;sarah.naidoo.mar825@vg-eval.test;+212 635763597;MA;Fes;2026-03-25T23:01:49Z;active;yes;;;MARRAKECH;
CT-000492;Rachid Elidrissi;rachid.zahra.mar492@vg-eval.test;+212 655536703;MA;Meknes;2026-01-19T18:03:41Z;active;false;;;MARRAKECH;
CT-000169;Omar Bennani;victor.kimani.mar169@vg-eval.test;+212 651026930;MA;Casablanca;2026-04-12T16:03:22Z;active;true;;;MARRAKECH;
CT-000131;Layla Benali;mary.bennani.kil37528@vg-eval.test;+212 664916592;MA;Casablanca;2026-01-18T06:59:42Z;active;yes;;;MARRAKECH;
CT-000347;Youssef Tazi;daniel.bennani.mar347@vg-eval.test;+212 689561453;MA;Rabat;2026-03-22T13:06:49Z;active;1;;;MARRAKECH;
CT-000099;Rachid Benali;george.njenga.mar99@vg-eval.test;+212 607890808;MA;Oujda;2026-03-12T17:53:16Z;active;0;;;MARRAKECH;
CT-000739;Salma Haddad;david.pretorius.mar739@vg-eval.test;+212 616169783;MA;Casablanca;2026-04-05T21:51:20Z;active;f;;;MARRAKECH;
CT-000144;Fatima Tazi;brian.odhiambo.mar144@vg-eval.test;+212 615406789;MA;Casablanca;2026-04-12T06:25:46Z;active;yes;;;MARRAKECH;
CT-000430;Omar Elidrissi;grace.dlamini.kil17675@vg-eval.test;+212 664413850;MA;Meknes;2026-02-02T21:41:30Z;active;false;;;MARRAKECH;
CT-000832;Salma Tazi;david.benali.mar832@vg-eval.test;+212 632983620;MA;Rabat;2026-03-28T13:31:12Z;active;0;;;MARRAKECH;
CT-000168;Fatima Bennani;paul.achieng.mar168@vg-eval.test;+212 642845937;MA;Fes;2026-03-14T04:30:32Z;active;TRUE;;;MARRAKECH;
CT-000794;Salma Benali;sipho.pretorius.mar794@vg-eval.test;+212 695673525;MA;Meknes;2026-02-03T00:01:58Z;active;true;;;MARRAKECH;
CT-000731;Fatima Zahra;dennis.mutua.kil35210@vg-eval.test;+212 625225953;MA;Oujda;2026-01-23T10:21:30Z;active;false;;;MARRAKECH;
CT-000737;Layla Haddad;kevin.mwangi.mar737@vg-eval.test;+212 676937630;MA;Fes;2026-02-24T15:48:59Z;active;Y;;;MARRAKECH;
CT-000674;Youssef Tazi;sipho.alaoui.mar674@vg-eval.test;+212 693883898;MA;Rabat;2026-01-03T20:49:45Z;active;no;;;MARRAKECH;
CT-000568;Rachid Tazi;nancy.nkosi.mar568@vg-eval.test;+212 689648628;MA;Meknes;2026-03-24T06:57:44Z;active;1;;;MARRAKECH;
CT-000287;Youssef Bennani;nomsa.alaoui.mar287@vg-eval.test;+212 673238624;MA;Agadir;2026-01-10T08:06:42Z;active;no;;;MARRAKECH;
CT-000028;Salma Tazi;faith.tazi.mar28@vg-eval.test;+212 670178300;MA;Marrakech;2026-02-07T08:47:20Z;active;FALSE;;;MARRAKECH;
CT-000569;Fatima Zahra;sarah.tazi.mar569@vg-eval.test;+212 667403087;MA;Rabat;2026-01-23T03:54:48Z;active;FALSE;;;MARRAKECH;
CT-952846;James Okoth;w9590@vg-eval.test;0712000000;ZZ;City;2026-02-01
CT-000150;Youssef Haddad;diana.haddad.kil35522@vg-eval.test;+212 626479392;MA;Agadir;2026-03-23T02:38:58Z;active;Y;;;MARRAKECH;
CT-000625;Youssef Elidrissi;johan.fassi.mar625@vg-eval.test;+212 632508712;MA;Fes;2026-01-23T13:53:55Z;active;Y;;;MARRAKECH;
CT-000624;Omar Benali;victor.kiptoo.mar624@vg-eval.test;+212 634825744;MA;Casablanca;2026-01-26T14:25:31Z;active;false;;;MARRAKECH;
CT-000714;Salma Tazi;ruth.kimani.mar714@vg-eval.test;+212 685974093;MA;Casablanca;2026-02-11T02:09:26Z;active;FALSE;;;MARRAKECH;
CT-000025;Rachid Bennani;rachid.bennani.kil33279@vg-eval.test;+212 631074228;MA;Agadir;2026-02-26T15:21:58Z;active;no;;;MARRAKECH;
CT-000644;Salma Haddad;dennis.zahra.mar644@vg-eval.test;+212 621275038;MA;Fes;2026-04-09T17:28:14Z;active;yes;;;MARRAKECH;
CT-000055;Omar Elidrissi;layla.cheruiyot.kil73187@vg-eval.test;+212 603334996;MA;Rabat;2026-01-21T18:00:31Z;active;yes;;;MARRAKECH;
CT-000829;Layla Haddad;mary.mokoena.mar829@vg-eval.test;+212 659507684;MA;Marrakech;2026-02-12T21:42:09Z;active;0;;;MARRAKECH;
CT-000348;Salma Tazi;esther.njoroge.kil54844@vg-eval.test;+212 651473184;MA;Rabat;2026-01-14T00:19:06Z;active;FALSE;;;MARRAKECH;
CT-000801;Rachid Haddad;daniel.benali.mar801@vg-eval.test;+212 657804777;MA;Oujda;2026-03-23T19:47:17Z;active;Y;;;MARRAKECH;
CT-000802;Youssef Tazi;lucy.wanjiru.kil4908@vg-eval.test;+212 684475942;MA;Casablanca;2026-01-15T13:42:47Z;active;1;;;MARRAKECH;
CT-000358;Salma Zahra;fatima.mutua.kil51113@vg-eval.test;+212 674274095;MA;Casablanca;2026-01-12T12:36:53Z;active;Y;;;MARRAKECH;
CT-000140;Layla Tazi;yassine.alaoui.mar140@vg-eval.test;+212 648722848;MA;Oujda;2026-03-10T17:01:32Z;active;false;;;MARRAKECH;
CT-000092;Omar Bennani;sipho.barasa.mar92@vg-eval.test;+212 608756429;MA;Agadir;2026-03-11T08:58:10Z;active;1;;;MARRAKECH;
CT-000030;Fatima Tazi;sarah.barasa.kil9695@vg-eval.test;+212 632762362;MA;Agadir;2026-04-13T20:40:36Z;active;Y;;;MARRAKECH;
CT-000320;Layla Benali;thandi.tazi.mar320@vg-eval.test;+212 693866754;MA;Oujda;2026-02-03T19:50:43Z;active;yes;;;MARRAKECH;
CT-000514;Layla Tazi;brian.barasa.kil40290@vg-eval.test;+212 666066929;MA;Rabat;2026-02-18T07:08:08Z;active;false;;;MARRAKECH;
CT-000770;Fatima Zahra;samuel.achieng.mar770@vg-eval.test;+212 645668355;MA;Agadir;2026-01-21T14:20:16Z;active;false;;;MARRAKECH;
CT-000018;Youssef Elidrissi;zanele.kamau.kil31478@vg-eval.test;+212 667371054;MA;Oujda;2026-02-24T15:41:29Z;active;f;;;MARRAKECH;
CT-000742;Rachid Haddad;kevin.achieng.kil57300@vg-eval.test;+212 643766082;MA;Oujda;2026-01-19T21:06:48Z;active;true;;;MARRAKECH;
CT-000830;Fatima Haddad;salma.kimani.mar830@vg-eval.test;+212 636055759;MA;Oujda;2026-01-08T00:22:31Z;active;1;;;MARRAKECH;
CT-000621;Youssef Elidrissi;kevin.elidrissi.mar621@vg-eval.test;+212 632242644;MA;Casablanca;2026-02-05T00:05:02Z;active;FALSE;;;MARRAKECH;
CT-000467;Fatima Zahra;lerato.naidoo.mar467@vg-eval.test;+212 680239783;MA;Marrakech;2026-01-16T20:42:14Z;active;FALSE;;;MARRAKECH;
CT-000810;Fatima Elidrissi;alice.barasa.kil46397@vg-eval.test;+212 628300070;MA;Tanger;2026-04-07T20:49:29Z;active;no;;;MARRAKECH;
CT-000241;Fatima Tazi;lerato.mwangi.mar241@vg-eval.test;+212 687705603;MA;Rabat;2026-02-08T08:33:11Z;active;Y;;;MARRAKECH;
CT-000412;Layla Benali;mary.kiptoo.mar412@vg-eval.test;+212 694526088;MA;Meknes;2026-01-03T12:16:04Z;active;FALSE;;;MARRAKECH;
CT-000231;Salma Benali;amina.bennani.mar231@vg-eval.test;+212 623527831;MA;Casablanca;2026-03-27T16:07:02Z;active;false;;;MARRAKECH;
CT-000849;Rachid Zahra;james.okoth.kil29449@vg-eval.test;+212 683261055;MA;Oujda;2026-04-15T22:30:59Z;active;1;;;MARRAKECH;
CT-000662;Fatima Tazi;fatima.njenga.mar662@vg-eval.test;+212 614783945;MA;Tanger;2026-03-14T14:29:49Z;active;false;;;MARRAKECH;
CT-000655;Fatima Haddad;caroline.mutua.kil25415@vg-eval.test;+212 645030120;MA;Rabat;2026-01-04T07:11:31Z;active;f;;;MARRAKECH;
CT-000617;Youssef Haddad;mary.benali.mar617@vg-eval.test;+212 667004351;MA;Agadir;2026-02-28T02:16:10Z;active;Y;;;MARRAKECH;
CT-000820;Layla Elidrissi;david.mwangi.mar820@vg-eval.test;+212 616409279;MA;Casablanca;2026-04-02T04:45:57Z;active;no;;;MARRAKECH;
CT-000327;Salma Bennani;rose.kimani.mar327@vg-eval.test;+212 628258661;MA;Oujda;2026-02-04T12:38:18Z;active;no;;;MARRAKECH;
CT-000874;Omar Zahra;sarah.haddad.mar874@vg-eval.test;+212 676730329;MA;Rabat;2026-02-07T07:05:14Z;active;false;;;MARRAKECH;
CT-000525;Salma Haddad;kevin.elidrissi.mar525@vg-eval.test;+212 638503241;MA;Rabat;2026-01-20T11:12:27Z;active;Y;;;MARRAKECH;
CT-943003;Layla Mutua;w2024@vg-eval.test;0712000000;ZZ;City;2026-02-01
CT-000153;Fatima Zahra;alice.barasa.mar153@vg-eval.test;+212 676884564;MA;Rabat;2026-01-15T14:44:24Z;active;FALSE;;;MARRAKECH;
CT-000471;Rachid Bennani;ann.naidoo.mar471@vg-eval.test;+212 631270439;MA;Meknes;2026-01-29T03:00:11Z;active;Y;;;MARRAKECH;
CT-000213;Fatima Elidrissi;nancy.njenga.mar213@vg-eval.test;+212 659877119;MA;Tanger;2026-03-02T16:46:23Z;active;TRUE;;;MARRAKECH;
CT-000003;Fatima Benali;nomsa.achieng.mar3@vg-eval.test;+212 602345962;MA;Oujda;2026-03-05T12:06:37Z;active;Y;;;MARRAKECH;
CT-000474;Fatima Haddad;thandi.okoth.mar474@vg-eval.test;+212 621818750;MA;Marrakech;2026-02-28T09:48:30Z;active;TRUE;;;MARRAKECH;
CT-000473;Salma Bennani;esther.zahra.kil60729@vg-eval.test;+212 639069842;MA;Agadir;2026-03-25T08:49:58Z;active;no;;;MARRAKECH;
CT-000012;Youssef Bennani;pieter.vermeulen.kil16459@vg-eval.test;+212 657947235;MA;Meknes;2026-02-01T07:59:24Z;active;0;;;MARRAKECH;
CT-000875;Salma Benali;yassine.wanjiru.mar875@vg-eval.test;+212 661773237;MA;Tanger;2026-03-28T21:58:06Z;active;f;;;MARRAKECH;
CT-000349;Rachid Zahra;michael.wafula.mar349@vg-eval.test;+212 610212517;MA;Oujda;2026-02-03T11:40:11Z;active;true;;;MARRAKECH;
CT-000097;Omar Tazi;amina.wafula.kil49521@vg-eval.test;+212 606786602;MA;Meknes;2026-03-30T19:00:53Z;active;false;;;MARRAKECH;
CT-000096;Fatima Zahra;ruth.elidrissi.kil26212@vg-eval.test;+212 658195481;MA;Meknes;2026-03-09T05:21:44Z;active;Y;;;MARRAKECH;
CT-000013;Layla Haddad;layla.njenga.mar13@vg-eval.test;+212 663799669;MA;Marrakech;2026-01-22T01:47:23Z;active;1;;;MARRAKECH;
CT-000314;Rachid Benali;sarah.naidoo.mar314@vg-eval.test;+212 601931673;MA;Tanger;2026-03-16T22:26:04Z;active;TRUE;;;MARRAKECH;
CT-000700;Salma Tazi;faith.fassi.mar700@vg-eval.test;+212 689195641;MA;Fes;2026-04-14T22:57:45Z;active;TRUE;;;MARRAKECH;
CT-000388;Salma Elidrissi;nomsa.cheruiyot.mar388@vg-eval.test;+212 648426842;MA;Oujda;2026-01-07T10:27:08Z;active;no;;;MARRAKECH;
CT-000101;Youssef Zahra;brian.dlamini.mar101@vg-eval.test;+212 662020805;MA;Meknes;2026-03-18T20:06:09Z;active;true;;;MARRAKECH;
CT-000466;Youssef Bennani;rose.barasa.mar466@vg-eval.test;+212 682452617;MA;Tanger;2026-03-29T05:35:27Z;active;no;;;MARRAKECH;
CT-000766;Salma Haddad;john.wanjiru.mar766@vg-eval.test;+212 622486929;MA;Fes;2026-03-18T08:07:49Z;active;no;;;MARRAKECH;
CT-000124;Layla Bennani;mary.naidoo.kil25073@vg-eval.test;+212 637764900;MA;Rabat;2026-02-05T17:14:43Z;active;0;;;MARRAKECH;
CT-000164;Layla Benali;salma.berrada.mar164@vg-eval.test;+212 690534116;MA;Fes;2026-01-27T11:16:34Z;active;1;;;MARRAKECH;
CT-000464;Layla Tazi;peter.haddad.mar464@vg-eval.test;+212 693180579;MA;Meknes;2026-03-23T03:31:16Z;active;FALSE;;;MARRAKECH;
CT-000524;Rachid Bennani;zanele.pretorius.mar524@vg-eval.test;+212 640119764;MA;Tanger;2026-01-15T10:06:26Z;active;f;;;MARRAKECH;
CT-000620;Layla Haddad;dennis.benali.kil29049@vg-eval.test;+212 688907616;MA;Agadir;2026-01-29T04:54:18Z;active;true;;;MARRAKECH;
CT-000252;Layla Benali;mary.naidoo.mar252@vg-eval.test;+212 698069530;MA;Meknes;2026-01-14T17:40:11Z;active;1;;;MARRAKECH;
CT-000444;Fatima Benali;michael.okoth.mar444@vg-eval.test;+212 602762132;MA;Fes;2026-01-30T21:04:09Z;active;1;;;MARRAKECH;
CT-000688;Omar Benali;peter.tazi.mar688@vg-eval.test;+212 623246482;MA;Fes;2026-03-14T07:56:21Z;active;false;;;MARRAKECH;
CT-000043;Fatima Tazi;lucy.elidrissi.kil36598@vg-eval.test;+212 694302180;MA;Agadir;2026-01-14T14:11:52Z;active;0;;;MARRAKECH;
CT-000623;Salma Zahra;grace.achieng.kil33789@vg-eval.test;+212 603594920;MA;Tanger;2026-02-27T17:45:58Z;active;f;;;MARRAKECH;
CT-000289;Youssef Zahra;pieter.nkosi.mar289@vg-eval.test;+212 675439398;MA;Tanger;2026-02-19T21:35:41Z;active;true;;;MARRAKECH;
CT-000076;Layla Tazi;mary.benali.kil66453@vg-eval.test;+212 606900775;MA;Meknes;2026-02-10T11:52:13Z;active;f;;;MARRAKECH;
CT-000749;Omar Tazi;grace.bennani.mar749@vg-eval.test;+212 685738616;MA;Oujda;2026-03-27T03:42:16Z;active;FALSE;;;MARRAKECH;
CT-000588;Fatima Zahra;rachid.kamau.mar588@vg-eval.test;+212 609652104;MA;Rabat;2026-01-16T12:46:50Z;active;FALSE;;;MARRAKECH;
CT-000834;Fatima Benali;omar.wanjiru.mar834@vg-eval.test;+212 611638024;MA;Fes;2026-02-27T07:41:05Z;active;0;;;MARRAKECH;
CT-000369;Fatima Haddad;nancy.bennani.mar369@vg-eval.test;+212 690837791;MA;Fes;2026-02-14T22:53:52Z;active;yes;;;MARRAKECH;
CT-000463;Rachid Elidrissi;layla.barasa.mar463@vg-eval.test;+212 673647097;MA;Meknes;2026-02-17T13:34:11Z;active;Y;;;MARRAKECH;
CT-000445;Omar Elidrissi;brian.achieng.kil37325@vg-eval.test;+212 676595548;MA;Agadir;2026-04-07T07:35:05Z;active;FALSE;;;MARRAKECH;
CT-000197;Layla Haddad;isaac.alaoui.mar197@vg-eval.test;+212 626625065;MA;Casablanca;2026-01-23T20:18:27Z;active;1;;;MARRAKECH;
CT-000784;Rachid Elidrissi;ann.nkosi.kil57031@vg-eval.test;+212 639910794;MA;Oujda;2026-03-22T01:31:46Z;active;false;;;MARRAKECH;
CT-000502;Omar Elidrissi;kevin.kamau.mar502@vg-eval.test;+212 654213108;MA;Rabat;2026-01-30T09:51:59Z;active;TRUE;;;MARRAKECH;
CT-000533;Omar Elidrissi;amina.fassi.kil17035@vg-eval.test;+212 649479151;MA;Oujda;2026-04-03T10:24:21Z;active;0;;;MARRAKECH;
CT-000040;Salma Haddad;dennis.mutua.mar40@vg-eval.test;+212 649003446;MA;Casablanca;2026-02-02T14:42:06Z;active;TRUE;;;MARRAKECH;
CT-000603;Omar Benali;fatima.kiptoo.mar603@vg-eval.test;+212 659816722;MA;Agadir;2026-02-25T22:10:26Z;active;Y;;;MARRAKECH;
CT-000340;Fatima Tazi;diana.otieno.mar340@vg-eval.test;+212 640017845;MA;Agadir;2026-02-08T08:19:20Z;active;Y;;;MARRAKECH;
CT-923484;Alice Dlamini;w6040@vg-eval.test;0712000000;ZZ;City;2026-02-01
CT-000341;Rachid Zahra;lerato.dlamini.mar341@vg-eval.test;+212 691233541;MA;Tanger;2026-03-09T19:26:39Z;active;1;;;MARRAKECH;
CT-000279;Fatima Haddad;kevin.mokoena.mar279@vg-eval.test;+212 653261032;MA;Fes;2026-02-13T08:19:28Z;active;false;;;MARRAKECH;
CT-000723;Youssef Bennani;zanele.mokoena.kil15836@vg-eval.test;+212 636507906;MA;Marrakech;2026-04-10T21:49:51Z;active;TRUE;;;MARRAKECH;
CT-000440;Fatima Benali;ruth.cheruiyot.mar440@vg-eval.test;+212 647356707;MA;Meknes;2026-04-11T19:35:17Z;active;0;;;MARRAKECH;
CT-000882;Salma Zahra;sipho.tazi.mar882@vg-eval.test;+212 689893352;MA;Agadir;2026-02-05T20:04:50Z;active;0;;;MARRAKECH;
CT-000361;Rachid Elidrissi;sipho.wanjiru.mar361@vg-eval.test;+212 606722596;MA;Marrakech;2026-02-05T11:42:20Z;active;TRUE;;;MARRAKECH;
CT-000914;Rachid Zahra;alice.odhiambo.mar914@vg-eval.test;+212 607441161;MA;Tanger;2026-03-12T03:57:55Z;active;true;;;MARRAKECH;
CT-000583;Rachid Zahra;alice.dlamini.mar583@vg-eval.test;+212 677694328;MA;Marrakech;2026-03-22T11:06:24Z;active;1;;;MARRAKECH;
CT-000344;Rachid Elidrissi;thandi.fassi.mar344@vg-eval.test;+212 634739530;MA;Fes;2026-01-06T02:35:12Z;active;Y;;;MARRAKECH;
CT-000448;Youssef Haddad;daniel.fassi.mar448@vg-eval.test;+212 678009125;MA;Meknes;2026-02-20T23:23:21Z;active;Y;;;MARRAKECH;
CT-000859;Omar Benali;johan.kimani.mar859@vg-eval.test;+212 625830654;MA;Agadir;2026-01-30T15:09:45Z;active;TRUE;;;MARRAKECH;
CT-000499;Fatima Benali;diana.nkosi.kil34786@vg-eval.test;+212 649519834;MA;Meknes;2026-03-19T16:45:16Z;active;1;;;MARRAKECH;
CT-000057;Youssef Benali;karim.kamau.mar57@vg-eval.test;+212 657913892;MA;Casablanca;2026-02-18T21:45:40Z;active;yes;;;MARRAKECH;
CT-000229;Rachid Haddad;sarah.mokoena.mar229@vg-eval.test;+212 678372346;MA;Meknes;2026-01-02T17:10:18Z;active;no;;;MARRAKECH;
CT-000555;Fatima Benali;karim.pretorius.mar555@vg-eval.test;+212 607130874;MA;Casablanca;2026-02-04T21:09:16Z;active;f;;;MARRAKECH;
CT-000014;Layla Zahra;mercy.tazi.mar14@vg-eval.test;+212 693469811;MA;Tanger;2026-03-06T09:52:31Z;active;true;;;MARRAKECH;
CT-000646;Layla Elidrissi;peter.bennani.kil29139@vg-eval.test;+212 670144297;MA;Oujda;2026-02-13T05:44:06Z;active;0;;;MARRAKECH;
CT-000894;Omar Zahra;john.wafula.mar894@vg-eval.test;+212 664734574;MA;Fes;2026-02-27T21:19:32Z;active;true;;;MARRAKECH;
CT-000067;Omar Bennani;alice.bennani.mar67@vg-eval.test;+212 604368283;MA;Fes;2026-04-15T04:15:03Z;active;TRUE;;;MARRAKECH;
CT-000898;Layla Elidrissi;nomsa.alaoui.kil71818@vg-eval.test;+212 629613904;MA;Fes;2026-01-11T20:01:48Z;active;FALSE;;;MARRAKECH;
CT-000339;Salma Tazi;dennis.berrada.mar339@vg-eval.test;+212 684334488;MA;Marrakech;2026-01-29T10:56:02Z;active;f;;;MARRAKECH;
CT-000179;Layla Haddad;michael.cheruiyot.mar179@vg-eval.test;+212 662112873;MA;Meknes;2026-02-22T10:00:37Z;active;no;;;MARRAKECH;
CT-000075;Rachid Haddad;omar.kimani.kil22450@vg-eval.test;+212 684945495;MA;Oujda;2026-03-29T23:19:35Z;active;no;;;MARRAKECH;
CT-000237;Fatima Bennani;sipho.cheruiyot.mar237@vg-eval.test;+212 689136723;MA;Agadir;2026-01-07T20:34:55Z;active;f;;;MARRAKECH;
CT-000036;Layla Bennani;pieter.kimani.mar36@vg-eval.test;+212 633334891;MA;Casablanca;2026-03-06T18:53:00Z;active;1;;;MARRAKECH;
CT-000060;Omar Zahra;daniel.barasa.mar60@vg-eval.test;+212 686219903;MA;Meknes;2026-03-07T06:53:09Z;active;Y;;;MARRAKECH;
CT-000522;Rachid Elidrissi;kevin.fassi.mar522@vg-eval.test;+212 619565148;MA;Meknes;2026-04-08T07:23:29Z;active;f;;;MARRAKECH;
CT-000259;Omar Zahra;salma.haddad.mar259@vg-eval.test;+212 658013925;MA;Rabat;2026-03-09T15:13:13Z;active;0;;;MARRAKECH;
CT-000707;Rachid Tazi;daniel.njoroge.mar707@vg-eval.test;+212 657260261;MA;Marrakech;2026-02-17T19:26:08Z;active;true;;;MARRAKECH;
CT-000681;Fatima Haddad;nancy.bennani.kil4599@vg-eval.test;+212 668730504;MA;Rabat;2026-02-04T22:58:32Z;active;1;;;MARRAKECH;
CT-000907;Omar Bennani;zanele.kiptoo.mar907@vg-eval.test;+212 610232493;MA;Tanger;2026-01-01T13:06:03Z;active;TRUE;;;MARRAKECH;
CT-000375;Salma Zahra;ann.mutua.mar375@vg-eval.test;+212 602733599;MA;Fes;2026-02-03T11:10:37Z;active;no;;;MARRAKECH;
CT-000328;Rachid Tazi;simon.barasa.mar328@vg-eval.test;+212 690750967;MA;Agadir;2026-02-15T18:12:59Z;active;TRUE;;;MARRAKECH;
CT-000202;Layla Tazi;sipho.kiptoo.kil72270@vg-eval.test;+212 691085319;MA;Oujda;2026-01-20T07:22:27Z;active;yes;;;MARRAKECH;
CT-000171;Youssef Tazi;zanele.otieno.mar171@vg-eval.test;+212 641318683;MA;Tanger;2026-04-08T11:59:25Z;active;yes;;;MARRAKECH;
CT-000807;Rachid Elidrissi;george.vermeulen.mar807@vg-eval.test;+212 649512632;MA;Rabat;2026-02-23T08:04:30Z;active;true;;;MARRAKECH;
CT-000767;Youssef Elidrissi;george.mokoena.mar767@vg-eval.test;+212 645205947;MA;Rabat;2026-01-04T04:45:30Z;active;1;;;MARRAKECH;
CT-000615;Omar Bennani;faith.mutua.mar615@vg-eval.test;+212 665917785;MA;Oujda;2026-04-14T01:07:00Z;active;yes;;;MARRAKECH;
CT-000443;Fatima Tazi;lucy.mutua.mar443@vg-eval.test;+212 601243460;MA;Meknes;2026-02-09T17:02:42Z;active;no;;;MARRAKECH;
CT-000481;Rachid Haddad;esther.kamau.mar481@vg-eval.test;+212 668534659;MA;Rabat;2026-04-08T11:43:31Z;active;true;;;MARRAKECH;
CT-000216;Omar Tazi;joan.benali.kil69242@vg-eval.test;+212 689483256;MA;Oujda;2026-02-01T22:40:33Z;active;FALSE;;;MARRAKECH;
CT-000647;Layla Elidrissi;fatima.njenga.kil25365@vg-eval.test;+212 657183297;MA;Meknes;2026-03-21T05:38:57Z;active;TRUE;;;MARRAKECH;
CT-000392;Youssef Elidrissi;michael.bennani.mar392@vg-eval.test;+212 640582451;MA;Agadir;2026-03-18T16:00:12Z;active;0;;;MARRAKECH;
CT-000494;Fatima Haddad;pieter.elidrissi.mar494@vg-eval.test;+212 656547222;MA;Tanger;2026-02-08T19:30:10Z;active;0;;;MARRAKECH;
CT-000196;Fatima Zahra;james.barasa.mar196@vg-eval.test;+212 647360386;MA;Rabat;2026-03-21T17:47:12Z;active;Y;;;MARRAKECH;
CT-000863;Fatima Benali;mary.njoroge.kil59146@vg-eval.test;+212 698932447;MA;Tanger;2026-02-08T20:15:33Z;active;1;;;MARRAKECH;
CT-000695;Rachid Benali;paul.vermeulen.mar695@vg-eval.test;+212 690603766;MA;Agadir;2026-01-10T18:03:56Z;active;FALSE;;;MARRAKECH;
CT-000409;Omar Benali;karim.naidoo.mar409@vg-eval.test;+212 654014808;MA;Fes;2026-01-28T20:52:02Z;active;1;;;MARRAKECH;
CT-000722;Salma Benali;kevin.haddad.mar722@vg-eval.test;+212 637895803;MA;Casablanca;2026-01-15T07:28:28Z;active;FALSE;;;MARRAKECH;
CT-000108;Fatima Zahra;caroline.njenga.kil27099@vg-eval.test;+212 664680405;MA;Tanger;2026-01-02T11:36:45Z;active;false;;;MARRAKECH;
CT-000609;Rachid Haddad;karim.dlamini.mar609@vg-eval.test;+212 684973498;MA;Rabat;2026-03-26T05:33:07Z;active;f;;;MARRAKECH;
CT-000892;Omar Benali;david.okoth.mar892@vg-eval.test;+212 660619563;MA;Oujda;2026-02-22T00:20:33Z;active;FALSE;;;MARRAKECH;
CT-000877;Omar Zahra;simon.mwangi.mar877@vg-eval.test;+212 654350038;MA;Rabat;2026-02-10T07:01:44Z;active;TRUE;;;MARRAKECH;
CT-000240;Fatima Zahra;victor.haddad.mar240@vg-eval.test;+212 609044267;MA;Marrakech;2026-02-02T14:13:37Z;active;Y;;;MARRAKECH;
CT-000152;Fatima Benali;caroline.zahra.kil16188@vg-eval.test;+212 662681353;MA;Marrakech;2026-03-04T03:18:33Z;active;1;;;MARRAKECH;
CT-000276;Layla Tazi;rachid.njenga.mar276@vg-eval.test;+212 607178313;MA;Tanger;2026-04-06T10:23:30Z;active;FALSE;;;MARRAKECH;
CT-000819;Salma Elidrissi;alice.wafula.mar819@vg-eval.test;+212 641259002;MA;Casablanca;2026-04-15T13:45:55Z;active;true;;;MARRAKECH;
CT-000671;Fatima Bennani;caroline.barasa.mar671@vg-eval.test;+212 628735474;MA;Fes;2026-02-10T20:53:05Z;active;yes;;;MARRAKECH;
CT-000487;Fatima Haddad;rose.okoth.mar487@vg-eval.test;+212 668546988;MA;Fes;2026-01-03T22:36:46Z;active;TRUE;;;MARRAKECH;
CT-000346;Omar Bennani;dennis.njenga.mar346@vg-eval.test;+212 682236262;MA;Oujda;2026-01-17T06:06:22Z;active;0;;;MARRAKECH;
CT-000858;Layla Zahra;diana.fassi.kil59929@vg-eval.test;+212 697246446;MA;Casablanca;2026-02-23T21:23:55Z;active;f;;;MARRAKECH;
CT-000252;Layla Benali;mary.naidoo.mar252@vg-eval.test;+212 698069530;MA;Meknes;2026-01-14T17:40:11Z;active;1;;;MARRAKECH;
CT-000048;Layla Bennani;brian.mokoena.kil43885@vg-eval.test;+212 647099638;MA;Marrakech;2026-01-01T02:59:57Z;active;f;;;MARRAKECH;
CT-000459;Omar Bennani;pieter.naidoo.mar459@vg-eval.test;+212 671788322;MA;Rabat;2026-02-03T10:26:27Z;active;f;;;MARRAKECH;
CT-000552;Fatima Zahra;victor.nkosi.mar552@vg-eval.test;+212 644907420;MA;Marrakech;2026-01-22T03:16:22Z;active;yes;;;MARRAKECH;
CT-000121;Layla Bennani;diana.elidrissi.mar121@vg-eval.test;+212 657434141;MA;Casablanca;2026-04-07T07:30:28Z;active;TRUE;;;MARRAKECH;
CT-000069;Fatima Haddad;karim.tazi.mar69@vg-eval.test;+212 650889716;MA;Meknes;2026-02-13T03:36:22Z;active;true;;;MARRAKECH;
CT-000005;Salma Haddad;layla.elidrissi.mar5@vg-eval.test;+212 600217636;MA;Agadir;2026-03-15T01:43:52Z;active;f;;;MARRAKECH;
CT-000456;Rachid Elidrissi;michael.nkosi.mar456@vg-eval.test;+212 676107432;MA;Oujda;2026-02-10T14:19:55Z;active;FALSE;;;MARRAKECH;
CT-000268;Fatima Zahra;rachid.mokoena.mar268@vg-eval.test;+212 695116310;MA;Tanger;2026-03-30T13:55:59Z;active;Y;;;MARRAKECH;
CT-000685;Salma Benali;mercy.nkosi.kil40579@vg-eval.test;+212 618875660;MA;Oujda;2026-03-28T19:35:17Z;active;false;;;MARRAKECH;
CT-000627;Youssef Benali;layla.barasa.mar627@vg-eval.test;+212 617313862;MA;Tanger;2026-01-22T11:13:51Z;active;false;;;MARRAKECH;
CT-000214;Salma Zahra;paul.mwangi.mar214@vg-eval.test;+212 612170454;MA;Agadir;2026-03-15T20:58:42Z;active;no;;;MARRAKECH;
CT-000879;Youssef Tazi;zanele.elidrissi.mar879@vg-eval.test;+212 623750262;MA;Meknes;2026-01-30T22:04:15Z;active;TRUE;;;MARRAKECH;
CT-000903;Fatima Haddad;caroline.naidoo.mar903@vg-eval.test;+212 608209311;MA;Meknes;2026-03-25T14:56:45Z;active;true;;;MARRAKECH;
CT-000782;Youssef Benali;zanele.fassi.mar782@vg-eval.test;+212 608506107;MA;Oujda;2026-01-30T09:19:56Z;active;f;;;MARRAKECH;
CT-000537;Salma Elidrissi;omar.vermeulen.mar537@vg-eval.test;+212 605374606;MA;Agadir;2026-02-23T00:05:49Z;active;0;;;MARRAKECH;
CT-000278;Youssef Elidrissi;rachid.haddad.mar278@vg-eval.test;+212 646877300;MA;Tanger;2026-03-13T08:42:36Z;active;false;;;MARRAKECH;
CT-000661;Omar Haddad;michael.barasa.mar661@vg-eval.test;+212 681772503;MA;Tanger;2026-02-21T21:34:17Z;active;yes;;;MARRAKECH;
CT-000136;Fatima Zahra;alice.achieng.mar136@vg-eval.test;+212 638929139;MA;Agadir;2026-03-23T13:11:31Z;active;false;;;MARRAKECH;
CT-000513;Layla Tazi;pieter.wafula.mar513@vg-eval.test;+212 622424508;MA;Oujda;2026-02-27T11:47:49Z;active;0;;;MARRAKECH;
CT-000762;Salma Bennani;samuel.mokoena.mar762@vg-eval.test;+212 632478099;MA;Meknes;2026-04-03T03:35:02Z;active;1;;;MARRAKECH;
CT-000876;Layla Haddad;samuel.okoth.mar876@vg-eval.test;+212 665075907;MA;Marrakech;2026-03-08T21:47:58Z;active;f;;;MARRAKECH;
CT-961602;Rose Odhiambo;z198@vg-eval.test;0712000000;ZZ;City;2026-02-01;active;true
CT-000556;Omar Elidrissi;diana.berrada.mar556@vg-eval.test;+212 634988460;MA;Oujda;2026-02-20T04:28:02Z;active;FALSE;;;MARRAKECH;
CT-000854;Youssef Tazi;kevin.pretorius.kil7966@vg-eval.test;+212 616245493;MA;Tanger;2026-03-20T02:01:21Z;active;0;;;MARRAKECH;
CT-000692;Rachid Haddad;victor.mutua.mar692@vg-eval.test;+212 671209931;MA;Marrakech;2026-02-05T10:34:34Z;active;yes;;;MARRAKECH;
CT-000212;Rachid Elidrissi;dennis.kiptoo.mar212@vg-eval.test;+212 643616401;MA;Fes;2026-03-06T11:57:49Z;active;yes;;;MARRAKECH;
CT-000600;Layla Haddad;rose.mutua.mar600@vg-eval.test;+212 658897367;MA;Tanger;2026-02-06T17:07:45Z;active;true;;;MARRAKECH;
CT-000759;Salma Tazi;victor.kamau.mar759@vg-eval.test;+212 683637194;MA;Meknes;2026-03-15T22:12:41Z;active;no;;;MARRAKECH;
CT-000704;Layla Haddad;samuel.kimani.mar704@vg-eval.test;+212 676907145;MA;Tanger;2026-01-15T05:09:33Z;active;no;;;MARRAKECH;
CT-000404;Salma Haddad;daniel.haddad.mar404@vg-eval.test;+212 618043126;MA;Marrakech;2026-02-27T23:58:42Z;active;no;;;MARRAKECH;
CT-000166;Salma Bennani;rachid.haddad.mar166@vg-eval.test;+212 608673595;MA;Oujda;2026-01-19T21:21:28Z;active;true;;;MARRAKECH;
CT-000773;Rachid Tazi;sarah.fassi.mar773@vg-eval.test;+212 606342036;MA;Rabat;2026-01-30T18:27:37Z;active;yes;;;MARRAKECH;
CT-000062;Omar Benali;joan.zahra.mar62@vg-eval.test;+212 644720844;MA;Agadir;2026-01-22T05:16:51Z;active;Y;;;MARRAKECH;
CT-000795;Layla Zahra;mercy.okoth.kil66532@vg-eval.test;+212 642822992;MA;Tanger;2026-04-09T16:22:13Z;active;no;;;MARRAKECH;
CT-000180;Layla Benali;peter.cheruiyot.mar180@vg-eval.test;+212 676906140;MA;Casablanca;2026-01-04T18:04:08Z;active;0;;;MARRAKECH;
CT-000559;Layla Benali;lerato.wafula.mar559@vg-eval.test;+212 669320648;MA;Tanger;2026-03-25T08:12:38Z;active;true;;;MARRAKECH;
CT-000544;Salma Elidrissi;alice.elidrissi.mar544@vg-eval.test;+212 613849799;MA;Agadir;2026-02-22T21:28:05Z;active;1;;;MARRAKECH;
CT-000285;Youssef Elidrissi;ruth.otieno.mar285@vg-eval.test;+212 658241657;MA;Fes;2026-03-10T14:40:11Z;active;f;;;MARRAKECH;
CT-000221;Youssef Elidrissi;grace.mutua@vg-eval.test;+212 654463791;MA;Tanger;2026-03-17T01:31:25Z;active;TRUE;;;MARRAKECH;
CT-000114;Omar Benali;fatima.wanjiru.mar114@vg-eval.test;+212 665119520;MA;Casablanca;2026-01-04T00:28:06Z;active;true;;;MARRAKECH;
CT-000760;Salma Elidrissi;rachid.wafula.mar760@vg-eval.test;+212 626232574;MA;Fes;2026-02-17T09:51:29Z;active;yes;;;MARRAKECH;
CT-000300;Salma Elidrissi;paul.achieng.mar300@vg-eval.test;+212 686880798;MA;Tanger;2026-03-23T03:21:49Z;active;0;;;MARRAKECH;
CT-000081;Fatima Haddad;peter.vermeulen.mar81@vg-eval.test;+212 645009161;MA;Tanger;2026-04-04T02:30:49Z;active;true;;;MARRAKECH;
CT-000789;Rachid Bennani;sipho.tazi.mar789@vg-eval.test;+212 611311404;MA;Meknes;2026-01-27T06:35:51Z;active;FALSE;;;MARRAKECH;
CT-000415;Fatima Elidrissi;lucy.tazi.kil23588@vg-eval.test;+212 600793837;MA;Meknes;2026-01-17T09:00:35Z;active;no;;;MARRAKECH;
CT-000884;Fatima Haddad;kevin.pretorius.mar884@vg-eval.test;+212 654219019;MA;Rabat;2026-01-22T22:13:10Z;active;true;;;MARRAKECH;
CT-000331;Fatima Bennani;kevin.wafula.mar331@vg-eval.test;+212 658016791;MA;Tanger;2026-01-18T02:44:37Z;active;false;;;MARRAKECH;
CT-000663;Rachid Zahra;johan.nkosi.kil67728@vg-eval.test;+212 667015269;MA;Tanger;2026-03-24T07:21:04Z;active;FALSE;;;MARRAKECH;
CT-000315;Omar Zahra;mary.berrada.kil30716@vg-eval.test;+212 646221435;MA;Casablanca;2026-04-10T03:50:18Z;active;FALSE;;;MARRAKECH;
CT-000860;Omar Benali;pieter.nkosi.mar860@vg-eval.test;+212 653291992;MA;Meknes;2026-01-19T23:14:39Z;active;0;;;MARRAKECH;
CT-000065;Layla Tazi;ann.mutua.mar65@vg-eval.test;+212 683230340;MA;Rabat;2026-01-24T10:36:26Z;active;true;;;MARRAKECH;
CT-000601;Youssef Tazi;johan.pretorius.mar601@vg-eval.test;+212 664959507;MA;Fes;2026-01-01T21:36:04Z;active;1;;;MARRAKECH;
CT-000408;Fatima Haddad;caroline.kamau.kil52687@vg-eval.test;+212 635685247;MA;Meknes;2026-02-18T19:44:19Z;active;yes;;;MARRAKECH;
CT-000468;Rachid Elidrissi;yassine.kamau.mar468@vg-eval.test;+212 621920715;MA;Oujda;2026-03-04T10:48:41Z;active;no;;;MARRAKECH;
CT-000454;Omar Haddad;david.naidoo.kil44982@vg-eval.test;+212 648104603;MA;Meknes;2026-02-20T18:51:55Z;active;true;;;MARRAKECH;
CT-000052;Layla Bennani;layla.achieng.mar52@vg-eval.test;+212 643039263;MA;Agadir;2026-02-22T01:46:02Z;active;FALSE;;;MARRAKECH;
CT-000010;Salma Haddad;yassine.zahra.mar10@vg-eval.test;+212 661033810;MA;Tanger;2026-03-18T09:15:21Z;active;1;;;MARRAKECH;
CT-000428;Omar Elidrissi;victor.achieng.mar428@vg-eval.test;+212 653385364;MA;Meknes;2026-02-22T04:24:42Z;active;yes;;;MARRAKECH;
CT-000503;Omar Tazi;rachid.cheruiyot.kil23292@vg-eval.test;+212 656743065;MA;Fes;2026-01-25T02:48:28Z;active;yes;;;MARRAKECH;
CT-000761;Omar Tazi;caroline.odhiambo.mar761@vg-eval.test;+212 615813186;MA;Meknes;2026-03-29T10:02:09Z;active;TRUE;;;MARRAKECH;
CT-000329;Salma Bennani;simon.dlamini.mar329@vg-eval.test;+212 676275696;MA;Meknes;2026-02-11T04:18:13Z;active;TRUE;;;MARRAKECH;
CT-000535;Salma Haddad;joan.naidoo.mar535@vg-eval.test;+212 686712940;MA;Tanger;2026-04-08T07:05:18Z;active;no;;;MARRAKECH;
CT-000414;Salma Elidrissi;amina.wafula.mar414@vg-eval.test;+212 605536536;MA;Marrakech;2026-02-10T01:10:28Z;active;1;;;MARRAKECH;
CT-000561;Salma Tazi;lerato.benali.mar561@vg-eval.test;+212 663662690;MA;Tanger;2026-03-11T22:06:44Z;active;1;;;MARRAKECH;
CT-000915;Salma Elidrissi;victor.elidrissi.mar915@vg-eval.test;+212 606122594;MA;Marrakech;2026-01-22T09:29:46Z;active;1;;;MARRAKECH;
CT-000693;Rachid Haddad;thandi.elidrissi.mar693@vg-eval.test;+212 652831324;MA;Rabat;2026-02-23T06:16:48Z;active;TRUE;;;MARRAKECH;
CT-000520;Layla Benali;samuel.pretorius.mar520@vg-eval.test;+212 606864216;MA;Casablanca;2026-02-16T02:54:51Z;active;FALSE;;;MARRAKECH;
CT-000190;Fatima Elidrissi;faith.nkosi.mar190@vg-eval.test;+212 623849139;MA;Casablanca;2026-03-24T11:07:25Z;active;false;;;MARRAKECH;
CT-000184;Fatima Haddad;johan.kimani.mar184@vg-eval.test;+212 647615997;MA;Tanger;2026-03-07T06:11:53Z;active;true;;;MARRAKECH;
CT-000360;Youssef Elidrissi;samuel.kiptoo.mar360@vg-eval.test;+212 607683058;MA;Oujda;2026-04-11T10:34:42Z;active;no;;;MARRAKECH;
CT-000451;Layla Elidrissi;fatima.cheruiyot.kil25381@vg-eval.test;+212 692548819;MA;Casablanca;2026-02-16T22:46:02Z;active;true;;;MARRAKECH;
CT-000093;Youssef Zahra;layla.wanjiru.mar93@vg-eval.test;+212 667027478;MA;Fes;2026-03-04T13:18:29Z;active;TRUE;;;MARRAKECH;
CT-000752;Youssef Bennani;ruth.wanjiru.mar752@vg-eval.test;+212 609839659;MA;Marrakech;2026-04-08T17:11:52Z;active;FALSE;;;MARRAKECH;
CT-000374;Layla Elidrissi;lucy.alaoui.kil46552@vg-eval.test;+212 633877115;MA;Oujda;2026-02-12T23:46:38Z;active;FALSE;;;MARRAKECH;
CT-000334;Rachid Haddad;peter.nkosi.mar334@vg-eval.test;+212 633586709;MA;Oujda;2026-02-02T05:10:49Z;active;0;;;MARRAKECH;
CT-000233;Fatima Bennani;johan.mokoena.mar233@vg-eval.test;+212 693010979;MA;Meknes;2026-02-12T18:32:52Z;active;1;;;MARRAKECH;
CT-000061;Fatima Tazi;dennis.kimani.mar61@vg-eval.test;+212 691928121;MA;Oujda;2026-03-05T00:34:25Z;active;false;;;MARRAKECH;
CT-000667;Fatima Bennani;grace.berrada.mar667@vg-eval.test;+212 646623932;MA;Agadir;2026-01-18T20:01:02Z;active;true;;;MARRAKECH;
CT-000916;Salma Haddad;rose.naidoo.kil12234@vg-eval.test;+212 648224840;MA;Meknes;2026-02-17T15:38:09Z;active;false;;;MARRAKECH;
CT-000566;Salma Tazi;karim.zahra.mar566@vg-eval.test;+212 671463959;MA;Marrakech;2026-01-06T13:05:02Z;active;0;;;MARRAKECH;
CT-000500;Layla Elidrissi;samuel.wanjiru.mar500@vg-eval.test;+212 684330143;MA;Agadir;2026-01-27T02:37:48Z;active;yes;;;MARRAKECH;
CT-000376;Omar Benali;fatima.barasa.mar376@vg-eval.test;+212 603325050;MA;Meknes;2026-02-26T10:13:31Z;active;yes;;;MARRAKECH;
CT-000078;Omar Haddad;paul.haddad.mar78@vg-eval.test;+212 660403525;MA;Tanger;2026-02-14T02:15:49Z;active;no;;;MARRAKECH;
CT-000089;Youssef Haddad;sarah.okoth.mar89@vg-eval.test;+212 608199596;MA;Agadir;2026-03-27T08:02:55Z;active;Y;;;MARRAKECH;
CT-000716;Salma Bennani;samuel.odhiambo.mar716@vg-eval.test;+212 621700734;MA;Tanger;2026-03-27T15:17:48Z;active;TRUE;;;MARRAKECH;
CT-000046;Fatima Bennani;layla.haddad.mar46@vg-eval.test;+212 682145798;MA;Agadir;2026-03-17T20:41:26Z;active;false;;;MARRAKECH;
CT-000716;Salma Bennani;samuel.odhiambo.mar716@vg-eval.test;+212 621700734;MA;Tanger;2026-03-27T15:17:48Z;active;TRUE;;;MARRAKECH;
CT-000528;Youssef Zahra;michael.kamau.mar528@vg-eval.test;+212 628022746;MA;Meknes;2026-03-01T15:47:52Z;active;yes;;;MARRAKECH;
CT-000835;Rachid Tazi;brian.cheruiyot.mar835@vg-eval.test;+212 670415720;MA;Oujda;2026-02-05T11:16:57Z;active;FALSE;;;MARRAKECH;
CT-000106;Salma Tazi;layla.barasa.kil39214@vg-eval.test;+212 647664092;MA;Tanger;2026-01-02T21:06:10Z;active;FALSE;;;MARRAKECH;
CT-000439;Youssef Elidrissi;grace.kimani.kil1425@vg-eval.test;+212 644993636;MA;Marrakech;2026-01-19T01:30:44Z;active;Y;;;MARRAKECH;
CT-000059;Fatima Benali;diana.alaoui.mar59@vg-eval.test;+212 697432654;MA;Meknes;2026-03-03T18:30:30Z;active;Y;;;MARRAKECH;
CT-000574;Omar Elidrissi;daniel.dlamini.mar574@vg-eval.test;+212 611764609;MA;Agadir;2026-02-15T08:48:10Z;active;no;;;MARRAKECH;
CT-000780;Youssef Zahra;george.okoth.kil66556@vg-eval.test;+212 615446866;MA;Rabat;2026-03-15T01:23:01Z;active;FALSE;;;MARRAKECH;
CT-000161;Layla Zahra;diana.alaoui.mar161@vg-eval.test;+212 679525781;MA;Casablanca;2026-04-06T01:35:27Z;active;0;;;MARRAKECH;
CT-000678;Salma Tazi;amina.okoth.mar678@vg-eval.test;+212 694229916;MA;Rabat;2026-03-04T23:46:46Z;active;TRUE;;;MARRAKECH;
CT-000486;Salma Benali;brian.cheruiyot.kil19121@vg-eval.test;+212 695041660;MA;Meknes;2026-01-23T10:03:59Z;active;FALSE;;;MARRAKECH;
CT-000585;Layla Benali;mercy.njenga.mar585@vg-eval.test;+212 631963808;MA;Marrakech;2026-02-28T13:29:26Z;active;true;;;MARRAKECH;
CT-000338;Rachid Bennani;peter.tazi.mar338@vg-eval.test;+212 616586521;MA;Casablanca;2026-03-14T01:02:24Z;active;true;;;MARRAKECH;
CT-000475;Rachid Zahra;nomsa.benali.kil74080@vg-eval.test;+212 623937674;MA;Oujda;2026-02-04T16:31:23Z;active;FALSE;;;MARRAKECH;
CT-000204;Youssef Haddad;fatima.haddad.mar204@vg-eval.test;+212 626957073;MA;Tanger;2026-03-17T11:49:25Z;active;0;;;MARRAKECH;
CT-000911;Youssef Tazi;alice.mwangi.mar911@vg-eval.test;+212 694607565;MA;Rabat;2026-01-04T07:02:01Z;active;no;;;MARRAKECH;
CT-000118;Omar Tazi;nancy.wafula.mar118@vg-eval.test;+212 689528962;MA;Fes;2026-01-07T15:05:12Z;active;false;;;MARRAKECH;
CT-000656;Youssef Zahra;james.naidoo.kil2473@vg-eval.test;+212 649669881;MA;Meknes;2026-01-20T05:39:45Z;active;yes;;;MARRAKECH;
CT-000710;Rachid Bennani;caroline.tazi.mar710@vg-eval.test;+212 609942637;MA;Marrakech;2026-01-30T01:58:18Z;active;1;;;MARRAKECH;
CT-000897;Omar Benali;john.njenga.mar897@vg-eval.test;+212 641889187;MA;Casablanca;2026-03-26T20:29:39Z;active;Y;;;MARRAKECH;
CT-000567;Rachid Elidrissi;FAITH.OKOTH.MAR567@VG-EVAL.TEST;+212 684694930;MA;Casablanca;2026-04-16T08:38:53Z;active;0;;;MARRAKECH;
CT-000498;Layla Bennani;david.kamau.mar498@vg-eval.test;+212 609081659;MA;Meknes;2026-03-15T20:51:11Z;active;f;;;MARRAKECH;
CT-000840;Youssef Tazi;omar.cheruiyot.kil52303@vg-eval.test;+212 638027112;MA;Meknes;2026-02-07T02:20:42Z;active;Y;;;MARRAKECH;
CT-000112;Layla Zahra;johan.kimani.mar112@vg-eval.test;+212 676190016;MA;Rabat;2026-02-08T18:33:22Z;active;f;;;MARRAKECH;
CT-000582;Omar Bennani;diana.mwangi.kil34816@vg-eval.test;+212 680117695;MA;Oujda;2026-02-15T20:26:17Z;active;yes;;;MARRAKECH;
CT-000755;Omar Elidrissi;amina.mokoena.mar755@vg-eval.test;+212 692413493;MA;Rabat;2026-03-15T18:36:00Z;active;1;;;MARRAKECH;
CT-000833;Salma Tazi;daniel.mwangi.kil40867@vg-eval.test;+212 612444373;MA;Rabat;2026-02-21T07:14:26Z;active;1;;;MARRAKECH;
CT-000852;Salma Bennani;pieter.naidoo.mar852@vg-eval.test;+212 634637949;MA;Casablanca;2026-01-14T13:56:51Z;active;false;;;MARRAKECH;
CT-000813;Rachid Elidrissi;esther.pretorius.mar813@vg-eval.test;+212 638428813;MA;Marrakech;2026-02-23T16:40:21Z;active;Y;;;MARRAKECH;
CT-000037;Salma Elidrissi;caroline.njenga.mar37@vg-eval.test;+212 616014777;MA;Tanger;2026-04-15T06:43:59Z;active;yes;;;MARRAKECH;
CT-000599;Youssef Haddad;grace.elidrissi.kil25997@vg-eval.test;+212 672647413;MA;Agadir;2026-03-15T02:54:51Z;active;Y;;;MARRAKECH;
CT-000727;Fatima Benali;pieter.njenga.mar727@vg-eval.test;+212 656329468;MA;Marrakech;2026-04-07T03:25:55Z;active;Y;;;MARRAKECH;
CT-000578;Rachid Elidrissi;rachid.bennani.mar578@vg-eval.test;+212 685741124;MA;Fes;2026-02-20T17:41:03Z;active;TRUE;;;MARRAKECH;
CT-000604;Omar Bennani;fatima.wafula.kil52551@vg-eval.test;+212 614041538;MA;Meknes;2026-01-20T15:25:19Z;active;1;;;MARRAKECH;
CT-000260;Rachid Tazi;simon.okoth.kil10703@vg-eval.test;+212 625121072;MA;Fes;2026-01-08T12:04:52Z;active;Y;;;MARRAKECH;
CT-000873;Salma Benali;rose.njenga.kil47063@vg-eval.test;+212 668852122;MA;Meknes;2026-01-27T22:58:23Z;active;1;;;MARRAKECH;
CT-000791;Layla Benali;peter.elidrissi.kil22199@vg-eval.test;+212 632696679;MA;Marrakech;2026-01-03T05:14:26Z;active;false;;;MARRAKECH;
CT-000553;Youssef Elidrissi;sarah.elidrissi.mar553@vg-eval.test;+212 668071779;MA;Casablanca;2026-02-12T19:09:48Z;active;0;;;MARRAKECH;
CT-000708;Rachid Benali;john.odhiambo.mar708@vg-eval.test;+212 639814981;MA;Marrakech;2026-03-14T10:19:30Z;active;yes;;;MARRAKECH;
CT-000563;Salma Bennani;salma.fassi.mar563@vg-eval.test;+212 639855847;MA;Oujda;2026-03-31T20:12:31Z;active;no;;;MARRAKECH;
CT-000380;Fatima Benali;simon.zahra.mar380@vg-eval.test;+212 638129271;MA;Fes;2026-02-16T22:01:29Z;active;true;;;MARRAKECH;
CT-000396;Fatima Tazi;george.mokoena.mar396@vg-eval.test;+212 642159625;MA;Rabat;2026-02-23T05:42:23Z;active;true;;;MARRAKECH;
CT-000198;Rachid Elidrissi;sarah.bennani.mar198@vg-eval.test;+212 639405787;MA;Meknes;2026-03-19T16:13:16Z;active;TRUE;;;MARRAKECH;
CT-000777;Rachid Elidrissi;fatima.njoroge.mar777@vg-eval.test;+212 641808282;MA;Tanger;2026-02-05T12:19:47Z;active;false;;;MARRAKECH;
CT-000741;Rachid Elidrissi;nancy.achieng.mar741@vg-eval.test;+212 682942795;MA;Tanger;2026-02-07T14:30:07Z;active;0;;;MARRAKECH;
CT-000072;Youssef Elidrissi;karim.haddad.mar72@vg-eval.test;+212 661181396;MA;Casablanca;2026-01-09T14:03:44Z;active;false;;;MARRAKECH;
CT-000102;Fatima Elidrissi;isaac.barasa.mar102@vg-eval.test;+212 637493654;MA;Marrakech;2026-04-13T14:12:22Z;active;f;;;MARRAKECH;
CT-000304;Youssef Benali;peter.alaoui.mar304@vg-eval.test;+212 636243729;MA;Marrakech;2026-01-11T04:29:08Z;active;0;;;MARRAKECH;
CT-000423;Rachid Zahra;nancy.wafula.mar423@vg-eval.test;+212 636408746;MA;Tanger;2026-04-01T15:00:09Z;active;Y;;;MARRAKECH;
CT-000377;Fatima Benali;ann.mwangi.mar377@vg-eval.test;+212 646933533;MA;Meknes;2026-01-17T06:17:12Z;active;FALSE;;;MARRAKECH;
CT-000254;Rachid Zahra;victor.njenga.mar254@vg-eval.test;+212 612974741;MA;Meknes;2026-03-14T21:27:55Z;active;f;;;MARRAKECH;
CT-000401;Youssef Zahra;rose.fassi.mar401@vg-eval.test;+212 606034706;MA;Meknes;2026-03-01T14:22:55Z;active;Y;;;MARRAKECH;
CT-000064;Fatima Haddad;rose.kiptoo.mar64@vg-eval.test;+212 605136309;MA;Meknes;2026-03-29T13:45:47Z;active;0;;;MARRAKECH;
CT-000411;Salma Haddad;layla.zahra.mar411@vg-eval.test;+212 679365687;MA;Oujda;2026-01-13T06:48:17Z;active;TRUE;;;MARRAKECH;
CT-000021;Omar Bennani;yassine.benali@vg-eval.test;+212 653646139;MA;Meknes;2026-03-28T06:48:09Z;active;FALSE;;;MARRAKECH;
CT-000137;Youssef Elidrissi;james.fassi.mar137@vg-eval.test;+212 677145167;MA;Oujda;2026-01-17T16:12:46Z;active;false;;;MARRAKECH;
CT-000804;Youssef Zahra;fatima.kiptoo.mar804@vg-eval.test;+212 607432623;MA;Rabat;2026-04-12T08:04:26Z;active;Y;;;MARRAKECH;
CT-000550;Salma Bennani;nancy.nkosi.mar550@vg-eval.test;+212 611457505;MA;Oujda;2026-01-20T06:30:19Z;active;false;;;MARRAKECH;
CT-000144;Fatima Tazi;brian.odhiambo.mar144@vg-eval.test;+212 615406789;MA;Casablanca;2026-04-12T06:25:46Z;active;yes;;;MARRAKECH;
CT-000086;Layla Benali;john.berrada.kil71355@vg-eval.test;+212 661883455;MA;Fes;2026-02-01T23:36:51Z;active;f;;;MARRAKECH;
CT-000126;Youssef Bennani;paul.kimani.mar126@vg-eval.test;+212 648720590;MA;Agadir;2026-01-23T00:05:54Z;active;Y;;;MARRAKECH;
CT-000336;Layla Zahra;sarah.kimani.mar336@vg-eval.test;+212 620456110;MA;Marrakech;2026-02-19T05:56:41Z;active;no;;;MARRAKECH;
CT-000273;Omar Benali;fatima.kimani.mar273@vg-eval.test;+212 605437293;MA;Meknes;2026-03-10T15:57:38Z;active;f;;;MARRAKECH;
CT-000575;Fatima Elidrissi;salma.tazi.mar575@vg-eval.test;+212 676225092;MA;Rabat;2026-01-05T09:01:58Z;active;FALSE;;;MARRAKECH;
CT-000026;Rachid Haddad;ann.wafula.mar26@vg-eval.test;+212 693507089;MA;Fes;2026-03-25T10:42:52Z;active;TRUE;;;MARRAKECH;
CT-000540;Fatima Benali;daniel.zahra.mar540@vg-eval.test;+212 688430653;MA;Marrakech;2026-04-12T00:15:25Z;active;yes;;;MARRAKECH;
CT-000191;Youssef Benali;joan.barasa.mar191@vg-eval.test;+212 616864375;MA;Marrakech;2026-01-30T04:39:42Z;active;no;;;MARRAKECH;
CT-000301;Omar Tazi;paul.bennani.mar301@vg-eval.test;+212 633574022;MA;Marrakech;2026-03-08T15:52:38Z;active;FALSE;;;MARRAKECH;
CT-000004;Omar Bennani;thandi.wanjiru.mar4@vg-eval.test;+212 683047727;MA;Oujda;2026-01-30T08:12:16Z;active;TRUE;;;MARRAKECH;
CT-000243;Rachid Zahra;nancy.odhiambo.kil16674@vg-eval.test;+212 641549523;MA;Casablanca;2026-04-09T07:40:51Z;active;yes;;;MARRAKECH;
CT-000378;Layla Tazi;simon.tazi.kil75255@vg-eval.test;+212 625560241;MA;Tanger;2026-03-08T11:24:36Z;active;TRUE;;;MARRAKECH;
CT-000527;Youssef Haddad;amina.vermeulen.kil11922@vg-eval.test;+212 673143535;MA;Fes;2026-01-19T23:30:43Z;active;0;;;MARRAKECH;
CT-000364;Salma Bennani;mercy.zahra.mar364@vg-eval.test;+212 651445478;MA;Rabat;2026-01-08T03:51:21Z;active;1;;;MARRAKECH;
CT-000806;Salma Haddad;sipho.nkosi.kil55989@vg-eval.test;+212 687577220;MA;Fes;2026-03-28T15:56:07Z;active;Y;;;MARRAKECH;
CT-000638;Rachid Haddad;rose.cheruiyot.mar638@vg-eval.test;+212 623574972;MA;Casablanca;2026-02-22T16:01:50Z;active;Y;;;MARRAKECH;
CT-000172;Youssef Zahra;simon.pretorius.mar172@vg-eval.test;+212 641046386;MA;Fes;2026-02-15T21:36:28Z;active;yes;;;MARRAKECH;
CT-000793;Youssef Tazi;sipho.odhiambo.mar793@vg-eval.test;+212 624307093;MA;Rabat;2026-02-04T20:07:11Z;active;no;;;MARRAKECH;
CT-000162;Omar Bennani;zanele.elidrissi.kil26503@vg-eval.test;+212 664678319;MA;Marrakech;2026-01-01T10:10:31Z;active;1;;;MARRAKECH;
CT-000817;Fatima Zahra;mercy.benali.kil62086@vg-eval.test;+212 670539622;MA;Rabat;2026-02-11T06:35:43Z;active;yes;;;MARRAKECH;
CT-000110;Salma Bennani;sipho.otieno.mar110@vg-eval.test;+212 666721496;MA;Oujda;2026-01-15T23:03:58Z;active;yes;;;MARRAKECH;
CT-000008;Youssef Benali;john.barasa.mar8@vg-eval.test;+212 661998993;MA;Marrakech;2026-02-19T16:00:56Z;active;f;;;MARRAKECH;
CT-000031;Salma Bennani;fatima.zahra@vg-eval.test;+212 605248324;MA;Rabat;2026-02-07T06:42:25Z;active;Y;;;MARRAKECH;
CT-000628;Salma Elidrissi;daniel.mutua.mar628@vg-eval.test;+212 629297647;MA;Marrakech;2026-01-24T00:31:48Z;active;0;;;MARRAKECH;
CT-000545;Layla Zahra;dennis.naidoo.mar545@vg-eval.test;+212 618991886;MA;Casablanca;2026-04-16T06:54:24Z;active;1;;;MARRAKECH;
CT-000654;Omar Benali;dennis.odhiambo.kil33828@vg-eval.test;+212 696313102;MA;Casablanca;2026-03-06T09:53:34Z;active;TRUE;;;MARRAKECH;
CT-000372;Rachid Zahra;ann.haddad.kil48825@vg-eval.test;+212 668737798;MA;Agadir;2026-01-21T02:10:18Z;active;f;;;MARRAKECH;
CT-000643;Rachid Elidrissi;salma.otieno.mar643@vg-eval.test;+212 674499065;MA;Meknes;2026-01-02T20:12:32Z;active;0;;;MARRAKECH;
CT-000747;Salma Haddad;caroline.haddad.kil55172@vg-eval.test;+212 632793065;MA;Marrakech;2026-03-29T01:49:15Z;active;0;;;MARRAKECH;
CT-000774;Salma Tazi;david.fassi.mar774@vg-eval.test;+212 632607329;MA;Meknes;2026-01-25T17:04:23Z;active;false;;;MARRAKECH;
CT-000397;Layla Zahra;brian.berrada.mar397@vg-eval.test;+212 674468292;MA;Oujda;2026-01-05T12:49:59Z;active;yes;;;MARRAKECH;
CT-000635;Omar Haddad;amina.kimani.kil36202@vg-eval.test;+212 646864575;MA;Meknes;2026-03-01T12:52:10Z;active;no;;;MARRAKECH;
CT-000070;Rachid Benali;fatima.njenga.mar70@vg-eval.test;+212 636096078;MA;Oujda;2026-02-18T16:09:58Z;active;FALSE;;;MARRAKECH;
CT-000063;Rachid Tazi;grace.odhiambo.mar63@vg-eval.test;+212 670181552;MA;Agadir;2026-03-25T21:54:34Z;active;false;;;MARRAKECH;
CT-000145;Fatima Tazi;george.tazi.mar145@vg-eval.test;+212 680599237;MA;Oujda;2026-02-14T20:52:40Z;active;true;;;MARRAKECH;
CT-000082;Fatima Tazi;fatima.vermeulen.mar82@vg-eval.test;+212 659855853;MA;Meknes;2026-03-30T06:45:34Z;active;Y;;;MARRAKECH;
CT-000881;Omar Bennani;samuel.okoth.kil53075@vg-eval.test;+212 648409326;MA;Oujda;2026-01-08T22:50:06Z;active;no;;;MARRAKECH;
CT-000534;Rachid Bennani;sarah.barasa.mar534@vg-eval.test;+212 636861650;MA;Meknes;2026-03-22T01:40:11Z;active;FALSE;;;MARRAKECH;
CT-000001;Layla Haddad;zanele.wafula.mar1@vg-eval.test;+212 642613427;MA;Marrakech;2026-02-10T18:04:25Z;active;Y;;;MARRAKECH;
CT-000393;Omar Tazi;victor.achieng.mar393@vg-eval.test;+212 692100298;MA;Rabat;2026-03-04T10:10:08Z;active;Y;;;MARRAKECH;
CT-000489;Layla Benali;pieter.otieno.mar489@vg-eval.test;+212 633906242;MA;Rabat;2026-04-06T04:50:15Z;active;yes;;;MARRAKECH;
CT-000866;Omar Benali;sarah.nkosi.mar866@vg-eval.test;+212 693662250;MA;Marrakech;2026-02-15T10:44:53Z;active;FALSE;;;MARRAKECH;
CT-000330;Fatima Elidrissi;peter.kiptoo.mar330@vg-eval.test;+212 662640399;MA;Casablanca;2026-02-23T06:59:01Z;active;yes;;;MARRAKECH;
CT-000173;Omar Tazi;sarah.kimani.mar173@vg-eval.test;+212 675631298;MA;Meknes;2026-03-05T02:05:07Z;active;TRUE;;;MARRAKECH;
CT-000453;Layla Bennani;yassine.achieng.kil1533@vg-eval.test;+212 612994283;MA;Agadir;2026-02-16T05:16:48Z;active;FALSE;;;MARRAKECH;
CT-000020;Youssef Bennani;nancy.pretorius.mar20@vg-eval.test;+212 658432368;MA;Rabat;2026-03-10T15:41:23Z;active;0;;;MARRAKECH;
CT-000577;Rachid Elidrissi;mercy.mutua.kil17828@vg-eval.test;+212 691429132;MA;Marrakech;2026-01-19T18:45:55Z;active;false;;;MARRAKECH;
CT-000450;Fatima Bennani;rachid.kiptoo.kil40880@vg-eval.test;+212 617476563;MA;Marrakech;2026-02-06T09:49:32Z;active;false;;;MARRAKECH;
CT-000639;Rachid Elidrissi;john.odhiambo.mar639@vg-eval.test;+212 684274980;MA;Meknes;2026-03-26T11:30:38Z;active;0;;;MARRAKECH;
CT-000558;Omar Bennani;simon.cheruiyot.mar558@vg-eval.test;+212 663896675;MA;Tanger;2026-04-12T20:21:09Z;active;true;;;MARRAKECH;
CT-000899;Rachid Haddad;simon.kimani.mar899@vg-eval.test;+212 675332305;MA;Tanger;2026-01-09T18:00:26Z;active;f;;;MARRAKECH;
CT-000740;Youssef Bennani;rachid.elidrissi.mar740@vg-eval.test;+212 601437052;MA;Agadir;2026-04-10T23:01:13Z;active;f;;;MARRAKECH;
CT-000199;Omar Benali;grace.kamau.mar199@vg-eval.test;+212 614094335;MA;Tanger;2026-02-14T10:45:52Z;active;0;;;MARRAKECH;
CT-000531;Fatima Zahra;michael.mokoena.mar531@vg-eval.test;+212 641805586;MA;Marrakech;2026-04-02T20:14:37Z;active;false;;;MARRAKECH;
CT-000482;Fatima Bennani;mary.okoth.mar482@vg-eval.test;+212 645936504;MA;Oujda;2026-04-04T11:02:15Z;active;no;;;MARRAKECH;
CT-000842;Omar Tazi;johan.barasa.mar842@vg-eval.test;+212 618356408;MA;Marrakech;2026-04-02T14:58:43Z;active;TRUE;;;MARRAKECH;
CT-000049;Layla Zahra;amina.dlamini.kil5874@vg-eval.test;+212 608186296;MA;Tanger;2026-02-17T05:46:49Z;active;TRUE;;;MARRAKECH;
CT-000586;Rachid Elidrissi;yassine.dlamini.mar586@vg-eval.test;+212 663973481;MA;Casablanca;2026-02-15T02:13:10Z;active;yes;;;MARRAKECH;
CT-000402;Rachid Benali;mary.njenga.mar402@vg-eval.test;+212 642873037;MA;Casablanca;2026-02-06T06:59:10Z;active;1;;;MARRAKECH;
CT-000147;Omar Tazi;michael.kiptoo.mar147@vg-eval.test;+212 686615870;MA;Rabat;2026-01-22T21:57:05Z;active;f;;;MARRAKECH;
CT-000419;Youssef Benali;yassine.otieno.kil14340@vg-eval.test;+212 644425869;MA;Rabat;2026-04-05T19:32:14Z;active;no;;;MARRAKECH;
CT-000135;Salma Zahra;diana.alaoui.kil57343@vg-eval.test;+212 614479152;MA;Meknes;2026-02-22T22:49:25Z;active;false;;;MARRAKECH;
CT-000383;Fatima Bennani;simon.odhiambo.mar383@vg-eval.test;+212 603800806;MA;Rabat;2026-01-12T02:51:10Z;active;FALSE;;;MARRAKECH;
CT-000526;Salma Tazi;thandi.tazi.mar526@vg-eval.test;+212 626214889;MA;Oujda;2026-01-10T17:30:32Z;active;1;;;MARRAKECH;
CT-000542;Youssef Haddad;john.pretorius.mar542@vg-eval.test;+212 646428120;MA;Oujda;2026-02-07T00:28:58Z;active;f;;;MARRAKECH;
CT-000050;Salma Haddad;joan.okoth.kil45505@vg-eval.test;+212 684737121;MA;Casablanca;2026-03-09T10:14:06Z;active;Y;;;MARRAKECH;
CT-000510;Salma Tazi;james.alaoui.mar510@vg-eval.test;+212 641670224;MA;Casablanca;2026-04-09T04:18:47Z;active;true;;;MARRAKECH;
CT-000844;Rachid Benali;ruth.vermeulen.kil7482@vg-eval.test;+212 648925650;MA;Fes;2026-02-05T23:30:03Z;active;1;;;MARRAKECH;
CT-000117;Salma Bennani;rachid.mwangi.mar117@vg-eval.test;+212 687935343;MA;Casablanca;2026-02-26T12:27:58Z;active;1;;;MARRAKECH;
CT-000142;Youssef Elidrissi;isaac.bennani.mar142@vg-eval.test;+212 637472921;MA;Marrakech;2026-01-16T06:10:14Z;active;false;;;MARRAKECH;
CT-000433;Rachid Tazi;michael.mutua.mar433@vg-eval.test;+212 661675173;MA;Oujda;2026-01-22T10:10:17Z;active;f;;;MARRAKECH;
CT-000865;Salma Benali;caroline.haddad.mar865@vg-eval.test;+212 657561830;MA;Rabat;2026-02-28T03:00:35Z;active;yes;;;MARRAKECH;
CT-000519;Salma Elidrissi;sipho.wafula.mar519@vg-eval.test;+212 667886244;MA;Rabat;2026-03-10T13:13:59Z;active;Y;;;MARRAKECH;
CT-000379;Youssef Elidrissi;zanele.berrada.mar379@vg-eval.test;+212 642221894;MA;Fes;2026-02-11T18:14:45Z;active;FALSE;;;MARRAKECH;
CT-000868;Layla Benali;kevin.otieno.mar868@vg-eval.test;+212 662204309;MA;Oujda;2026-01-07T01:38:38Z;active;Y;;;MARRAKECH;
CT-000491;Fatima Zahra;omar.barasa.mar491@vg-eval.test;+212 601476610;MA;Meknes;2026-02-28T02:07:15Z;active;FALSE;;;MARRAKECH;
CT-000483;Salma Benali;simon.vermeulen.mar483@vg-eval.test;+212 638372643;MA;Meknes;2026-03-28T03:34:40Z;active;Y;;;MARRAKECH;
CT-000312;Youssef Benali;james.haddad.kil56893@vg-eval.test;+212 680006056;MA;Meknes;2026-04-09T04:18:50Z;active;false;;;MARRAKECH;
CT-000100;Youssef Benali;sipho.njenga.mar100@vg-eval.test;+212 636072154;MA;Meknes;2026-03-05T05:52:15Z;active;Y;;;MARRAKECH;
CT-000597;Omar Benali;samuel.tazi.kil66601@vg-eval.test;+212 646641592;MA;Rabat;2026-02-09T10:52:01Z;active;yes;;;MARRAKECH;
CT-000257;Omar Benali;pieter.naidoo.kil28635@vg-eval.test;+212 652240013;MA;Meknes;2026-02-22T08:33:57Z;active;FALSE;;;MARRAKECH;
CT-000385;Rachid Tazi;nancy.vermeulen.kil58900@vg-eval.test;+212 664942256;MA;Rabat;2026-04-12T23:46:16Z;active;Y;;;MARRAKECH;
CT-984472;Caroline Zahra;z5641@vg-eval.test;0712000000;ZZ;City;2026-02-01;active;true
CT-000294;Layla Tazi;sarah.wanjiru.mar294@vg-eval.test;+212 688327671;MA;Tanger;2026-01-20T21:55:08Z;active;true;;;MARRAKECH;
CT-000174;Omar Haddad;simon.mwangi.mar174@vg-eval.test;+212 647367669;MA;Marrakech;2026-03-16T08:08:46Z;active;yes;;;MARRAKECH;
CT-000602;Fatima Bennani;yassine.berrada.mar602@vg-eval.test;+212 608695754;MA;Rabat;2026-03-12T00:59:10Z;active;Y;;;MARRAKECH;

CT-000141;Rachid Bennani;nancy.nkosi.mar141@vg-eval.test;+212 637660774;MA;Casablanca;2026-02-27T07:56:32Z;active;f;;;MARRAKECH;
CT-000539;Layla Bennani;simon.vermeulen.mar539@vg-eval.test;+212 621537206;MA;Tanger;2026-04-01T05:09:58Z;active;f;;;MARRAKECH;
CT-000862;Layla Elidrissi;esther.zahra.mar862@vg-eval.test;+212 665760039;MA;Marrakech;2026-03-18T09:37:33Z;active;no;;;MARRAKECH;
CT-000745;Youssef Benali;mary.naidoo.mar745@vg-eval.test;+212 678792904;MA;Tanger;2026-03-17T05:28:46Z;active;0;;;MARRAKECH;
CT-000015;Layla Bennani;brian.naidoo.kil28801@vg-eval.test;+212 686632925;MA;Casablanca;2026-01-16T03:54:58Z;active;1;;;MARRAKECH;
CT-000387;Layla Bennani;zanele.haddad.mar387@vg-eval.test;+212 688281044;MA;Oujda;2026-04-08T17:47:44Z;active;Y;;;MARRAKECH;
CT-000122;Youssef Bennani;thandi.elidrissi.mar122@vg-eval.test;+212 643345928;MA;Casablanca;2026-04-17T14:42:58Z;active;FALSE;;;MARRAKECH;
CT-000562;Salma Elidrissi;rachid.zahra.mar562@vg-eval.test;+212 667002991;MA;Rabat;2026-03-14T17:34:14Z;active;Y;;;MARRAKECH;
CT-000717;Layla Benali;nomsa.njenga.mar717@vg-eval.test;+212 660301849;MA;Marrakech;2026-02-03T18:15:36Z;active;yes;;;MARRAKECH;
CT-000410;Fatima Benali;pieter.wanjiru.mar410@vg-eval.test;+212 646323064;MA;Meknes;2026-03-29T22:12:01Z;active;f;;;MARRAKECH;
CT-000083;Fatima Bennani;joan.haddad.kil4115@vg-eval.test;+212 646016226;MA;Tanger;2026-03-19T08:30:01Z;active;false;;;MARRAKECH;
CT-000753;Fatima Zahra;michael.wanjiru.mar753@vg-eval.test;+212 697211839;MA;Meknes;2026-03-27T00:21:22Z;active;false;;;MARRAKECH;
CT-000636;Rachid Haddad;john.elidrissi.kil65552@vg-eval.test;+212 656873013;MA;Meknes;2026-02-11T11:10:31Z;active;f;;;MARRAKECH;
CT-000530;Layla Elidrissi;peter.tazi.kil48775@vg-eval.test;+212 622580946;MA;Rabat;2026-02-23T19:57:32Z;active;TRUE;;;MARRAKECH;
CT-000605;Youssef Bennani;dennis.zahra.mar605@vg-eval.test;+212 639330898;MA;Casablanca;2026-01-31T08:26:44Z;active;0;;;MARRAKECH;
CT-000192;Omar Benali;michael.odhiambo.mar192@vg-eval.test;+212 650590199;MA;Meknes;2026-04-09T08:55:14Z;active;f;;;MARRAKECH;
CT-000342;Salma Bennani;david.benali.kil46056@vg-eval.test;+212 669294923;MA;Meknes;2026-01-17T13:36:55Z;active;false;;;MARRAKECH;
CT-980786;Karim Njenga;w2221@vg-eval.test;0712000000;ZZ;City;2026-02-01
CT-000608;Omar Benali;caroline.kiptoo.kil13798@vg-eval.test;+212 619097129;MA;Agadir;2026-03-15T03:59:15Z;active;true;;;MARRAKECH;
CT-000809;Omar Benali;mary.elidrissi.kil64582@vg-eval.test;+212 691704608;MA;Marrakech;2026-02-12T02:29:43Z;active;f;;;MARRAKECH;
CT-000351;Fatima Zahra;rachid.dlamini.mar351@vg-eval.test;+212 658834511;MA;Casablanca;2026-04-03T06:39:56Z;active;no;;;MARRAKECH;
CT-000185;Fatima Haddad;rachid.elidrissi.mar185@vg-eval.test;+212 677781658;MA;Casablanca;2026-03-28T18:22:37Z;active;1;;;MARRAKECH;
CT-000079;Youssef Benali;ann.achieng.mar79@vg-eval.test;+212 687182405;MA;Agadir;2026-01-06T15:43:39Z;active;0;;;MARRAKECH;
CT-000799;Fatima Haddad;salma.okoth.kil45051@vg-eval.test;+212 677170668;MA;Oujda;2026-02-16T20:45:17Z;active;0;;;MARRAKECH;
CT-000149;Fatima Tazi;lucy.barasa.kil30664@vg-eval.test;+212 630600524;MA;Meknes;2026-01-06T03:26:30Z;active;0;;;MARRAKECH;
CT-000696;Omar Elidrissi;david.njenga.kil32519@vg-eval.test;+212 658037159;MA;Rabat;2026-01-19T12:37:10Z;active;yes;;;MARRAKECH;
CT-000901;Rachid Haddad;amina.wafula.mar901@vg-eval.test;+212 646829468;MA;Oujda;2026-01-31T21:11:49Z;active;0;;;MARRAKECH;
CT-000890;Youssef Benali;salma.nkosi.mar890@vg-eval.test;+212 699742066;MA;Oujda;2026-01-20T20:24:44Z;active;TRUE;;;MARRAKECH;
CT-000811;Salma Bennani;alice.bennani.mar811@vg-eval.test;+212 641648766;MA;Fes;2026-02-07T13:59:14Z;active;1;;;MARRAKECH;
CT-000390;Youssef Benali;yassine.zahra.mar390@vg-eval.test;+212 600415360;MA;Meknes;2026-04-13T15:05:07Z;active;yes;;;MARRAKECH;
CT-000210;Fatima Elidrissi;yassine.mwangi.kil46330@vg-eval.test;+212 680862349;MA;Marrakech;2026-03-27T23:28:13Z;active;f;;;MARRAKECH;
CT-000335;Omar Zahra;alice.otieno.mar335@vg-eval.test;+212 618247078;MA;Casablanca;2026-01-01T23:35:20Z;active;0;;;MARRAKECH;
CT-000538;Omar Benali;faith.wafula.mar538@vg-eval.test;+212 680181565;MA;Oujda;2026-01-03T19:40:56Z;active;false;;;MARRAKECH;
CT-000901;Rachid Haddad;amina.wafula.mar901@vg-eval.test;+212 646829468;MA;Oujda;2026-01-31T21:11:49Z;active;0;;;MARRAKECH;
CT-000850;Rachid Tazi;george.achieng.mar850@vg-eval.test;+212 662403911;MA;Marrakech;2026-01-19T12:44:47Z;active;Y;;;MARRAKECH;
CT-000622;Salma Elidrissi;isaac.mwangi.mar622@vg-eval.test;+212 654778025;MA;Oujda;2026-02-05T04:12:06Z;active;no;;;MARRAKECH;
CT-000508;Salma Bennani;lerato.njoroge.mar508@vg-eval.test;+212 617309296;MA;Rabat;2026-03-26T16:25:03Z;active;FALSE;;;MARRAKECH;
CT-000029;Rachid Zahra;sarah.kiptoo.mar29@vg-eval.test;+212 699010099;MA;Tanger;2026-02-07T22:40:58Z;active;Y;;;MARRAKECH;
CT-000006;Rachid Bennani;salma.barasa.mar6@vg-eval.test;+212 631168114;MA;Casablanca;2026-04-01T02:35:13Z;active;TRUE;;;MARRAKECH;
CT-000068;Omar Benali;brian.kamau.mar68@vg-eval.test;+212 656741863;MA;Oujda;2026-02-09T22:33:44Z;active;1;;;MARRAKECH;
CT-000281;Fatima Haddad;amina.njenga.mar281@vg-eval.test;+212 656925358;MA;Tanger;2026-01-18T23:59:46Z;active;1;;;MARRAKECH;
CT-000345;Omar Elidrissi;layla.mutua.kil1948@vg-eval.test;+212 606977944;MA;Rabat;2026-03-21T10:42:19Z;active;0;;;MARRAKECH;
CT-000355;Omar Zahra;rachid.elidrissi.mar355@vg-eval.test;+212 671218404;MA;Fes;2026-03-14T23:29:15Z;active;no;;;MARRAKECH;
CT-000311;Rachid Haddad;yassine.barasa.mar311@vg-eval.test;+212 601467482;MA;Marrakech;2026-04-07T20:03:43Z;active;true;;;MARRAKECH;
CT-000518;Youssef Zahra;caroline.otieno.mar518@vg-eval.test;+212 601068103;MA;Fes;2026-03-19T16:19:29Z;active;no;;;MARRAKECH;
CT-000730;Omar Tazi;nancy.nkosi.kil53914@vg-eval.test;+212 658406006;MA;Casablanca;2026-03-18T08:35:25Z;active;Y;;;MARRAKECH;
CT-000023;Youssef Tazi;john.vermeulen.mar23@vg-eval.test;+212 650256513;MA;Meknes;2026-03-09T18:11:46Z;active;FALSE;;;MARRAKECH;
CT-000712;Fatima Zahra;caroline.wafula.mar712@vg-eval.test;+212 690611535;MA;Fes;2026-03-24T19:32:28Z;active;0;;;MARRAKECH;
CT-000333;Rachid Zahra;sarah.wafula.kil74988@vg-eval.test;+212 659374320;MA;Fes;2026-01-09T13:34:01Z;active;1;;;MARRAKECH;
CT-000325;Salma Bennani;mary.fassi.mar325@vg-eval.test;+212 670862481;MA;Oujda;2026-03-17T03:45:06Z;active;Y;;;MARRAKECH;
CT-000282;Youssef Bennani;daniel.achieng.mar282@vg-eval.test;+212 677751594;MA;Casablanca;2026-01-16T13:03:37Z;active;FALSE;;;MARRAKECH;
CT-000764;Youssef Tazi;joan.njenga.mar764@vg-eval.test;+212 602898972;MA;Tanger;2026-03-14T05:41:34Z;active;Y;;;MARRAKECH;
CT-000758;Youssef Haddad;victor.mwangi.kil21491@vg-eval.test;+212 628749219;MA;Tanger;2026-01-22T15:53:04Z;active;Y;;;MARRAKECH;
CT-000239;Layla Tazi;sarah.bennani.mar239@vg-eval.test;+212 688875424;MA;Tanger;2026-03-09T02:03:28Z;active;FALSE;;;MARRAKECH;
CT-000786;Salma Elidrissi;lerato.cheruiyot.mar786@vg-eval.test;+212 604528798;MA;Oujda;2026-02-27T00:25:54Z;active;Y;;;MARRAKECH;
CT-000619;Layla Tazi;peter.bennani.mar619@vg-eval.test;+212 668113777;MA;Fes;2026-03-29T01:52:31Z;active;TRUE;;;MARRAKECH;
CT-000592;Rachid Haddad;thandi.okoth.mar592@vg-eval.test;+212 633650623;MA;Rabat;2026-03-28T10:32:48Z;active;Y;;;MARRAKECH;
CT-000039;Layla Elidrissi;zanele.kimani.mar39@vg-eval.test;+212 662807776;MA;Agadir;2026-01-03T10:59:27Z;active;0;;;MARRAKECH;
CT-000015;Layla Bennani;brian.naidoo.kil28801@vg-eval.test;+212 686632925;MA;Casablanca;2026-01-16T03:54:58Z;active;1;;;MARRAKECH;
CT-000429;Youssef Bennani;nancy.dlamini.mar429@vg-eval.test;+212 681505254;MA;Meknes;2026-02-26T12:38:44Z;active;false;;;MARRAKECH;
CT-000771;Youssef Tazi;kevin.vermeulen.mar771@vg-eval.test;+212 601104670;MA;Oujda;2026-01-25T11:53:20Z;active;true;;;MARRAKECH;
CT-000269;Fatima Tazi;john.njenga.kil38471@vg-eval.test;+212 695297863;MA;Oujda;2026-02-16T08:49:50Z;active;Y;;;MARRAKECH;
CT-000113;Fatima Tazi;karim.mokoena.mar113@vg-eval.test;+212 695294560;MA;Oujda;2026-03-24T22:37:59Z;active;FALSE;;;MARRAKECH;
CT-000128;Rachid Bennani;david.pretorius.mar128@vg-eval.test;+212 605948582;MA;Meknes;2026-01-30T07:12:39Z;active;yes;;;MARRAKECH;
CT-000206;Youssef Tazi;ann.dlamini.kil66484@vg-eval.test;+212 600561878;MA;Meknes;2026-02-04T12:01:32Z;active;f;;;MARRAKECH;
CT-000824;Omar Tazi;zanele.okoth.kil59150@vg-eval.test;+212 627908807;MA;Rabat;2026-02-19T07:27:38Z;active;f;;;MARRAKECH;
CT-000720;Fatima Bennani;simon.nkosi.kil50608@vg-eval.test;+212 699207345;MA;Marrakech;2026-01-09T20:01:46Z;active;yes;;;MARRAKECH;
CT-000893;Layla Bennani;michael.wafula.mar893@vg-eval.test;+212 643216141;MA;Meknes;2026-02-17T18:44:28Z;active;FALSE;;;MARRAKECH;
CT-000201;Youssef Elidrissi;nadia.haddad@vg-eval.test;+212 665575006;MA;Agadir;2026-02-07T22:34:37Z;active;f;;;MARRAKECH;
CT-000843;Layla Bennani;nancy.dlamini.mar843@vg-eval.test;+212 690282457;MA;Meknes;2026-03-17T02:30:31Z;active;TRUE;;;MARRAKECH;
CT-000193;Layla Bennani;esther.bennani.mar193@vg-eval.test;+212 683459219;MA;Tanger;2026-01-31T21:58:11Z;active;Y;;;MARRAKECH;
CT-000666;Omar Bennani;joan.zahra.mar666@vg-eval.test;+212 670312836;MA;Marrakech;2026-04-07T19:12:08Z;active;Y;;;MARRAKECH;
CT-000425;Salma Haddad;victor.odhiambo.mar425@vg-eval.test;+212 617529062;MA;Rabat;2026-03-27T06:52:30Z;active;no;;;MARRAKECH;
CT-000363;Omar Zahra;zanele.njoroge.mar363@vg-eval.test;+212 687322231;MA;Marrakech;2026-02-04T22:23:35Z;active;true;;;MARRAKECH;
CT-000058;Omar Bennani;ruth.naidoo.kil8385@vg-eval.test;+212 615498462;MA;Oujda;2026-02-27T21:47:27Z;active;false;;;MARRAKECH;
CT-000418;Layla Haddad;amina.mutua.kil37689@vg-eval.test;+212 671709372;MA;Fes;2026-02-10T11:21:44Z;active;FALSE;;;MARRAKECH;
CT-000071;Omar Haddad;lucy.dlamini.mar71@vg-eval.test;+212 673998240;MA;Rabat;2026-03-01T13:17:32Z;active;true;;;MARRAKECH;
CT-000403;Layla Benali;mary.nkosi.mar403@vg-eval.test;+212 619073102;MA;Fes;2026-04-09T23:33:38Z;active;f;;;MARRAKECH;
CT-000551;Fatima Bennani;simon.nkosi.mar551@vg-eval.test;+212 624683983;MA;Fes;2026-02-09T04:26:52Z;active;1;;;MARRAKECH;
CT-000186;Layla Zahra;rose.nkosi.mar186@vg-eval.test;+212 655446632;MA;Agadir;2026-01-11T18:07:45Z;active;false;;;MARRAKECH;
CT-000042;Salma Zahra;lerato.vermeulen.mar42@vg-eval.test;+212 614488862;MA;Tanger;2026-04-01T01:11:03Z;active;FALSE;;;MARRAKECH;
CT-000765;Fatima Elidrissi;yassine.benali.mar765@vg-eval.test;+212 616772431;MA;Rabat;2026-01-17T00:55:09Z;active;yes;;;MARRAKECH;
CT-000033;Salma Bennani;karim.wafula.mar33@vg-eval.test;+212 689665557;MA;Casablanca;2026-02-05T15:19:32Z;active;true;;;MARRAKECH;
CT-000694;Salma Benali;caroline.vermeulen.mar694@vg-eval.test;+212 689427207;MA;Casablanca;2026-02-17T15:23:38Z;active;1;;;MARRAKECH;
CT-000686;Rachid Zahra;michael.cheruiyot.mar686@vg-eval.test;+212 657336813;MA;Agadir;2026-02-11T07:31:01Z;active;yes;;;MARRAKECH;
CT-000521;Layla Haddad;diana.pretorius.mar521@vg-eval.test;+212 628186414;MA;Rabat;2026-01-02T11:05:55Z;active;1;;;MARRAKECH;
CT-000732;Omar Tazi;isaac.nkosi.kil36606@vg-eval.test;+212 688318490;MA;Oujda;2026-02-12T12:43:38Z;active;1;;;MARRAKECH;
CT-000261;Salma Zahra;rachid.mokoena.mar261@vg-eval.test;+212 667837657;MA;Rabat;2026-03-02T23:30:20Z;active;1;;;MARRAKECH;
CT-000699;Layla Zahra;salma.berrada.mar699@vg-eval.test;+212 696243237;MA;Casablanca;2026-01-08T21:40:47Z;active;TRUE;;;MARRAKECH;
CT-000895;Omar Tazi;samuel.vermeulen.kil73920@vg-eval.test;+212 679355387;MA;Rabat;2026-01-18T01:52:03Z;active;FALSE;;;MARRAKECH;
